"schema_version","dataset_fingerprint","assignment_id","reviewer_id","annotation_status","packet_order","evidence_id","display_order","candidate_id","formality_score","evidence_grounding_score","answerability_score","fea_total_score","aggregate_rank","packet_skipped","skip_reason","notes","started_at","completed_at","active_seconds","question","options","correct","answer","video_1_user","video_1_source","video_2_user","video_2_source"
"egolife_rlhf_packet_ranking_v4","dbea4d3c4ab21c99f39c","day5_7_full_100","HM","completed","1","EGOLIFE2U_RANDOM_PAIR_CLIP_PRUNED_DAY5_11073000_A1_A6_0-1","1","EGOLIFE2U_RANDOM_PAIR_CLIP_PRUNED_DAY5_11073000_A1_A6_0-1::candidate_03","2","3","2","7","3","false","","","2026-08-06T14:13:22.627Z","2026-08-06T14:26:03.825Z","3445","I was lying in bed using my laptop. What was the screen of the second laptop on the desk in the room with the large projector screen showing?","[""A download progress bar and a thank you message"",""A video streaming window"",""A spreadsheet with columns of data"",""A desktop background with several icons"",""A web browser with multiple open tabs""]","A","A download progress bar and a thank you message","Jake","https://huggingface.co/datasets/lmms-lab/EgoLife/resolve/main/A1_JAKE/DAY5/DAY5_A1_JAKE_11073000.mp4","Shure","https://huggingface.co/datasets/lmms-lab/EgoLife/resolve/main/A6_SHURE/DAY5/DAY5_A6_SHURE_11073000.mp4"
"egolife_rlhf_packet_ranking_v4","dbea4d3c4ab21c99f39c","day5_7_full_100","HM","completed","1","EGOLIFE2U_RANDOM_PAIR_CLIP_PRUNED_DAY5_11073000_A1_A6_0-1","2","EGOLIFE2U_RANDOM_PAIR_CLIP_PRUNED_DAY5_11073000_A1_A6_0-1::candidate_05","2","3","2","7","2","false","","","2026-08-06T14:13:22.627Z","2026-08-06T14:26:03.825Z","3445","While I was typing on my laptop in bed, I was wondering about the setup in the other room. Is the laptop on the desk in the room with the projector screen currently open and in use, or is it closed?","[""The laptop is closed and sitting on the desk."",""The laptop is open, displaying a screen, and someone is using the trackpad."",""The laptop is open but turned off with a black screen."",""The laptop is closed, but a tablet is open on the desk instead."",""There is no laptop on the desk in that room.""]","B","The laptop is open, displaying a screen, and someone is using the trackpad.","Jake","https://huggingface.co/datasets/lmms-lab/EgoLife/resolve/main/A1_JAKE/DAY5/DAY5_A1_JAKE_11073000.mp4","Shure","https://huggingface.co/datasets/lmms-lab/EgoLife/resolve/main/A6_SHURE/DAY5/DAY5_A6_SHURE_11073000.mp4"
"egolife_rlhf_packet_ranking_v4","dbea4d3c4ab21c99f39c","day5_7_full_100","HM","completed","1","EGOLIFE2U_RANDOM_PAIR_CLIP_PRUNED_DAY5_11073000_A1_A6_0-1","3","EGOLIFE2U_RANDOM_PAIR_CLIP_PRUNED_DAY5_11073000_A1_A6_0-1::candidate_02","2","3","2","7","4","false","","","2026-08-06T14:13:22.627Z","2026-08-06T14:26:03.825Z","3445","I was lying in bed using my laptop. What was the screen of the laptop on the desk in the room with the large projector screen showing?","[""A download progress bar and a thank you message"",""A video streaming window"",""A spreadsheet with columns of data"",""A desktop background with several icons"",""A web browser with multiple open tabs""]","A","A download progress bar and a thank you message","Jake","https://huggingface.co/datasets/lmms-lab/EgoLife/resolve/main/A1_JAKE/DAY5/DAY5_A1_JAKE_11073000.mp4","Shure","https://huggingface.co/datasets/lmms-lab/EgoLife/resolve/main/A6_SHURE/DAY5/DAY5_A6_SHURE_11073000.mp4"
"egolife_rlhf_packet_ranking_v4","dbea4d3c4ab21c99f39c","day5_7_full_100","HM","completed","1","EGOLIFE2U_RANDOM_PAIR_CLIP_PRUNED_DAY5_11073000_A1_A6_0-1","4","EGOLIFE2U_RANDOM_PAIR_CLIP_PRUNED_DAY5_11073000_A1_A6_0-1::candidate_06","3","3","2","8","1","false","","","2026-08-06T14:13:22.627Z","2026-08-06T14:26:03.825Z","3445","I'm working on my laptop in the bedroom, but I can't see the desk in the room with the big projector screen. Is the laptop sitting on that desk currently open with a screen display, or is it closed?","[""The laptop is closed and sitting on the desk."",""The laptop is open, displaying a screen, and someone is using the trackpad."",""The laptop is open but turned off with a black screen."",""The laptop is closed, but a tablet is open on the desk instead."",""There is no laptop on the desk in that room.""]","B","The laptop is open, displaying a screen, and someone is using the trackpad.","Jake","https://huggingface.co/datasets/lmms-lab/EgoLife/resolve/main/A1_JAKE/DAY5/DAY5_A1_JAKE_11073000.mp4","Shure","https://huggingface.co/datasets/lmms-lab/EgoLife/resolve/main/A6_SHURE/DAY5/DAY5_A6_SHURE_11073000.mp4"
"egolife_rlhf_packet_ranking_v4","dbea4d3c4ab21c99f39c","day5_7_full_100","HM","completed","1","EGOLIFE2U_RANDOM_PAIR_CLIP_PRUNED_DAY5_11073000_A1_A6_0-1","5","EGOLIFE2U_RANDOM_PAIR_CLIP_PRUNED_DAY5_11073000_A1_A6_0-1::candidate_04","2","1","2","5","6","false","","","2026-08-06T14:13:22.627Z","2026-08-06T14:26:03.825Z","3445","I was lying in bed working on my laptop, but I couldn't see the details of the room behind me. What was displayed on the screen of the laptop sitting on the desk in the room with the projector screen?","[""A download progress bar and a thank you message"",""A video streaming window"",""A spreadsheet with columns of data"",""A desktop background with several icons"",""A web browser with multiple open tabs""]","A","A download progress bar and a thank you message","Jake","https://huggingface.co/datasets/lmms-lab/EgoLife/resolve/main/A1_JAKE/DAY5/DAY5_A1_JAKE_11073000.mp4","Shure","https://huggingface.co/datasets/lmms-lab/EgoLife/resolve/main/A6_SHURE/DAY5/DAY5_A6_SHURE_11073000.mp4"
"egolife_rlhf_packet_ranking_v4","dbea4d3c4ab21c99f39c","day5_7_full_100","HM","completed","1","EGOLIFE2U_RANDOM_PAIR_CLIP_PRUNED_DAY5_11073000_A1_A6_0-1","6","EGOLIFE2U_RANDOM_PAIR_CLIP_PRUNED_DAY5_11073000_A1_A6_0-1::candidate_01","3","3","1","7","5","false","","","2026-08-06T14:13:22.627Z","2026-08-06T14:26:03.825Z","3445","I'm trying to remember what was sitting on the desk in the room with the big projector screen, specifically to the left of the laptop. Was there a soda can, a white bottle, a pair of glasses, a red object, or nothing there?","[""a soda can"",""a white bottle"",""a pair of glasses"",""a red object"",""nothing""]","B","a white bottle","Jake","https://huggingface.co/datasets/lmms-lab/EgoLife/resolve/main/A1_JAKE/DAY5/DAY5_A1_JAKE_11073000.mp4","Shure","https://huggingface.co/datasets/lmms-lab/EgoLife/resolve/main/A6_SHURE/DAY5/DAY5_A6_SHURE_11073000.mp4"
"egolife_rlhf_packet_ranking_v4","dbea4d3c4ab21c99f39c","day5_7_full_100","HM","completed","2","EGOLIFE2U_RANDOM_PAIR_CLIP_PRUNED_DAY5_11090000_A1_A6_0-1","1","EGOLIFE2U_RANDOM_PAIR_CLIP_PRUNED_DAY5_11090000_A1_A6_0-1::candidate_05","2","3","2","7","1","false","","","2026-08-06T14:26:13.434Z","2026-08-06T19:41:49.922Z","17194","I was using my laptop in bed and couldn't see what was on the other computer in the room with the projector screen. Could you tell me what was sitting directly to the left of that laptop on the desk?","[""A pair of eyeglasses and a white bottle with a red cap"",""A pair of white wireless headphones"",""A red beverage can and a bowl of food"",""A smartphone and a black notebook"",""A white mouse and a blue keyboard""]","A","A pair of eyeglasses and a white bottle with a red cap","Jake","https://huggingface.co/datasets/lmms-lab/EgoLife/resolve/main/A1_JAKE/DAY5/DAY5_A1_JAKE_11090000.mp4","Shure","https://huggingface.co/datasets/lmms-lab/EgoLife/resolve/main/A6_SHURE/DAY5/DAY5_A6_SHURE_11090000.mp4"
"egolife_rlhf_packet_ranking_v4","dbea4d3c4ab21c99f39c","day5_7_full_100","HM","completed","2","EGOLIFE2U_RANDOM_PAIR_CLIP_PRUNED_DAY5_11090000_A1_A6_0-1","2","EGOLIFE2U_RANDOM_PAIR_CLIP_PRUNED_DAY5_11090000_A1_A6_0-1::candidate_02","1","2","2","5","4","false","","","2026-08-06T14:26:13.434Z","2026-08-06T19:41:49.922Z","17194","I was just relaxing in bed with my laptop, but the screen was too dark to see what was on it. On the desk in the room with the projector screen, what was being displayed on the open laptop?","[""A blank desktop background"",""A spreadsheet application"",""A web browser interface"",""A video streaming service"",""A file explorer window""]","C","A web browser interface","Jake","https://huggingface.co/datasets/lmms-lab/EgoLife/resolve/main/A1_JAKE/DAY5/DAY5_A1_JAKE_11090000.mp4","Shure","https://huggingface.co/datasets/lmms-lab/EgoLife/resolve/main/A6_SHURE/DAY5/DAY5_A6_SHURE_11090000.mp4"
"egolife_rlhf_packet_ranking_v4","dbea4d3c4ab21c99f39c","day5_7_full_100","HM","completed","2","EGOLIFE2U_RANDOM_PAIR_CLIP_PRUNED_DAY5_11090000_A1_A6_0-1","3","EGOLIFE2U_RANDOM_PAIR_CLIP_PRUNED_DAY5_11090000_A1_A6_0-1::candidate_06","2","2","2","6","2","false","","","2026-08-06T14:26:13.434Z","2026-08-06T19:41:49.922Z","17194","I am lying in bed holding my laptop and looking toward the window, but I cannot see the workspace area. In the room with the projector screen, what items are sitting on the desk directly to the left of the laptop?","[""A pair of eyeglasses and a white bottle with a red cap"",""A pair of white wireless headphones and a smartphone"",""A red beverage can and a bowl of food"",""A white computer mouse and a blue notebook"",""A white mouse and a black keyboard""]","A","A pair of eyeglasses and a white bottle with a red cap","Jake","https://huggingface.co/datasets/lmms-lab/EgoLife/resolve/main/A1_JAKE/DAY5/DAY5_A1_JAKE_11090000.mp4","Shure","https://huggingface.co/datasets/lmms-lab/EgoLife/resolve/main/A6_SHURE/DAY5/DAY5_A6_SHURE_11090000.mp4"
"egolife_rlhf_packet_ranking_v4","dbea4d3c4ab21c99f39c","day5_7_full_100","HM","completed","2","EGOLIFE2U_RANDOM_PAIR_CLIP_PRUNED_DAY5_11090000_A1_A6_0-1","4","EGOLIFE2U_RANDOM_PAIR_CLIP_PRUNED_DAY5_11090000_A1_A6_0-1::candidate_01","1","2","2","5","4","false","","","2026-08-06T14:26:13.434Z","2026-08-06T19:41:49.922Z","17194","I was looking at my laptop while lying in bed, but the screen was too dark to see what was on it. What was being displayed on the laptop screen in the other room with the projector screen?","[""A blank desktop background"",""A spreadsheet application"",""A web browser interface"",""A video streaming service"",""A file explorer window""]","C","A web browser interface","Jake","https://huggingface.co/datasets/lmms-lab/EgoLife/resolve/main/A1_JAKE/DAY5/DAY5_A1_JAKE_11090000.mp4","Shure","https://huggingface.co/datasets/lmms-lab/EgoLife/resolve/main/A6_SHURE/DAY5/DAY5_A6_SHURE_11090000.mp4"
"egolife_rlhf_packet_ranking_v4","dbea4d3c4ab21c99f39c","day5_7_full_100","HM","completed","2","EGOLIFE2U_RANDOM_PAIR_CLIP_PRUNED_DAY5_11090000_A1_A6_0-1","5","EGOLIFE2U_RANDOM_PAIR_CLIP_PRUNED_DAY5_11090000_A1_A6_0-1::candidate_03","1","1","2","4","6","false","","","2026-08-06T14:26:13.434Z","2026-08-06T19:41:49.922Z","17194","I'm looking at the stickers on my laptop while lying in bed, but I can't see the whole thing clearly. What's the specific brand sticker on the laptop sitting on the desk in the room with the projector screen?","[""A sticker for a bubble tea shop"",""A sticker for a coffee chain"",""A sticker for a tech company"",""A sticker for a video game console"",""A sticker for a clothing brand""]","A","A sticker for a bubble tea shop","Jake","https://huggingface.co/datasets/lmms-lab/EgoLife/resolve/main/A1_JAKE/DAY5/DAY5_A1_JAKE_11090000.mp4","Shure","https://huggingface.co/datasets/lmms-lab/EgoLife/resolve/main/A6_SHURE/DAY5/DAY5_A6_SHURE_11090000.mp4"
"egolife_rlhf_packet_ranking_v4","dbea4d3c4ab21c99f39c","day5_7_full_100","HM","completed","2","EGOLIFE2U_RANDOM_PAIR_CLIP_PRUNED_DAY5_11090000_A1_A6_0-1","6","EGOLIFE2U_RANDOM_PAIR_CLIP_PRUNED_DAY5_11090000_A1_A6_0-1::candidate_04","1","2","2","5","3","false","","","2026-08-06T14:26:13.434Z","2026-08-06T19:41:49.922Z","17194","While I was lying on the bed looking at my laptop, the screen was just dark and I couldn't see the display. Could you tell me what was actually showing on the screen of the laptop sitting on the desk in the room with the projector screen?","[""A blank black screen with no content visible"",""A web browser displaying a page with text and images"",""A video player with a movie currently playing"",""A photo gallery showing a collection of pictures"",""The operating system desktop with just the background wallpaper""]","B","A web browser displaying a page with text and images","Jake","https://huggingface.co/datasets/lmms-lab/EgoLife/resolve/main/A1_JAKE/DAY5/DAY5_A1_JAKE_11090000.mp4","Shure","https://huggingface.co/datasets/lmms-lab/EgoLife/resolve/main/A6_SHURE/DAY5/DAY5_A6_SHURE_11090000.mp4"
"egolife_rlhf_packet_ranking_v4","dbea4d3c4ab21c99f39c","day5_7_full_100","HM","completed","3","EGOLIFE2U_RANDOM_PAIR_CLIP_PRUNED_DAY5_11093000_A1_A6_0-1","1","EGOLIFE2U_RANDOM_PAIR_CLIP_PRUNED_DAY5_11093000_A1_A6_0-1::candidate_05","1","1","1","3","6","false","","","2026-08-06T19:42:28.706Z","2026-08-06T19:52:04.957Z","533","I was lying in bed with a laptop and saw a bunch of clutter on the mattress near the wall, but the angle made it hard to tell what everything was. From your view at the desk, could you see that pile? What specific items were sitting on the bed right next to the white and blue boxes?","[""A pair of black-rimmed glasses and a large white bottle with a red cap"",""A grey messenger bag and a pair of black-rimmed glasses"",""A grey messenger bag and a large white bottle with a red cap"",""A grey messenger bag and a black laptop"",""A black laptop and a pair of black-rimmed glasses""]","B","A grey messenger bag and a pair of black-rimmed glasses","Jake","https://huggingface.co/datasets/lmms-lab/EgoLife/resolve/main/A1_JAKE/DAY5/DAY5_A1_JAKE_11093000.mp4","Shure","https://huggingface.co/datasets/lmms-lab/EgoLife/resolve/main/A6_SHURE/DAY5/DAY5_A6_SHURE_11093000.mp4"
"egolife_rlhf_packet_ranking_v4","dbea4d3c4ab21c99f39c","day5_7_full_100","HM","completed","3","EGOLIFE2U_RANDOM_PAIR_CLIP_PRUNED_DAY5_11093000_A1_A6_0-1","2","EGOLIFE2U_RANDOM_PAIR_CLIP_PRUNED_DAY5_11093000_A1_A6_0-1::candidate_03","3","1","2","6","2","false","","","2026-08-06T19:42:28.706Z","2026-08-06T19:52:04.957Z","533","I could see the desk with the orange mat and the white bottle from my bed, but I couldn't quite make out what else was sitting right next to the bottle. What item was lying on the mat beside it?","[""A pair of black-framed glasses"",""A white smartphone"",""A silver pen"",""A folded white piece of paper"",""A pair of wireless earbuds""]","A","A pair of black-framed glasses","Jake","https://huggingface.co/datasets/lmms-lab/EgoLife/resolve/main/A1_JAKE/DAY5/DAY5_A1_JAKE_11093000.mp4","Shure","https://huggingface.co/datasets/lmms-lab/EgoLife/resolve/main/A6_SHURE/DAY5/DAY5_A6_SHURE_11093000.mp4"
"egolife_rlhf_packet_ranking_v4","dbea4d3c4ab21c99f39c","day5_7_full_100","HM","completed","3","EGOLIFE2U_RANDOM_PAIR_CLIP_PRUNED_DAY5_11093000_A1_A6_0-1","3","EGOLIFE2U_RANDOM_PAIR_CLIP_PRUNED_DAY5_11093000_A1_A6_0-1::candidate_04","2","3","2","7","1","false","","","2026-08-06T19:42:28.706Z","2026-08-06T19:52:04.957Z","533","I saw a laptop screen in my bedroom, but I'm trying to remember where the other laptop was set up. Was it on the desk with the orange mat and the white bottle, or somewhere else?","[""On a desk with an orange mat and a white bottle"",""On a small white table near the doorway"",""On the floor next to the bed"",""On a chair in the corner of the room"",""On the windowsill near the curtains""]","A","On a desk with an orange mat and a white bottle","Jake","https://huggingface.co/datasets/lmms-lab/EgoLife/resolve/main/A1_JAKE/DAY5/DAY5_A1_JAKE_11093000.mp4","Shure","https://huggingface.co/datasets/lmms-lab/EgoLife/resolve/main/A6_SHURE/DAY5/DAY5_A6_SHURE_11093000.mp4"
"egolife_rlhf_packet_ranking_v4","dbea4d3c4ab21c99f39c","day5_7_full_100","HM","completed","3","EGOLIFE2U_RANDOM_PAIR_CLIP_PRUNED_DAY5_11093000_A1_A6_0-1","4","EGOLIFE2U_RANDOM_PAIR_CLIP_PRUNED_DAY5_11093000_A1_A6_0-1::candidate_02","2","1","2","5","3","false","","","2026-08-06T19:42:28.706Z","2026-08-06T19:52:04.957Z","533","I saw the laptop on the desk with the orange mat in the other room while I was lying on the bed. What white object was sitting right next to the laptop on that desk?","[""A white bottle with a red cap"",""A white ceramic mug"",""A pair of white wireless earbuds"",""A white smartphone"",""A white piece of paper""]","A","A white bottle with a red cap","Jake","https://huggingface.co/datasets/lmms-lab/EgoLife/resolve/main/A1_JAKE/DAY5/DAY5_A1_JAKE_11093000.mp4","Shure","https://huggingface.co/datasets/lmms-lab/EgoLife/resolve/main/A6_SHURE/DAY5/DAY5_A6_SHURE_11093000.mp4"
"egolife_rlhf_packet_ranking_v4","dbea4d3c4ab21c99f39c","day5_7_full_100","HM","completed","3","EGOLIFE2U_RANDOM_PAIR_CLIP_PRUNED_DAY5_11093000_A1_A6_0-1","5","EGOLIFE2U_RANDOM_PAIR_CLIP_PRUNED_DAY5_11093000_A1_A6_0-1::candidate_06","1","1","1","3","5","false","","","2026-08-06T19:42:28.706Z","2026-08-06T19:52:04.957Z","533","I was lying on the bed with my laptop and saw a desk nearby with a white bottle on it, but I couldn't tell exactly what brand it was from this angle. Looking at the desk from your perspective, what brand name is written on the label of that white bottle with the red cap?","[""A bottle with a label that says Nivea"",""A bottle with a label that says Vaseline"",""A bottle with a label that says Listerine"",""A bottle with a label that says Aquafresh"",""A bottle with a label that says Johnson's""]","C","A bottle with a label that says Listerine","Jake","https://huggingface.co/datasets/lmms-lab/EgoLife/resolve/main/A1_JAKE/DAY5/DAY5_A1_JAKE_11093000.mp4","Shure","https://huggingface.co/datasets/lmms-lab/EgoLife/resolve/main/A6_SHURE/DAY5/DAY5_A6_SHURE_11093000.mp4"
"egolife_rlhf_packet_ranking_v4","dbea4d3c4ab21c99f39c","day5_7_full_100","HM","completed","3","EGOLIFE2U_RANDOM_PAIR_CLIP_PRUNED_DAY5_11093000_A1_A6_0-1","6","EGOLIFE2U_RANDOM_PAIR_CLIP_PRUNED_DAY5_11093000_A1_A6_0-1::candidate_01","2","1","2","5","4","false","","","2026-08-06T19:42:28.706Z","2026-08-06T19:52:04.957Z","533","I saw a laptop being used on the desk in the other room while I was lying on the bed. Was that laptop sitting on a plain wooden surface or on a desk with an orange mat?","[""Sitting on a plain wooden surface"",""Sitting on a desk with an orange mat"",""Sitting on a glass table"",""Sitting on a white plastic tray"",""Sitting on a metal folding table""]","B","Sitting on a desk with an orange mat","Jake","https://huggingface.co/datasets/lmms-lab/EgoLife/resolve/main/A1_JAKE/DAY5/DAY5_A1_JAKE_11093000.mp4","Shure","https://huggingface.co/datasets/lmms-lab/EgoLife/resolve/main/A6_SHURE/DAY5/DAY5_A6_SHURE_11093000.mp4"
"egolife_rlhf_packet_ranking_v4","dbea4d3c4ab21c99f39c","day5_7_full_100","HM","completed","4","EGOLIFE2U_RANDOM_PAIR_CLIP_PRUNED_DAY5_11110000_A1_A6_0-1","1","EGOLIFE2U_RANDOM_PAIR_CLIP_PRUNED_DAY5_11110000_A1_A6_0-1::candidate_01","1","3","2","6","3","false","","","2026-08-06T19:42:59.482Z","2026-08-06T20:07:38.941Z","944","I was eating something while standing in the living room with the girl in the red pants. What was the person in the other room doing at the same time?","[""scrolling through a feed on a smartphone"",""typing on a laptop keyboard"",""watching a movie on the screen"",""drinking from a water bottle"",""cleaning a pair of glasses""]","A","scrolling through a feed on a smartphone","Jake","https://huggingface.co/datasets/lmms-lab/EgoLife/resolve/main/A1_JAKE/DAY5/DAY5_A1_JAKE_11110000.mp4","Shure","https://huggingface.co/datasets/lmms-lab/EgoLife/resolve/main/A6_SHURE/DAY5/DAY5_A6_SHURE_11110000.mp4"
"egolife_rlhf_packet_ranking_v4","dbea4d3c4ab21c99f39c","day5_7_full_100","HM","completed","4","EGOLIFE2U_RANDOM_PAIR_CLIP_PRUNED_DAY5_11110000_A1_A6_0-1","2","EGOLIFE2U_RANDOM_PAIR_CLIP_PRUNED_DAY5_11110000_A1_A6_0-1::candidate_06","2","1","1","4","6","false","","","2026-08-06T19:42:59.482Z","2026-08-06T20:07:38.941Z","944","I'm looking at the desk where I was sitting, and I see a white bottle with a red cap, a pair of glasses, and a laptop. Which of these items was also visible in the room where the person in red polka-dot pants was standing?","[""A white bottle with a red cap"",""A pair of glasses"",""A laptop"",""A whiteboard"",""A blue storage shelf""]","D","A whiteboard","Jake","https://huggingface.co/datasets/lmms-lab/EgoLife/resolve/main/A1_JAKE/DAY5/DAY5_A1_JAKE_11110000.mp4","Shure","https://huggingface.co/datasets/lmms-lab/EgoLife/resolve/main/A6_SHURE/DAY5/DAY5_A6_SHURE_11110000.mp4"
"egolife_rlhf_packet_ranking_v4","dbea4d3c4ab21c99f39c","day5_7_full_100","HM","completed","4","EGOLIFE2U_RANDOM_PAIR_CLIP_PRUNED_DAY5_11110000_A1_A6_0-1","3","EGOLIFE2U_RANDOM_PAIR_CLIP_PRUNED_DAY5_11110000_A1_A6_0-1::candidate_05","2","2","2","6","4","false","","","2026-08-06T19:42:59.482Z","2026-08-06T20:07:38.941Z","944","I was handing the small red object to the person in the red polka-dot pants standing in front of the projector screen. While I was doing that, what was the person sitting at the desk looking at?","[""A white bottle with a red cap on the desk"",""A laptop screen showing a document"",""A smartphone displaying a list of items"",""A pair of glasses resting on the desk"",""A white stool next to the desk""]","C","A smartphone displaying a list of items","Jake","https://huggingface.co/datasets/lmms-lab/EgoLife/resolve/main/A1_JAKE/DAY5/DAY5_A1_JAKE_11110000.mp4","Shure","https://huggingface.co/datasets/lmms-lab/EgoLife/resolve/main/A6_SHURE/DAY5/DAY5_A6_SHURE_11110000.mp4"
"egolife_rlhf_packet_ranking_v4","dbea4d3c4ab21c99f39c","day5_7_full_100","HM","completed","4","EGOLIFE2U_RANDOM_PAIR_CLIP_PRUNED_DAY5_11110000_A1_A6_0-1","4","EGOLIFE2U_RANDOM_PAIR_CLIP_PRUNED_DAY5_11110000_A1_A6_0-1::candidate_04","2","3","2","7","2","false","","","2026-08-06T19:42:59.482Z","2026-08-06T20:07:38.941Z","944","I was standing in the living room with the person in red polka-dot pants handing me a small red object. While I was holding that, what was the person sitting at the desk doing?","[""Scrolling through a list on a smartphone"",""Typing on the laptop keyboard"",""Reading a physical book"",""Drinking from a white bottle"",""Looking at a projector screen""]","A","Scrolling through a list on a smartphone","Jake","https://huggingface.co/datasets/lmms-lab/EgoLife/resolve/main/A1_JAKE/DAY5/DAY5_A1_JAKE_11110000.mp4","Shure","https://huggingface.co/datasets/lmms-lab/EgoLife/resolve/main/A6_SHURE/DAY5/DAY5_A6_SHURE_11110000.mp4"
"egolife_rlhf_packet_ranking_v4","dbea4d3c4ab21c99f39c","day5_7_full_100","HM","completed","4","EGOLIFE2U_RANDOM_PAIR_CLIP_PRUNED_DAY5_11110000_A1_A6_0-1","5","EGOLIFE2U_RANDOM_PAIR_CLIP_PRUNED_DAY5_11110000_A1_A6_0-1::candidate_02","2","1","2","5","5","false","","","2026-08-06T19:42:59.482Z","2026-08-06T20:07:38.941Z","944","I was sitting at my desk looking at my phone, but I couldn't see what was on the table right in front of me. What was the white bottle with a red cap sitting next to?","[""a pair of eyeglasses"",""a computer mouse"",""a black pen"",""a small notebook"",""a white mug""]","A","a pair of eyeglasses","Jake","https://huggingface.co/datasets/lmms-lab/EgoLife/resolve/main/A1_JAKE/DAY5/DAY5_A1_JAKE_11110000.mp4","Shure","https://huggingface.co/datasets/lmms-lab/EgoLife/resolve/main/A6_SHURE/DAY5/DAY5_A6_SHURE_11110000.mp4"
"egolife_rlhf_packet_ranking_v4","dbea4d3c4ab21c99f39c","day5_7_full_100","HM","completed","4","EGOLIFE2U_RANDOM_PAIR_CLIP_PRUNED_DAY5_11110000_A1_A6_0-1","6","EGOLIFE2U_RANDOM_PAIR_CLIP_PRUNED_DAY5_11110000_A1_A6_0-1::candidate_03","2","3","2","7","1","false","","","2026-08-06T19:42:59.482Z","2026-08-06T20:07:38.941Z","944","I was interacting with the girl in the living room, but I couldn't see what was on the desk in the other room. What was the white bottle with the red cap sitting next to?","[""a pair of eyeglasses"",""a computer mouse"",""a black pen"",""a small notebook"",""a white mug""]","A","a pair of eyeglasses","Jake","https://huggingface.co/datasets/lmms-lab/EgoLife/resolve/main/A1_JAKE/DAY5/DAY5_A1_JAKE_11110000.mp4","Shure","https://huggingface.co/datasets/lmms-lab/EgoLife/resolve/main/A6_SHURE/DAY5/DAY5_A6_SHURE_11110000.mp4"
"egolife_rlhf_packet_ranking_v4","dbea4d3c4ab21c99f39c","day5_7_full_100","HM","completed","5","EGOLIFE2U_RANDOM_PAIR_CLIP_PRUNED_DAY5_11120000_A1_A6_0-1","1","EGOLIFE2U_RANDOM_PAIR_CLIP_PRUNED_DAY5_11120000_A1_A6_0-1::candidate_02","1","3","2","6","1","false","","","2026-08-06T19:43:01.546Z","2026-08-06T20:18:10.479Z","608","I was in the living room looking around at the projector screen and the table, but I couldn't see the desk where you were working. What was the specific message or text displayed on your laptop screen?","[""A thank you for downloading confirmation"",""A web browser homepage with search bar"",""A spreadsheet with rows of data"",""A system update progress window"",""A video playback interface""]","A","A thank you for downloading confirmation","Jake","https://huggingface.co/datasets/lmms-lab/EgoLife/resolve/main/A1_JAKE/DAY5/DAY5_A1_JAKE_11120000.mp4","Shure","https://huggingface.co/datasets/lmms-lab/EgoLife/resolve/main/A6_SHURE/DAY5/DAY5_A6_SHURE_11120000.mp4"
"egolife_rlhf_packet_ranking_v4","dbea4d3c4ab21c99f39c","day5_7_full_100","HM","completed","5","EGOLIFE2U_RANDOM_PAIR_CLIP_PRUNED_DAY5_11120000_A1_A6_0-1","2","EGOLIFE2U_RANDOM_PAIR_CLIP_PRUNED_DAY5_11120000_A1_A6_0-1::candidate_06","2","1","2","5","3","false","","","2026-08-06T19:43:01.546Z","2026-08-06T20:18:10.479Z","608","I was walking around the living room with the white screen and saw a red soda can sitting on the desk. What message was displayed on the laptop screen right next to that can?","[""A video player interface"",""A thank you for downloading message"",""A social media news feed"",""A system update prompt"",""An email inbox view""]","B","A thank you for downloading message","Jake","https://huggingface.co/datasets/lmms-lab/EgoLife/resolve/main/A1_JAKE/DAY5/DAY5_A1_JAKE_11120000.mp4","Shure","https://huggingface.co/datasets/lmms-lab/EgoLife/resolve/main/A6_SHURE/DAY5/DAY5_A6_SHURE_11120000.mp4"
"egolife_rlhf_packet_ranking_v4","dbea4d3c4ab21c99f39c","day5_7_full_100","HM","completed","5","EGOLIFE2U_RANDOM_PAIR_CLIP_PRUNED_DAY5_11120000_A1_A6_0-1","3","EGOLIFE2U_RANDOM_PAIR_CLIP_PRUNED_DAY5_11120000_A1_A6_0-1::candidate_04","2","1","2","5","5","false","","","2026-08-06T19:43:01.546Z","2026-08-06T20:18:10.479Z","608","I was moving around the living room with the white screen, and I saw a red can sitting on the table with the flowers. What was the message on the laptop screen right next to it?","[""A video player interface"",""A thank you for downloading message"",""A social media news feed"",""A system update prompt"",""An email inbox view""]","B","A thank you for downloading message","Jake","https://huggingface.co/datasets/lmms-lab/EgoLife/resolve/main/A1_JAKE/DAY5/DAY5_A1_JAKE_11120000.mp4","Shure","https://huggingface.co/datasets/lmms-lab/EgoLife/resolve/main/A6_SHURE/DAY5/DAY5_A6_SHURE_11120000.mp4"
"egolife_rlhf_packet_ranking_v4","dbea4d3c4ab21c99f39c","day5_7_full_100","HM","completed","5","EGOLIFE2U_RANDOM_PAIR_CLIP_PRUNED_DAY5_11120000_A1_A6_0-1","4","EGOLIFE2U_RANDOM_PAIR_CLIP_PRUNED_DAY5_11120000_A1_A6_0-1::candidate_01","1","2","2","5","2","false","","","2026-08-06T19:43:01.546Z","2026-08-06T20:18:10.479Z","608","I was looking around the room with the projector screen and the table full of flowers, and I noticed you were sitting at a desk nearby. What was displayed on the laptop screen in front of you?","[""A video playback interface"",""A thank you for downloading page"",""A list of system settings"",""A web browser with multiple tabs"",""A photo gallery application""]","B","A thank you for downloading page","Jake","https://huggingface.co/datasets/lmms-lab/EgoLife/resolve/main/A1_JAKE/DAY5/DAY5_A1_JAKE_11120000.mp4","Shure","https://huggingface.co/datasets/lmms-lab/EgoLife/resolve/main/A6_SHURE/DAY5/DAY5_A6_SHURE_11120000.mp4"
"egolife_rlhf_packet_ranking_v4","dbea4d3c4ab21c99f39c","day5_7_full_100","HM","completed","5","EGOLIFE2U_RANDOM_PAIR_CLIP_PRUNED_DAY5_11120000_A1_A6_0-1","5","EGOLIFE2U_RANDOM_PAIR_CLIP_PRUNED_DAY5_11120000_A1_A6_0-1::candidate_05","2","1","2","5","3","false","","","2026-08-06T19:43:01.546Z","2026-08-06T20:18:10.479Z","608","I was walking around the living room with the white screen and saw a red soda can sitting on the desk. What message was displayed on the laptop screen right next to that can?","[""A video player interface"",""A thank you for downloading message"",""A social media news feed"",""A system update prompt"",""An email inbox view""]","B","A thank you for downloading message","Jake","https://huggingface.co/datasets/lmms-lab/EgoLife/resolve/main/A1_JAKE/DAY5/DAY5_A1_JAKE_11120000.mp4","Shure","https://huggingface.co/datasets/lmms-lab/EgoLife/resolve/main/A6_SHURE/DAY5/DAY5_A6_SHURE_11120000.mp4"
"egolife_rlhf_packet_ranking_v4","dbea4d3c4ab21c99f39c","day5_7_full_100","HM","completed","5","EGOLIFE2U_RANDOM_PAIR_CLIP_PRUNED_DAY5_11120000_A1_A6_0-1","6","EGOLIFE2U_RANDOM_PAIR_CLIP_PRUNED_DAY5_11120000_A1_A6_0-1::candidate_03","3","1","1","5","6","false","","","2026-08-06T19:43:01.546Z","2026-08-06T20:18:10.479Z","608","I saw a white bottle with a red cap sitting on the desk near the laptop, but I couldn't see the whole label. What was the brand name written on that bottle?","[""It said \""Nivea\"" on the front"",""It said \""Dettol\"" on the front"",""It said \""Colgate\"" on the front"",""It said \""Vaseline\"" on the front"",""It said \""Lifebuoy\"" on the front""]","B","It said ""Dettol"" on the front","Jake","https://huggingface.co/datasets/lmms-lab/EgoLife/resolve/main/A1_JAKE/DAY5/DAY5_A1_JAKE_11120000.mp4","Shure","https://huggingface.co/datasets/lmms-lab/EgoLife/resolve/main/A6_SHURE/DAY5/DAY5_A6_SHURE_11120000.mp4"
"egolife_rlhf_packet_ranking_v4","dbea4d3c4ab21c99f39c","day5_7_full_100","HM","completed","6","EGOLIFE2U_RANDOM_PAIR_CLIP_PRUNED_DAY5_11133000_A1_A6_0-1","1","EGOLIFE2U_RANDOM_PAIR_CLIP_PRUNED_DAY5_11133000_A1_A6_0-1::candidate_05","3","1","1","5","2","false","","","2026-08-06T19:43:02.258Z","2026-08-06T20:35:08.716Z","1016","I was heading toward the hallway and saw the staircase going up, but I couldn't see the bottom clearly. Was there anything sitting on the floor at the base of those stairs?","[""A cardboard box was sitting on the floor"",""A pair of shoes was lined up by the door"",""The floor was completely empty"",""A pile of books was stacked against the wall"",""A plastic bag was on the ground""]","A","A cardboard box was sitting on the floor","Jake","https://huggingface.co/datasets/lmms-lab/EgoLife/resolve/main/A1_JAKE/DAY5/DAY5_A1_JAKE_11133000.mp4","Shure","https://huggingface.co/datasets/lmms-lab/EgoLife/resolve/main/A6_SHURE/DAY5/DAY5_A6_SHURE_11133000.mp4"
"egolife_rlhf_packet_ranking_v4","dbea4d3c4ab21c99f39c","day5_7_full_100","HM","completed","6","EGOLIFE2U_RANDOM_PAIR_CLIP_PRUNED_DAY5_11133000_A1_A6_0-1","2","EGOLIFE2U_RANDOM_PAIR_CLIP_PRUNED_DAY5_11133000_A1_A6_0-1::candidate_06","1","1","1","3","6","false","","","2026-08-06T19:43:02.258Z","2026-08-06T20:35:08.716Z","1016","I saw a person walking around the living room area with the projector screen. What color pants were they wearing?","[""Bright pink patterned pants"",""Solid black sweatpants"",""Light blue denim jeans"",""Beige chinos"",""Dark grey athletic pants""]","A","Bright pink patterned pants","Jake","https://huggingface.co/datasets/lmms-lab/EgoLife/resolve/main/A1_JAKE/DAY5/DAY5_A1_JAKE_11133000.mp4","Shure","https://huggingface.co/datasets/lmms-lab/EgoLife/resolve/main/A6_SHURE/DAY5/DAY5_A6_SHURE_11133000.mp4"
"egolife_rlhf_packet_ranking_v4","dbea4d3c4ab21c99f39c","day5_7_full_100","HM","completed","6","EGOLIFE2U_RANDOM_PAIR_CLIP_PRUNED_DAY5_11133000_A1_A6_0-1","3","EGOLIFE2U_RANDOM_PAIR_CLIP_PRUNED_DAY5_11133000_A1_A6_0-1::candidate_01","1","1","1","3","5","false","","","2026-08-06T19:43:02.258Z","2026-08-06T20:35:08.716Z","1016","I was looking at my messy bed with the laptop and the black bag, and then I saw someone in a white top moving around the room with the whiteboard. When I got a look at the room with the big projector screen and the wooden desk, what color pants was that person wearing?","[""Red pants with white polka dots"",""Black athletic leggings"",""Dark blue jeans"",""Beige cargo pants"",""White sweatpants""]","A","Red pants with white polka dots","Jake","https://huggingface.co/datasets/lmms-lab/EgoLife/resolve/main/A1_JAKE/DAY5/DAY5_A1_JAKE_11133000.mp4","Shure","https://huggingface.co/datasets/lmms-lab/EgoLife/resolve/main/A6_SHURE/DAY5/DAY5_A6_SHURE_11133000.mp4"
"egolife_rlhf_packet_ranking_v4","dbea4d3c4ab21c99f39c","day5_7_full_100","HM","completed","6","EGOLIFE2U_RANDOM_PAIR_CLIP_PRUNED_DAY5_11133000_A1_A6_0-1","4","EGOLIFE2U_RANDOM_PAIR_CLIP_PRUNED_DAY5_11133000_A1_A6_0-1::candidate_03","2","1","1","4","3","false","","","2026-08-06T19:43:02.258Z","2026-08-06T20:35:08.716Z","1016","I was in the bedroom with the white futon and laptop, and then I saw someone moving in the room with the whiteboard. When I looked over at the room with the projector screen and wooden desk, what color pants was that person wearing?","[""Red pants with white polka dots"",""Black athletic leggings"",""Dark blue jeans"",""Beige cargo pants"",""White sweatpants""]","A","Red pants with white polka dots","Jake","https://huggingface.co/datasets/lmms-lab/EgoLife/resolve/main/A1_JAKE/DAY5/DAY5_A1_JAKE_11133000.mp4","Shure","https://huggingface.co/datasets/lmms-lab/EgoLife/resolve/main/A6_SHURE/DAY5/DAY5_A6_SHURE_11133000.mp4"
"egolife_rlhf_packet_ranking_v4","dbea4d3c4ab21c99f39c","day5_7_full_100","HM","completed","6","EGOLIFE2U_RANDOM_PAIR_CLIP_PRUNED_DAY5_11133000_A1_A6_0-1","5","EGOLIFE2U_RANDOM_PAIR_CLIP_PRUNED_DAY5_11133000_A1_A6_0-1::candidate_04","2","3","2","7","1","false","","","2026-08-06T19:43:02.258Z","2026-08-06T20:35:08.716Z","1016","I was hanging out in the bedroom with the white sofa bed and then headed toward the hallway, but I couldn't really see what was happening in the living room with the projector screen. Did anyone happen to walk through that living room area while I was upstairs?","[""A person wearing a black t-shirt and red patterned pants walked across the room"",""A person in a white shirt was sitting at the desk"",""No one was in the living room at all"",""A person in a blue dress walked past the window"",""Someone was standing by the kitchen counter""]","A","A person wearing a black t-shirt and red patterned pants walked across the room","Jake","https://huggingface.co/datasets/lmms-lab/EgoLife/resolve/main/A1_JAKE/DAY5/DAY5_A1_JAKE_11133000.mp4","Shure","https://huggingface.co/datasets/lmms-lab/EgoLife/resolve/main/A6_SHURE/DAY5/DAY5_A6_SHURE_11133000.mp4"
"egolife_rlhf_packet_ranking_v4","dbea4d3c4ab21c99f39c","day5_7_full_100","HM","completed","6","EGOLIFE2U_RANDOM_PAIR_CLIP_PRUNED_DAY5_11133000_A1_A6_0-1","6","EGOLIFE2U_RANDOM_PAIR_CLIP_PRUNED_DAY5_11133000_A1_A6_0-1::candidate_02","1","1","2","4","3","false","","","2026-08-06T19:43:02.258Z","2026-08-06T20:35:08.716Z","1016","I was in my bedroom with the white futon and laptop, and then I saw someone moving in the room with the whiteboard. When I looked over at the other room with the projector screen and wooden desk, what color pants was that person wearing?","[""Red pants with white polka dots"",""Black athletic leggings"",""Dark blue jeans"",""Beige cargo pants"",""White sweatpants""]","A","Red pants with white polka dots","Jake","https://huggingface.co/datasets/lmms-lab/EgoLife/resolve/main/A1_JAKE/DAY5/DAY5_A1_JAKE_11133000.mp4","Shure","https://huggingface.co/datasets/lmms-lab/EgoLife/resolve/main/A6_SHURE/DAY5/DAY5_A6_SHURE_11133000.mp4"
"egolife_rlhf_packet_ranking_v4","dbea4d3c4ab21c99f39c","day5_7_full_100","HM","completed","7","EGOLIFE2U_RANDOM_PAIR_CLIP_PRUNED_DAY5_11140000_A1_A6_0-1","1","EGOLIFE2U_RANDOM_PAIR_CLIP_PRUNED_DAY5_11140000_A1_A6_0-1::candidate_04","2","1","1","4","6","false","","","2026-08-06T19:43:02.661Z","2026-08-06T20:50:09.428Z","909","I was sitting on the floor in the room with the big projector screen and whiteboard. While I was there, the person in the orange shirt walked past. Which room did they enter?","[""The room with the checkered mat on the wall and a small wooden table"",""The room with the red door and a table covered in a checkered tablecloth"",""The room with the white bed and a laptop sitting on it"",""The room with the green shelving unit and a large potted plant"",""The room with the whiteboard easel and the wicker bean bag chairs""]","C","The room with the white bed and a laptop sitting on it","Jake","https://huggingface.co/datasets/lmms-lab/EgoLife/resolve/main/A1_JAKE/DAY5/DAY5_A1_JAKE_11140000.mp4","Shure","https://huggingface.co/datasets/lmms-lab/EgoLife/resolve/main/A6_SHURE/DAY5/DAY5_A6_SHURE_11140000.mp4"
"egolife_rlhf_packet_ranking_v4","dbea4d3c4ab21c99f39c","day5_7_full_100","HM","completed","7","EGOLIFE2U_RANDOM_PAIR_CLIP_PRUNED_DAY5_11140000_A1_A6_0-1","2","EGOLIFE2U_RANDOM_PAIR_CLIP_PRUNED_DAY5_11140000_A1_A6_0-1::candidate_01","3","2","1","6","1","false","","","2026-08-06T19:43:02.661Z","2026-08-06T20:50:09.428Z","909","I was looking at the whiteboard with the drawings on it in the room with the large projection screen, but I couldn't see the wall behind it from my angle. What was hanging on the wall directly above the whiteboard?","[""A framed picture of a dog"",""A framed picture of a cat"",""A long framed collage of various cat faces"",""A single large poster of a cat"",""An air conditioning unit""]","C","A long framed collage of various cat faces","Jake","https://huggingface.co/datasets/lmms-lab/EgoLife/resolve/main/A1_JAKE/DAY5/DAY5_A1_JAKE_11140000.mp4","Shure","https://huggingface.co/datasets/lmms-lab/EgoLife/resolve/main/A6_SHURE/DAY5/DAY5_A6_SHURE_11140000.mp4"
"egolife_rlhf_packet_ranking_v4","dbea4d3c4ab21c99f39c","day5_7_full_100","HM","completed","7","EGOLIFE2U_RANDOM_PAIR_CLIP_PRUNED_DAY5_11140000_A1_A6_0-1","3","EGOLIFE2U_RANDOM_PAIR_CLIP_PRUNED_DAY5_11140000_A1_A6_0-1::candidate_06","3","1","1","5","2","false","","","2026-08-06T19:43:02.661Z","2026-08-06T20:50:09.428Z","909","I was sitting on the floor in the room with the projector screen and whiteboard. I noticed the person in the orange shirt moving around, but I couldn't see where they ended up. Did they eventually sit down in that same room?","[""Yes, they were sitting on a small wooden bench next to the projector screen"",""Yes, they were standing near the table with the checkered tablecloth"",""No, they were standing in the hallway near the bedroom door"",""No, they had left the apartment entirely"",""Yes, they were sitting on the floor in the living room""]","A","Yes, they were sitting on a small wooden bench next to the projector screen","Jake","https://huggingface.co/datasets/lmms-lab/EgoLife/resolve/main/A1_JAKE/DAY5/DAY5_A1_JAKE_11140000.mp4","Shure","https://huggingface.co/datasets/lmms-lab/EgoLife/resolve/main/A6_SHURE/DAY5/DAY5_A6_SHURE_11140000.mp4"
"egolife_rlhf_packet_ranking_v4","dbea4d3c4ab21c99f39c","day5_7_full_100","HM","completed","7","EGOLIFE2U_RANDOM_PAIR_CLIP_PRUNED_DAY5_11140000_A1_A6_0-1","4","EGOLIFE2U_RANDOM_PAIR_CLIP_PRUNED_DAY5_11140000_A1_A6_0-1::candidate_02","2","1","1","4","4","false","","","2026-08-06T19:43:02.661Z","2026-08-06T20:50:09.428Z","909","I was looking for that long, rectangular picture frame with the grid of cat faces on it. I could see it clearly on the wall above the whiteboard, but I couldn't see what was on the wall right next to it. What was the large white unit mounted on the wall directly to the right of the cat picture?","[""A large projection screen"",""An air conditioning unit"",""A wall-mounted television"",""A decorative shelf"",""A framed landscape painting""]","B","An air conditioning unit","Jake","https://huggingface.co/datasets/lmms-lab/EgoLife/resolve/main/A1_JAKE/DAY5/DAY5_A1_JAKE_11140000.mp4","Shure","https://huggingface.co/datasets/lmms-lab/EgoLife/resolve/main/A6_SHURE/DAY5/DAY5_A6_SHURE_11140000.mp4"
"egolife_rlhf_packet_ranking_v4","dbea4d3c4ab21c99f39c","day5_7_full_100","HM","completed","7","EGOLIFE2U_RANDOM_PAIR_CLIP_PRUNED_DAY5_11140000_A1_A6_0-1","5","EGOLIFE2U_RANDOM_PAIR_CLIP_PRUNED_DAY5_11140000_A1_A6_0-1::candidate_03","2","1","1","4","5","false","","","2026-08-06T19:43:02.661Z","2026-08-06T20:50:09.428Z","909","I noticed the person in the orange shirt standing in the hallway near the bedroom door in my view, but they weren't in the living room area where I was sitting. Where did that person end up going?","[""They sat down on a bench next to the projection screen"",""They walked into the kitchen to prepare food"",""They went to the balcony outside the sliding door"",""They sat on the bed in the bedroom"",""They moved to the chair by the whiteboard""]","A","They sat down on a bench next to the projection screen","Jake","https://huggingface.co/datasets/lmms-lab/EgoLife/resolve/main/A1_JAKE/DAY5/DAY5_A1_JAKE_11140000.mp4","Shure","https://huggingface.co/datasets/lmms-lab/EgoLife/resolve/main/A6_SHURE/DAY5/DAY5_A6_SHURE_11140000.mp4"
"egolife_rlhf_packet_ranking_v4","dbea4d3c4ab21c99f39c","day5_7_full_100","HM","completed","7","EGOLIFE2U_RANDOM_PAIR_CLIP_PRUNED_DAY5_11140000_A1_A6_0-1","6","EGOLIFE2U_RANDOM_PAIR_CLIP_PRUNED_DAY5_11140000_A1_A6_0-1::candidate_05","3","1","1","5","3","false","","","2026-08-06T19:43:02.661Z","2026-08-06T20:50:09.428Z","909","I was sitting on the floor in the room with the projector screen while using my phone. I noticed the person in the orange shirt walking around, but I couldn't see into the other rooms clearly. Did they end up sitting down in the room with the whiteboard easel and wicker bean bags?","[""Yes, they were sitting on a small wooden bench next to the projector screen"",""Yes, they were standing near the table with the checkered tablecloth"",""No, they were standing in the hallway near the bedroom door"",""No, they had left the apartment entirely"",""Yes, they were sitting on the floor in the living room""]","A","Yes, they were sitting on a small wooden bench next to the projector screen","Jake","https://huggingface.co/datasets/lmms-lab/EgoLife/resolve/main/A1_JAKE/DAY5/DAY5_A1_JAKE_11140000.mp4","Shure","https://huggingface.co/datasets/lmms-lab/EgoLife/resolve/main/A6_SHURE/DAY5/DAY5_A6_SHURE_11140000.mp4"
"egolife_rlhf_packet_ranking_v4","dbea4d3c4ab21c99f39c","day5_7_full_100","HM","completed","8","EGOLIFE2U_RANDOM_PAIR_CLIP_PRUNED_DAY5_11153000_A1_A6_0-1","1","EGOLIFE2U_RANDOM_PAIR_CLIP_PRUNED_DAY5_11153000_A1_A6_0-1::candidate_06","1","1","2","4","5","false","","","2026-08-06T19:43:02.946Z","2026-08-06T20:59:06.170Z","527","I was scrolling on my phone in the living room with the wooden floor. What did I see on the desk where I ended up working on the laptop?","[""A white bottle with a red cap"",""A blue water bottle"",""A stack of hardcover books"",""A silver thermos"",""A small potted plant""]","A","A white bottle with a red cap","Jake","https://huggingface.co/datasets/lmms-lab/EgoLife/resolve/main/A1_JAKE/DAY5/DAY5_A1_JAKE_11153000.mp4","Shure","https://huggingface.co/datasets/lmms-lab/EgoLife/resolve/main/A6_SHURE/DAY5/DAY5_A6_SHURE_11153000.mp4"
"egolife_rlhf_packet_ranking_v4","dbea4d3c4ab21c99f39c","day5_7_full_100","HM","completed","8","EGOLIFE2U_RANDOM_PAIR_CLIP_PRUNED_DAY5_11153000_A1_A6_0-1","2","EGOLIFE2U_RANDOM_PAIR_CLIP_PRUNED_DAY5_11153000_A1_A6_0-1::candidate_04","2","3","2","7","3","false","","","2026-08-06T19:43:02.946Z","2026-08-06T20:59:06.170Z","527","I was looking at my phone in the living room and couldn't see into the other room. In the room with the projector screen, was there a red can sitting on the desk?","[""No, there was no red can on the desk"",""Yes, a red soda can was sitting on the desk"",""Yes, a red water bottle was sitting on the desk"",""Yes, a red coffee mug was sitting on the desk"",""Yes, a red thermos was sitting on the desk""]","B","Yes, a red soda can was sitting on the desk","Jake","https://huggingface.co/datasets/lmms-lab/EgoLife/resolve/main/A1_JAKE/DAY5/DAY5_A1_JAKE_11153000.mp4","Shure","https://huggingface.co/datasets/lmms-lab/EgoLife/resolve/main/A6_SHURE/DAY5/DAY5_A6_SHURE_11153000.mp4"
"egolife_rlhf_packet_ranking_v4","dbea4d3c4ab21c99f39c","day5_7_full_100","HM","completed","8","EGOLIFE2U_RANDOM_PAIR_CLIP_PRUNED_DAY5_11153000_A1_A6_0-1","3","EGOLIFE2U_RANDOM_PAIR_CLIP_PRUNED_DAY5_11153000_A1_A6_0-1::candidate_01","1","3","2","6","4","false","","","2026-08-06T19:43:02.946Z","2026-08-06T20:59:06.170Z","527","I was scrolling on my phone in the living room earlier, but I couldn't see the desk area where you were setting up. What kind of large white surface was hanging on the wall directly behind the laptop?","[""A large white projection screen"",""A framed family photo"",""A whiteboard with notes"",""A wall calendar"",""A window with blinds""]","A","A large white projection screen","Jake","https://huggingface.co/datasets/lmms-lab/EgoLife/resolve/main/A1_JAKE/DAY5/DAY5_A1_JAKE_11153000.mp4","Shure","https://huggingface.co/datasets/lmms-lab/EgoLife/resolve/main/A6_SHURE/DAY5/DAY5_A6_SHURE_11153000.mp4"
"egolife_rlhf_packet_ranking_v4","dbea4d3c4ab21c99f39c","day5_7_full_100","HM","completed","8","EGOLIFE2U_RANDOM_PAIR_CLIP_PRUNED_DAY5_11153000_A1_A6_0-1","4","EGOLIFE2U_RANDOM_PAIR_CLIP_PRUNED_DAY5_11153000_A1_A6_0-1::candidate_02","2","3","2","7","1","false","","","2026-08-06T19:43:02.946Z","2026-08-06T20:59:06.170Z","527","I was scrolling through my phone in the living room. Which device was sitting on the desk in the other room with the projector screen?","[""A closed laptop computer"",""A tablet with a stylus"",""An open laptop computer"",""A desktop monitor"",""A portable gaming console""]","C","An open laptop computer","Jake","https://huggingface.co/datasets/lmms-lab/EgoLife/resolve/main/A1_JAKE/DAY5/DAY5_A1_JAKE_11153000.mp4","Shure","https://huggingface.co/datasets/lmms-lab/EgoLife/resolve/main/A6_SHURE/DAY5/DAY5_A6_SHURE_11153000.mp4"
"egolife_rlhf_packet_ranking_v4","dbea4d3c4ab21c99f39c","day5_7_full_100","HM","completed","8","EGOLIFE2U_RANDOM_PAIR_CLIP_PRUNED_DAY5_11153000_A1_A6_0-1","5","EGOLIFE2U_RANDOM_PAIR_CLIP_PRUNED_DAY5_11153000_A1_A6_0-1::candidate_03","2","3","2","7","1","false","","","2026-08-06T19:43:02.946Z","2026-08-06T20:59:06.170Z","527","I was just scrolling through my phone in the living room. In the room with the projector screen, was the laptop sitting on the desk open or closed?","[""The laptop was closed with the screen facing down"",""The laptop was open with the screen facing up"",""The laptop was missing from the desk entirely"",""The laptop was open but the screen was black"",""The laptop was closed but lying on its side""]","B","The laptop was open with the screen facing up","Jake","https://huggingface.co/datasets/lmms-lab/EgoLife/resolve/main/A1_JAKE/DAY5/DAY5_A1_JAKE_11153000.mp4","Shure","https://huggingface.co/datasets/lmms-lab/EgoLife/resolve/main/A6_SHURE/DAY5/DAY5_A6_SHURE_11153000.mp4"
"egolife_rlhf_packet_ranking_v4","dbea4d3c4ab21c99f39c","day5_7_full_100","HM","completed","8","EGOLIFE2U_RANDOM_PAIR_CLIP_PRUNED_DAY5_11153000_A1_A6_0-1","6","EGOLIFE2U_RANDOM_PAIR_CLIP_PRUNED_DAY5_11153000_A1_A6_0-1::candidate_05","1","1","1","3","6","false","","","2026-08-06T19:43:02.946Z","2026-08-06T20:59:06.170Z","527","I'm trying to locate the room where I ended up working on the laptop; what was the most distinctive object sitting on the desk next to the computer?","[""A pair of eyeglasses"",""A white bottle with a red cap"",""A stack of hardcover books"",""A silver thermos"",""A small potted plant""]","B","A white bottle with a red cap","Jake","https://huggingface.co/datasets/lmms-lab/EgoLife/resolve/main/A1_JAKE/DAY5/DAY5_A1_JAKE_11153000.mp4","Shure","https://huggingface.co/datasets/lmms-lab/EgoLife/resolve/main/A6_SHURE/DAY5/DAY5_A6_SHURE_11153000.mp4"
"egolife_rlhf_packet_ranking_v4","dbea4d3c4ab21c99f39c","day5_7_full_100","HM","completed","9","EGOLIFE2U_RANDOM_PAIR_CLIP_PRUNED_DAY5_11173000_A2_A6_0-1","1","EGOLIFE2U_RANDOM_PAIR_CLIP_PRUNED_DAY5_11173000_A2_A6_0-1::candidate_03","2","3","2","7","1","false","","","2026-08-06T19:43:03.140Z","2026-08-06T21:19:10.871Z","1245","I was sitting at the table cleaning a fruit. While I was there, which item was sitting on the desk to the left of the laptop in the room with the black floor tiles?","[""A large white bottle with a red cap"",""A red can of soda"",""A pair of white headphones"",""A stack of cardboard boxes"",""A potted plant with green leaves""]","A","A large white bottle with a red cap","Alice","https://huggingface.co/datasets/lmms-lab/EgoLife/resolve/main/A2_ALICE/DAY5/DAY5_A2_ALICE_11173000.mp4","Shure","https://huggingface.co/datasets/lmms-lab/EgoLife/resolve/main/A6_SHURE/DAY5/DAY5_A6_SHURE_11173000.mp4"
"egolife_rlhf_packet_ranking_v4","dbea4d3c4ab21c99f39c","day5_7_full_100","HM","completed","9","EGOLIFE2U_RANDOM_PAIR_CLIP_PRUNED_DAY5_11173000_A2_A6_0-1","2","EGOLIFE2U_RANDOM_PAIR_CLIP_PRUNED_DAY5_11173000_A2_A6_0-1::candidate_01","2","3","2","7","2","false","","","2026-08-06T19:43:03.140Z","2026-08-06T21:19:10.871Z","1245","I was busy cleaning this dark fruit with a tissue at the table. While I was doing that, did the person with pink hair who was standing near the door end up staying there, or did they move into the bedroom?","[""The person with pink hair walked into the bedroom"",""The person with pink hair stayed standing by the door"",""The person with pink hair walked toward the desk area"",""The person with pink hair left the room entirely"",""The person with pink hair sat down on the chair""]","A","The person with pink hair walked into the bedroom","Alice","https://huggingface.co/datasets/lmms-lab/EgoLife/resolve/main/A2_ALICE/DAY5/DAY5_A2_ALICE_11173000.mp4","Shure","https://huggingface.co/datasets/lmms-lab/EgoLife/resolve/main/A6_SHURE/DAY5/DAY5_A6_SHURE_11173000.mp4"
"egolife_rlhf_packet_ranking_v4","dbea4d3c4ab21c99f39c","day5_7_full_100","HM","completed","9","EGOLIFE2U_RANDOM_PAIR_CLIP_PRUNED_DAY5_11173000_A2_A6_0-1","3","EGOLIFE2U_RANDOM_PAIR_CLIP_PRUNED_DAY5_11173000_A2_A6_0-1::candidate_06","2","2","2","6","4","false","","","2026-08-06T19:43:03.140Z","2026-08-06T21:19:10.871Z","1245","I noticed someone walking through the doorway in the background while I was at the table. Where did that person go?","[""Into the bedroom with the full-length mirror"",""Into the kitchen with the stainless steel sink"",""Into the bathroom with the blue tiles"",""Into the living room with the leather sofa"",""Into the dining room with the wooden table""]","A","Into the bedroom with the full-length mirror","Alice","https://huggingface.co/datasets/lmms-lab/EgoLife/resolve/main/A2_ALICE/DAY5/DAY5_A2_ALICE_11173000.mp4","Shure","https://huggingface.co/datasets/lmms-lab/EgoLife/resolve/main/A6_SHURE/DAY5/DAY5_A6_SHURE_11173000.mp4"
"egolife_rlhf_packet_ranking_v4","dbea4d3c4ab21c99f39c","day5_7_full_100","HM","completed","9","EGOLIFE2U_RANDOM_PAIR_CLIP_PRUNED_DAY5_11173000_A2_A6_0-1","4","EGOLIFE2U_RANDOM_PAIR_CLIP_PRUNED_DAY5_11173000_A2_A6_0-1::candidate_02","1","3","2","6","3","false","","","2026-08-06T19:43:03.140Z","2026-08-06T21:19:10.871Z","1245","I was busy cleaning this dark round fruit at the table. Can you tell me which object was sitting on the desk to the left of the person with pink hair who was standing near the doorway?","[""A white plastic bag hanging from a hook"",""A red can of soda"",""A large white bottle with a red cap"",""A stack of cardboard boxes"",""A potted plant with green leaves""]","C","A large white bottle with a red cap","Alice","https://huggingface.co/datasets/lmms-lab/EgoLife/resolve/main/A2_ALICE/DAY5/DAY5_A2_ALICE_11173000.mp4","Shure","https://huggingface.co/datasets/lmms-lab/EgoLife/resolve/main/A6_SHURE/DAY5/DAY5_A6_SHURE_11173000.mp4"
"egolife_rlhf_packet_ranking_v4","dbea4d3c4ab21c99f39c","day5_7_full_100","HM","completed","9","EGOLIFE2U_RANDOM_PAIR_CLIP_PRUNED_DAY5_11173000_A2_A6_0-1","5","EGOLIFE2U_RANDOM_PAIR_CLIP_PRUNED_DAY5_11173000_A2_A6_0-1::candidate_05","1","1","2","4","6","false","","","2026-08-06T19:43:03.140Z","2026-08-06T21:19:10.871Z","1245","While I was peeling that fruit at the table, I noticed someone walking through the doorway in the background. Which room did that person enter?","[""The bedroom with the full-length mirror"",""The kitchen with the stainless steel sink"",""The bathroom with the blue tiles"",""The living room with the leather sofa"",""The dining room with the wooden table""]","A","The bedroom with the full-length mirror","Alice","https://huggingface.co/datasets/lmms-lab/EgoLife/resolve/main/A2_ALICE/DAY5/DAY5_A2_ALICE_11173000.mp4","Shure","https://huggingface.co/datasets/lmms-lab/EgoLife/resolve/main/A6_SHURE/DAY5/DAY5_A6_SHURE_11173000.mp4"
"egolife_rlhf_packet_ranking_v4","dbea4d3c4ab21c99f39c","day5_7_full_100","HM","completed","9","EGOLIFE2U_RANDOM_PAIR_CLIP_PRUNED_DAY5_11173000_A2_A6_0-1","6","EGOLIFE2U_RANDOM_PAIR_CLIP_PRUNED_DAY5_11173000_A2_A6_0-1::candidate_04","1","1","2","4","5","false","","","2026-08-06T19:43:03.140Z","2026-08-06T21:19:10.871Z","1245","I was cleaning up a mangosteen at the table and noticed a person in the background near the white projector screen. Which room did that person eventually walk into?","[""The bedroom with the full-length mirror"",""The kitchen with the stainless steel sink"",""The bathroom with the blue tiles"",""The living room with the leather sofa"",""The dining room with the wooden table""]","A","The bedroom with the full-length mirror","Alice","https://huggingface.co/datasets/lmms-lab/EgoLife/resolve/main/A2_ALICE/DAY5/DAY5_A2_ALICE_11173000.mp4","Shure","https://huggingface.co/datasets/lmms-lab/EgoLife/resolve/main/A6_SHURE/DAY5/DAY5_A6_SHURE_11173000.mp4"
"egolife_rlhf_packet_ranking_v4","dbea4d3c4ab21c99f39c","day5_7_full_100","HM","completed","10","EGOLIFE2U_RANDOM_PAIR_CLIP_PRUNED_DAY5_11183000_A1_A2_0-1","1","EGOLIFE2U_RANDOM_PAIR_CLIP_PRUNED_DAY5_11183000_A1_A2_0-1::candidate_01","1","1","2","4","4","false","","","2026-08-06T19:43:03.416Z","2026-08-06T21:39:50.321Z","1211","I was looking at the table in the room with the pink flowers while sitting at the checkered table. Which of these items was sitting on the surface right next to the tissue box?","[""A silver digital kitchen scale"",""A stack of white paper napkins"",""A clear plastic storage container"",""A black smartphone"",""A white bag of food supplies""]","A","A silver digital kitchen scale","Jake","https://huggingface.co/datasets/lmms-lab/EgoLife/resolve/main/A1_JAKE/DAY5/DAY5_A1_JAKE_11183000.mp4","Alice","https://huggingface.co/datasets/lmms-lab/EgoLife/resolve/main/A2_ALICE/DAY5/DAY5_A2_ALICE_11183000.mp4"
"egolife_rlhf_packet_ranking_v4","dbea4d3c4ab21c99f39c","day5_7_full_100","HM","completed","10","EGOLIFE2U_RANDOM_PAIR_CLIP_PRUNED_DAY5_11183000_A1_A2_0-1","2","EGOLIFE2U_RANDOM_PAIR_CLIP_PRUNED_DAY5_11183000_A1_A2_0-1::candidate_04","2","3","2","7","2","false","","","2026-08-06T19:43:03.416Z","2026-08-06T21:39:50.321Z","1211","I was standing in the backyard under the umbrella looking at my phone. Back inside in the room with the checkered tablecloth, what was the person doing with the red fruit they were holding?","[""Peeling the skin with their fingers"",""Cutting it into slices with a knife"",""Squeezing it to get juice"",""Putting it into a blender"",""Sorting the pieces into a bowl""]","A","Peeling the skin with their fingers","Jake","https://huggingface.co/datasets/lmms-lab/EgoLife/resolve/main/A1_JAKE/DAY5/DAY5_A1_JAKE_11183000.mp4","Alice","https://huggingface.co/datasets/lmms-lab/EgoLife/resolve/main/A2_ALICE/DAY5/DAY5_A2_ALICE_11183000.mp4"
"egolife_rlhf_packet_ranking_v4","dbea4d3c4ab21c99f39c","day5_7_full_100","HM","completed","10","EGOLIFE2U_RANDOM_PAIR_CLIP_PRUNED_DAY5_11183000_A1_A2_0-1","3","EGOLIFE2U_RANDOM_PAIR_CLIP_PRUNED_DAY5_11183000_A1_A2_0-1::candidate_03","3","3","2","8","1","false","","","2026-08-06T19:43:03.416Z","2026-08-06T21:39:50.321Z","1211","I was checking the app on my phone while standing in the backyard, but I couldn't see what was happening inside. What was the person at the table in the room with the checkered cloth doing with the red fruit?","[""Peeling the skin with their fingers"",""Cutting it into slices with a knife"",""Squeezing it to get juice"",""Putting it into a blender"",""Sorting the pieces into a bowl""]","A","Peeling the skin with their fingers","Jake","https://huggingface.co/datasets/lmms-lab/EgoLife/resolve/main/A1_JAKE/DAY5/DAY5_A1_JAKE_11183000.mp4","Alice","https://huggingface.co/datasets/lmms-lab/EgoLife/resolve/main/A2_ALICE/DAY5/DAY5_A2_ALICE_11183000.mp4"
"egolife_rlhf_packet_ranking_v4","dbea4d3c4ab21c99f39c","day5_7_full_100","HM","completed","10","EGOLIFE2U_RANDOM_PAIR_CLIP_PRUNED_DAY5_11183000_A1_A2_0-1","4","EGOLIFE2U_RANDOM_PAIR_CLIP_PRUNED_DAY5_11183000_A1_A2_0-1::candidate_05","1","1","1","3","5","false","","","2026-08-06T19:43:03.416Z","2026-08-06T21:39:50.321Z","1211","I was standing outside under the umbrella looking at the wooden trays on the table. While I was out there, what kind of food item were you eating at the table inside?","[""A sandwich wrapped in paper"",""A pastry with a pink crust"",""A bowl of instant noodles"",""A sliced apple"",""A chocolate cookie""]","B","A pastry with a pink crust","Jake","https://huggingface.co/datasets/lmms-lab/EgoLife/resolve/main/A1_JAKE/DAY5/DAY5_A1_JAKE_11183000.mp4","Alice","https://huggingface.co/datasets/lmms-lab/EgoLife/resolve/main/A2_ALICE/DAY5/DAY5_A2_ALICE_11183000.mp4"
"egolife_rlhf_packet_ranking_v4","dbea4d3c4ab21c99f39c","day5_7_full_100","HM","completed","10","EGOLIFE2U_RANDOM_PAIR_CLIP_PRUNED_DAY5_11183000_A1_A2_0-1","5","EGOLIFE2U_RANDOM_PAIR_CLIP_PRUNED_DAY5_11183000_A1_A2_0-1::candidate_02","2","3","2","7","3","false","","","2026-08-06T19:43:03.416Z","2026-08-06T21:39:50.321Z","1211","I was looking at my phone in the backyard, but I couldn't see what the person sitting at the table inside was doing. What were they handling with their hands?","[""Peeling a fruit with red skin"",""Assembling a wooden puzzle"",""Cutting flowers in a vase"",""Sorting mail on the table"",""Writing in a notebook""]","A","Peeling a fruit with red skin","Jake","https://huggingface.co/datasets/lmms-lab/EgoLife/resolve/main/A1_JAKE/DAY5/DAY5_A1_JAKE_11183000.mp4","Alice","https://huggingface.co/datasets/lmms-lab/EgoLife/resolve/main/A2_ALICE/DAY5/DAY5_A2_ALICE_11183000.mp4"
"egolife_rlhf_packet_ranking_v4","dbea4d3c4ab21c99f39c","day5_7_full_100","HM","completed","10","EGOLIFE2U_RANDOM_PAIR_CLIP_PRUNED_DAY5_11183000_A1_A2_0-1","6","EGOLIFE2U_RANDOM_PAIR_CLIP_PRUNED_DAY5_11183000_A1_A2_0-1::candidate_06","1","1","1","3","6","false","","","2026-08-06T19:43:03.416Z","2026-08-06T21:39:50.321Z","1211","I was outside looking at the wooden trays on the table. What kind of food item were you eating at the table inside?","[""A sandwich wrapped in paper"",""A pastry with a pink crust"",""A bowl of instant noodles"",""A sliced apple"",""A chocolate cookie""]","B","A pastry with a pink crust","Jake","https://huggingface.co/datasets/lmms-lab/EgoLife/resolve/main/A1_JAKE/DAY5/DAY5_A1_JAKE_11183000.mp4","Alice","https://huggingface.co/datasets/lmms-lab/EgoLife/resolve/main/A2_ALICE/DAY5/DAY5_A2_ALICE_11183000.mp4"
"egolife_rlhf_packet_ranking_v4","dbea4d3c4ab21c99f39c","day5_7_full_100","HM","completed","11","EGOLIFE2U_RANDOM_PAIR_CLIP_PRUNED_DAY5_11200000_A1_A2_0-1","1","EGOLIFE2U_RANDOM_PAIR_CLIP_PRUNED_DAY5_11200000_A1_A2_0-1::candidate_06","2","3","1","6","4","false","","","2026-08-06T19:43:03.577Z","2026-08-06T21:47:23.204Z","441","I was standing on the wooden deck outside looking at my phone, and I noticed someone in the kitchen through the window handling an egg. What was the color of the shirt that person was wearing?","[""a white long-sleeved shirt"",""a purple t-shirt"",""a yellow t-shirt"",""a black hoodie"",""a blue dress""]","A","a white long-sleeved shirt","Jake","https://huggingface.co/datasets/lmms-lab/EgoLife/resolve/main/A1_JAKE/DAY5/DAY5_A1_JAKE_11200000.mp4","Alice","https://huggingface.co/datasets/lmms-lab/EgoLife/resolve/main/A2_ALICE/DAY5/DAY5_A2_ALICE_11200000.mp4"
"egolife_rlhf_packet_ranking_v4","dbea4d3c4ab21c99f39c","day5_7_full_100","HM","completed","11","EGOLIFE2U_RANDOM_PAIR_CLIP_PRUNED_DAY5_11200000_A1_A2_0-1","2","EGOLIFE2U_RANDOM_PAIR_CLIP_PRUNED_DAY5_11200000_A1_A2_0-1::candidate_04","2","1","1","4","5","false","","","2026-08-06T19:43:03.577Z","2026-08-06T21:47:23.204Z","441","I was standing on the wooden deck outside looking at the window. Could you tell me what was sitting on the kitchen counter inside the room with the red refrigerator?","[""A bundle of colorful flowers in a vase"",""A stack of white ceramic plates"",""A large cardboard shipping box"",""A black laptop computer"",""A silver microwave oven""]","A","A bundle of colorful flowers in a vase","Jake","https://huggingface.co/datasets/lmms-lab/EgoLife/resolve/main/A1_JAKE/DAY5/DAY5_A1_JAKE_11200000.mp4","Alice","https://huggingface.co/datasets/lmms-lab/EgoLife/resolve/main/A2_ALICE/DAY5/DAY5_A2_ALICE_11200000.mp4"
"egolife_rlhf_packet_ranking_v4","dbea4d3c4ab21c99f39c","day5_7_full_100","HM","completed","11","EGOLIFE2U_RANDOM_PAIR_CLIP_PRUNED_DAY5_11200000_A1_A2_0-1","3","EGOLIFE2U_RANDOM_PAIR_CLIP_PRUNED_DAY5_11200000_A1_A2_0-1::candidate_02","2","1","1","4","6","false","","","2026-08-06T19:43:03.577Z","2026-08-06T21:47:23.204Z","441","I was standing outside on the deck looking at my phone. When I glanced toward the house, I saw the person in the purple shirt in the kitchen area. What were they doing?","[""Peeling an egg"",""Washing dishes in the sink"",""Cooking at the stove"",""Checking a mobile phone"",""Carrying a cardboard box""]","D","Checking a mobile phone","Jake","https://huggingface.co/datasets/lmms-lab/EgoLife/resolve/main/A1_JAKE/DAY5/DAY5_A1_JAKE_11200000.mp4","Alice","https://huggingface.co/datasets/lmms-lab/EgoLife/resolve/main/A2_ALICE/DAY5/DAY5_A2_ALICE_11200000.mp4"
"egolife_rlhf_packet_ranking_v4","dbea4d3c4ab21c99f39c","day5_7_full_100","HM","completed","11","EGOLIFE2U_RANDOM_PAIR_CLIP_PRUNED_DAY5_11200000_A1_A2_0-1","4","EGOLIFE2U_RANDOM_PAIR_CLIP_PRUNED_DAY5_11200000_A1_A2_0-1::candidate_03","2","3","2","7","2","false","","","2026-08-06T19:43:03.577Z","2026-08-06T21:47:23.204Z","441","I was standing out on the deck looking at my phone and saw someone in the kitchen area through the window. I noticed they were holding an egg. What were they doing with it?","[""Cracking it into a bowl"",""Peeling the shell off"",""Cooking it in a pan"",""Washing it in the sink"",""Throwing it away""]","B","Peeling the shell off","Jake","https://huggingface.co/datasets/lmms-lab/EgoLife/resolve/main/A1_JAKE/DAY5/DAY5_A1_JAKE_11200000.mp4","Alice","https://huggingface.co/datasets/lmms-lab/EgoLife/resolve/main/A2_ALICE/DAY5/DAY5_A2_ALICE_11200000.mp4"
"egolife_rlhf_packet_ranking_v4","dbea4d3c4ab21c99f39c","day5_7_full_100","HM","completed","11","EGOLIFE2U_RANDOM_PAIR_CLIP_PRUNED_DAY5_11200000_A1_A2_0-1","5","EGOLIFE2U_RANDOM_PAIR_CLIP_PRUNED_DAY5_11200000_A1_A2_0-1::candidate_05","2","3","1","6","4","false","","","2026-08-06T19:43:03.577Z","2026-08-06T21:47:23.204Z","441","I was standing on the wooden deck outside looking through the window, and I saw someone inside handling an egg near the counter. What was that person wearing?","[""a white long-sleeved shirt"",""a purple t-shirt"",""a yellow t-shirt"",""a black hoodie"",""a blue dress""]","A","a white long-sleeved shirt","Jake","https://huggingface.co/datasets/lmms-lab/EgoLife/resolve/main/A1_JAKE/DAY5/DAY5_A1_JAKE_11200000.mp4","Alice","https://huggingface.co/datasets/lmms-lab/EgoLife/resolve/main/A2_ALICE/DAY5/DAY5_A2_ALICE_11200000.mp4"
"egolife_rlhf_packet_ranking_v4","dbea4d3c4ab21c99f39c","day5_7_full_100","HM","completed","11","EGOLIFE2U_RANDOM_PAIR_CLIP_PRUNED_DAY5_11200000_A1_A2_0-1","6","EGOLIFE2U_RANDOM_PAIR_CLIP_PRUNED_DAY5_11200000_A1_A2_0-1::candidate_01","3","3","2","8","1","false","","","2026-08-06T19:43:03.577Z","2026-08-06T21:47:23.204Z","441","I was standing outside on the deck looking at my phone. When I glanced toward the house, I saw someone standing in the kitchen area near the window. What were they doing?","[""Peeling and holding an egg"",""Washing dishes in the sink"",""Cooking at the stove"",""Checking a mobile phone"",""Carrying a cardboard box""]","A","Peeling and holding an egg","Jake","https://huggingface.co/datasets/lmms-lab/EgoLife/resolve/main/A1_JAKE/DAY5/DAY5_A1_JAKE_11200000.mp4","Alice","https://huggingface.co/datasets/lmms-lab/EgoLife/resolve/main/A2_ALICE/DAY5/DAY5_A2_ALICE_11200000.mp4"
"egolife_rlhf_packet_ranking_v4","dbea4d3c4ab21c99f39c","day5_7_full_100","HM","completed","12","EGOLIFE2U_RANDOM_PAIR_CLIP_PRUNED_DAY5_11203000_A2_A6_0-1","1","EGOLIFE2U_RANDOM_PAIR_CLIP_PRUNED_DAY5_11203000_A2_A6_0-1::candidate_06","2","1","1","4","1","false","","","2026-08-06T19:43:03.751Z","2026-08-06T21:53:57.808Z","394","I was standing in front of the mirror adjusting my hair, and in the reflection I saw you sitting at a desk with a laptop open. What was visible on the laptop screen?","[""A video playing in a browser window"",""A dark screen saver with a clock"",""A spreadsheet with columns of numbers"",""A text document with a white background"",""A map application showing a street view""]","A","A video playing in a browser window","Alice","https://huggingface.co/datasets/lmms-lab/EgoLife/resolve/main/A2_ALICE/DAY5/DAY5_A2_ALICE_11203000.mp4","Shure","https://huggingface.co/datasets/lmms-lab/EgoLife/resolve/main/A6_SHURE/DAY5/DAY5_A6_SHURE_11203000.mp4"
"egolife_rlhf_packet_ranking_v4","dbea4d3c4ab21c99f39c","day5_7_full_100","HM","completed","12","EGOLIFE2U_RANDOM_PAIR_CLIP_PRUNED_DAY5_11203000_A2_A6_0-1","2","EGOLIFE2U_RANDOM_PAIR_CLIP_PRUNED_DAY5_11203000_A2_A6_0-1::candidate_04","2","2","1","5","6","false","","","2026-08-06T19:43:03.751Z","2026-08-06T21:53:57.808Z","394","I was just checking my reflection in the mirror and saw someone standing in the doorway behind me. What was that person wearing?","[""A purple short-sleeved shirt"",""A black long-sleeved shirt"",""A white t-shirt"",""A grey hoodie"",""A blue button-down shirt""]","A","A purple short-sleeved shirt","Alice","https://huggingface.co/datasets/lmms-lab/EgoLife/resolve/main/A2_ALICE/DAY5/DAY5_A2_ALICE_11203000.mp4","Shure","https://huggingface.co/datasets/lmms-lab/EgoLife/resolve/main/A6_SHURE/DAY5/DAY5_A6_SHURE_11203000.mp4"
"egolife_rlhf_packet_ranking_v4","dbea4d3c4ab21c99f39c","day5_7_full_100","HM","completed","12","EGOLIFE2U_RANDOM_PAIR_CLIP_PRUNED_DAY5_11203000_A2_A6_0-1","3","EGOLIFE2U_RANDOM_PAIR_CLIP_PRUNED_DAY5_11203000_A2_A6_0-1::candidate_03","2","1","1","4","2","false","","","2026-08-06T19:43:03.751Z","2026-08-06T21:53:57.808Z","394","I was peeling something in the room with the chessboard pattern on the wall. I noticed a white bottle with a red cap on the desk where the laptop is. What kind of bottle is it?","[""A container of cleaning wipes"",""A bottle of drinking water"",""A bottle of soda"",""A bottle of lotion"",""A bottle of medicine""]","A","A container of cleaning wipes","Alice","https://huggingface.co/datasets/lmms-lab/EgoLife/resolve/main/A2_ALICE/DAY5/DAY5_A2_ALICE_11203000.mp4","Shure","https://huggingface.co/datasets/lmms-lab/EgoLife/resolve/main/A6_SHURE/DAY5/DAY5_A6_SHURE_11203000.mp4"
"egolife_rlhf_packet_ranking_v4","dbea4d3c4ab21c99f39c","day5_7_full_100","HM","completed","12","EGOLIFE2U_RANDOM_PAIR_CLIP_PRUNED_DAY5_11203000_A2_A6_0-1","4","EGOLIFE2U_RANDOM_PAIR_CLIP_PRUNED_DAY5_11203000_A2_A6_0-1::candidate_05","2","3","1","6","6","false","","","2026-08-06T19:43:03.751Z","2026-08-06T21:53:57.808Z","394","I was standing by the mirror checking my hair, and I could see a person in a purple shirt standing in the background near the doorway. What color was the refrigerator visible in that same room?","[""A red refrigerator"",""A white refrigerator"",""A stainless steel refrigerator"",""A black refrigerator"",""A blue refrigerator""]","A","A red refrigerator","Alice","https://huggingface.co/datasets/lmms-lab/EgoLife/resolve/main/A2_ALICE/DAY5/DAY5_A2_ALICE_11203000.mp4","Shure","https://huggingface.co/datasets/lmms-lab/EgoLife/resolve/main/A6_SHURE/DAY5/DAY5_A6_SHURE_11203000.mp4"
"egolife_rlhf_packet_ranking_v4","dbea4d3c4ab21c99f39c","day5_7_full_100","HM","completed","12","EGOLIFE2U_RANDOM_PAIR_CLIP_PRUNED_DAY5_11203000_A2_A6_0-1","5","EGOLIFE2U_RANDOM_PAIR_CLIP_PRUNED_DAY5_11203000_A2_A6_0-1::candidate_01","1","1","1","3","6","false","","","2026-08-06T19:43:03.751Z","2026-08-06T21:53:57.808Z","394","I was standing by the mirror adjusting my hair. In the reflection behind me, who was visible standing near the open doorway?","[""A person in a purple shirt"",""A person in a white shirt"",""A person in a blue shirt"",""A person in a red shirt"",""A person in a black shirt""]","A","A person in a purple shirt","Alice","https://huggingface.co/datasets/lmms-lab/EgoLife/resolve/main/A2_ALICE/DAY5/DAY5_A2_ALICE_11203000.mp4","Shure","https://huggingface.co/datasets/lmms-lab/EgoLife/resolve/main/A6_SHURE/DAY5/DAY5_A6_SHURE_11203000.mp4"
"egolife_rlhf_packet_ranking_v4","dbea4d3c4ab21c99f39c","day5_7_full_100","HM","completed","12","EGOLIFE2U_RANDOM_PAIR_CLIP_PRUNED_DAY5_11203000_A2_A6_0-1","6","EGOLIFE2U_RANDOM_PAIR_CLIP_PRUNED_DAY5_11203000_A2_A6_0-1::candidate_02","2","1","1","4","3","false","","","2026-08-06T19:43:03.751Z","2026-08-06T21:53:57.808Z","394","I was sitting in the room with the chessboard pattern on the wall. What was the white bottle with the red cap sitting next to the laptop on the desk?","[""A bottle of wipes"",""A bottle of water"",""A bottle of soda"",""A bottle of lotion"",""A bottle of pills""]","A","A bottle of wipes","Alice","https://huggingface.co/datasets/lmms-lab/EgoLife/resolve/main/A2_ALICE/DAY5/DAY5_A2_ALICE_11203000.mp4","Shure","https://huggingface.co/datasets/lmms-lab/EgoLife/resolve/main/A6_SHURE/DAY5/DAY5_A6_SHURE_11203000.mp4"
"egolife_rlhf_packet_ranking_v4","dbea4d3c4ab21c99f39c","day5_7_full_100","HM","completed","13","EGOLIFE2U_RANDOM_PAIR_CLIP_PRUNED_DAY5_11223000_A1_A6_0-1","1","EGOLIFE2U_RANDOM_PAIR_CLIP_PRUNED_DAY5_11223000_A1_A6_0-1::candidate_02","1","3","2","6","3","false","","","2026-08-06T19:43:03.928Z","2026-08-06T22:00:30.979Z","404","While I was out on the deck dealing with the trash bins, you were inside. What large white object was hanging on the wall directly behind the laptop you were using?","[""A projector screen"",""A framed poster"",""A whiteboard"",""A mirror"",""A window with blinds""]","A","A projector screen","Jake","https://huggingface.co/datasets/lmms-lab/EgoLife/resolve/main/A1_JAKE/DAY5/DAY5_A1_JAKE_11223000.mp4","Shure","https://huggingface.co/datasets/lmms-lab/EgoLife/resolve/main/A6_SHURE/DAY5/DAY5_A6_SHURE_11223000.mp4"
"egolife_rlhf_packet_ranking_v4","dbea4d3c4ab21c99f39c","day5_7_full_100","HM","completed","13","EGOLIFE2U_RANDOM_PAIR_CLIP_PRUNED_DAY5_11223000_A1_A6_0-1","2","EGOLIFE2U_RANDOM_PAIR_CLIP_PRUNED_DAY5_11223000_A1_A6_0-1::candidate_01","3","3","1","7","5","false","","","2026-08-06T19:43:03.928Z","2026-08-06T22:00:30.979Z","404","I just went out to the backyard and headed over to the corner with the teal wall where the cleaning supplies are stored. I'm looking for the broom that was leaning against the wall, but I can't tell from my angle which of the two trash bins it is resting against. Which bin was the broom leaning on?","[""The left bin with the light blue lid"",""The right bin with the dark grey lid"",""A cardboard box on the deck"",""The wooden gate in the background"",""A white bucket on the floor""]","A","The left bin with the light blue lid","Jake","https://huggingface.co/datasets/lmms-lab/EgoLife/resolve/main/A1_JAKE/DAY5/DAY5_A1_JAKE_11223000.mp4","Shure","https://huggingface.co/datasets/lmms-lab/EgoLife/resolve/main/A6_SHURE/DAY5/DAY5_A6_SHURE_11223000.mp4"
"egolife_rlhf_packet_ranking_v4","dbea4d3c4ab21c99f39c","day5_7_full_100","HM","completed","13","EGOLIFE2U_RANDOM_PAIR_CLIP_PRUNED_DAY5_11223000_A1_A6_0-1","3","EGOLIFE2U_RANDOM_PAIR_CLIP_PRUNED_DAY5_11223000_A1_A6_0-1::candidate_03","1","3","1","5","5","false","","","2026-08-06T19:43:03.928Z","2026-08-06T22:00:30.979Z","404","I was out on the deck walking toward the trash bins near the wooden gate. What color were the lids of the bins I was approaching?","[""Green"",""Blue"",""Black"",""Grey"",""Red""]","D","Grey","Jake","https://huggingface.co/datasets/lmms-lab/EgoLife/resolve/main/A1_JAKE/DAY5/DAY5_A1_JAKE_11223000.mp4","Shure","https://huggingface.co/datasets/lmms-lab/EgoLife/resolve/main/A6_SHURE/DAY5/DAY5_A6_SHURE_11223000.mp4"
"egolife_rlhf_packet_ranking_v4","dbea4d3c4ab21c99f39c","day5_7_full_100","HM","completed","13","EGOLIFE2U_RANDOM_PAIR_CLIP_PRUNED_DAY5_11223000_A1_A6_0-1","4","EGOLIFE2U_RANDOM_PAIR_CLIP_PRUNED_DAY5_11223000_A1_A6_0-1::candidate_04","2","2","2","6","2","false","","","2026-08-06T19:43:03.928Z","2026-08-06T22:00:30.979Z","404","I was just out on the deck and noticed a white bottle sitting on the desk in the room with the projector screen. What was on the table right next to that white bottle?","[""A pair of eyeglasses"",""A smartphone"",""A red soda can"",""A white container with chopsticks"",""A white piece of paper""]","A","A pair of eyeglasses","Jake","https://huggingface.co/datasets/lmms-lab/EgoLife/resolve/main/A1_JAKE/DAY5/DAY5_A1_JAKE_11223000.mp4","Shure","https://huggingface.co/datasets/lmms-lab/EgoLife/resolve/main/A6_SHURE/DAY5/DAY5_A6_SHURE_11223000.mp4"
"egolife_rlhf_packet_ranking_v4","dbea4d3c4ab21c99f39c","day5_7_full_100","HM","completed","13","EGOLIFE2U_RANDOM_PAIR_CLIP_PRUNED_DAY5_11223000_A1_A6_0-1","5","EGOLIFE2U_RANDOM_PAIR_CLIP_PRUNED_DAY5_11223000_A1_A6_0-1::candidate_06","1","1","1","3","6","false","","","2026-08-06T19:43:03.928Z","2026-08-06T22:00:30.979Z","404","I walked out to the backyard deck and headed over to the corner where the trash bins and cleaning tools are kept. I noticed a large white bottle sitting on the wooden floorboards right next to the mop and broom. Was that bottle still there, or had someone moved it?","[""It was sitting on the floorboards next to the mop"",""It had been moved inside the house"",""It was placed on top of one of the trash bins"",""It was sitting on the desk with the orange tablecloth"",""It was lying on the wooden deck near the gate""]","A","It was sitting on the floorboards next to the mop","Jake","https://huggingface.co/datasets/lmms-lab/EgoLife/resolve/main/A1_JAKE/DAY5/DAY5_A1_JAKE_11223000.mp4","Shure","https://huggingface.co/datasets/lmms-lab/EgoLife/resolve/main/A6_SHURE/DAY5/DAY5_A6_SHURE_11223000.mp4"
"egolife_rlhf_packet_ranking_v4","dbea4d3c4ab21c99f39c","day5_7_full_100","HM","completed","13","EGOLIFE2U_RANDOM_PAIR_CLIP_PRUNED_DAY5_11223000_A1_A6_0-1","6","EGOLIFE2U_RANDOM_PAIR_CLIP_PRUNED_DAY5_11223000_A1_A6_0-1::candidate_05","2","3","2","7","1","false","","","2026-08-06T19:43:03.928Z","2026-08-06T22:00:30.979Z","404","While I was heading out to the backyard deck to check on the trash bins, what was the person at the desk with the orange tablecloth doing?","[""Typing on a laptop"",""Drinking from a red soda can"",""Looking through a pair of glasses"",""Using a tablet device"",""Writing on a piece of paper""]","A","Typing on a laptop","Jake","https://huggingface.co/datasets/lmms-lab/EgoLife/resolve/main/A1_JAKE/DAY5/DAY5_A1_JAKE_11223000.mp4","Shure","https://huggingface.co/datasets/lmms-lab/EgoLife/resolve/main/A6_SHURE/DAY5/DAY5_A6_SHURE_11223000.mp4"
"egolife_rlhf_packet_ranking_v4","dbea4d3c4ab21c99f39c","day5_7_full_100","HM","completed","14","EGOLIFE2U_RANDOM_PAIR_CLIP_PRUNED_DAY5_11250000_A2_A6_0-1","1","EGOLIFE2U_RANDOM_PAIR_CLIP_PRUNED_DAY5_11250000_A2_A6_0-1::candidate_04","1","2","1","4","5","false","","","2026-08-06T19:43:04.083Z","2026-08-06T23:09:14.833Z","4137","I'm looking at all the flowers on the table with the checkered cloth. Which specific type of pink flower is in the clear glass vase right in the middle?","[""Pink carnations"",""Pink roses"",""Pink tulips"",""Pink lilies"",""Pink daisies""]","A","Pink carnations","Alice","https://huggingface.co/datasets/lmms-lab/EgoLife/resolve/main/A2_ALICE/DAY5/DAY5_A2_ALICE_11250000.mp4","Shure","https://huggingface.co/datasets/lmms-lab/EgoLife/resolve/main/A6_SHURE/DAY5/DAY5_A6_SHURE_11250000.mp4"
"egolife_rlhf_packet_ranking_v4","dbea4d3c4ab21c99f39c","day5_7_full_100","HM","completed","14","EGOLIFE2U_RANDOM_PAIR_CLIP_PRUNED_DAY5_11250000_A2_A6_0-1","2","EGOLIFE2U_RANDOM_PAIR_CLIP_PRUNED_DAY5_11250000_A2_A6_0-1::candidate_01","1","1","2","4","6","false","","","2026-08-06T19:43:04.083Z","2026-08-06T23:09:14.833Z","4137","I was sitting at my desk working on my laptop. Was there a white bottle with a red cap on my desk?","[""Yes, it was on the left side of the laptop."",""Yes, it was on the right side of the laptop."",""No, there was only a red soda can."",""No, there was only a pair of glasses."",""No, there was only a white bowl.""]","A","Yes, it was on the left side of the laptop.","Alice","https://huggingface.co/datasets/lmms-lab/EgoLife/resolve/main/A2_ALICE/DAY5/DAY5_A2_ALICE_11250000.mp4","Shure","https://huggingface.co/datasets/lmms-lab/EgoLife/resolve/main/A6_SHURE/DAY5/DAY5_A6_SHURE_11250000.mp4"
"egolife_rlhf_packet_ranking_v4","dbea4d3c4ab21c99f39c","day5_7_full_100","HM","completed","14","EGOLIFE2U_RANDOM_PAIR_CLIP_PRUNED_DAY5_11250000_A2_A6_0-1","3","EGOLIFE2U_RANDOM_PAIR_CLIP_PRUNED_DAY5_11250000_A2_A6_0-1::candidate_02","2","3","2","7","1","false","","","2026-08-06T19:43:04.083Z","2026-08-06T23:09:14.833Z","4137","I was arranging flowers on the table with the red and white checkered cloth. What color soda can was sitting on the desk next to the laptop screen?","[""A red soda can"",""A blue soda can"",""A green soda can"",""A yellow soda can"",""A silver soda can""]","A","A red soda can","Alice","https://huggingface.co/datasets/lmms-lab/EgoLife/resolve/main/A2_ALICE/DAY5/DAY5_A2_ALICE_11250000.mp4","Shure","https://huggingface.co/datasets/lmms-lab/EgoLife/resolve/main/A6_SHURE/DAY5/DAY5_A6_SHURE_11250000.mp4"
"egolife_rlhf_packet_ranking_v4","dbea4d3c4ab21c99f39c","day5_7_full_100","HM","completed","14","EGOLIFE2U_RANDOM_PAIR_CLIP_PRUNED_DAY5_11250000_A2_A6_0-1","4","EGOLIFE2U_RANDOM_PAIR_CLIP_PRUNED_DAY5_11250000_A2_A6_0-1::candidate_06","1","3","2","6","2","false","","","2026-08-06T19:43:04.083Z","2026-08-06T23:09:14.833Z","4137","When I was inside arranging the flowers on the table, what were you doing at your desk?","[""Typing on a laptop"",""Watching a movie"",""Drinking from a red can"",""Organizing files"",""Taking a phone call""]","A","Typing on a laptop","Alice","https://huggingface.co/datasets/lmms-lab/EgoLife/resolve/main/A2_ALICE/DAY5/DAY5_A2_ALICE_11250000.mp4","Shure","https://huggingface.co/datasets/lmms-lab/EgoLife/resolve/main/A6_SHURE/DAY5/DAY5_A6_SHURE_11250000.mp4"
"egolife_rlhf_packet_ranking_v4","dbea4d3c4ab21c99f39c","day5_7_full_100","HM","completed","14","EGOLIFE2U_RANDOM_PAIR_CLIP_PRUNED_DAY5_11250000_A2_A6_0-1","5","EGOLIFE2U_RANDOM_PAIR_CLIP_PRUNED_DAY5_11250000_A2_A6_0-1::candidate_03","1","1","2","4","6","false","","","2026-08-06T19:43:04.083Z","2026-08-06T23:09:14.833Z","4137","I was just looking at my phone on the desk while you were arranging the flowers at the table. What was the red can sitting next to my laptop?","[""A red soda can"",""A red energy drink"",""A red coffee mug"",""A red water bottle"",""A red juice box""]","A","A red soda can","Alice","https://huggingface.co/datasets/lmms-lab/EgoLife/resolve/main/A2_ALICE/DAY5/DAY5_A2_ALICE_11250000.mp4","Shure","https://huggingface.co/datasets/lmms-lab/EgoLife/resolve/main/A6_SHURE/DAY5/DAY5_A6_SHURE_11250000.mp4"
"egolife_rlhf_packet_ranking_v4","dbea4d3c4ab21c99f39c","day5_7_full_100","HM","completed","14","EGOLIFE2U_RANDOM_PAIR_CLIP_PRUNED_DAY5_11250000_A2_A6_0-1","6","EGOLIFE2U_RANDOM_PAIR_CLIP_PRUNED_DAY5_11250000_A2_A6_0-1::candidate_05","2","1","1","4","3","false","","","2026-08-06T19:43:04.083Z","2026-08-06T23:09:14.833Z","4137","I'm looking at the table with the checkered cloth covered in flowers and snacks. There's a large white bottle with a red cap sitting on the desk next to the laptop. What is that bottle?","[""A bottle of medicine or supplements"",""A bottle of dish soap"",""A bottle of cooking oil"",""A bottle of perfume"",""A bottle of water""]","A","A bottle of medicine or supplements","Alice","https://huggingface.co/datasets/lmms-lab/EgoLife/resolve/main/A2_ALICE/DAY5/DAY5_A2_ALICE_11250000.mp4","Shure","https://huggingface.co/datasets/lmms-lab/EgoLife/resolve/main/A6_SHURE/DAY5/DAY5_A6_SHURE_11250000.mp4"
"egolife_rlhf_packet_ranking_v4","dbea4d3c4ab21c99f39c","day5_7_full_100","HM","completed","15","EGOLIFE2U_RANDOM_PAIR_CLIP_PRUNED_DAY5_11260000_A2_A6_0-1","1","EGOLIFE2U_RANDOM_PAIR_CLIP_PRUNED_DAY5_11260000_A2_A6_0-1::candidate_01","2","1","2","5","1","false","","","2026-08-06T19:43:04.249Z","2026-08-06T23:23:39.543Z","942","I was standing by the table with the checkered tablecloth, and I noticed a large white bottle with a red cap sitting on the surface nearby. What was the person at the desk doing while I was there?","[""Typing on a laptop keyboard"",""Cleaning the table with a cloth"",""Looking at a printed photograph"",""Drinking from a mug"",""Writing in a notebook""]","A","Typing on a laptop keyboard","Alice","https://huggingface.co/datasets/lmms-lab/EgoLife/resolve/main/A2_ALICE/DAY5/DAY5_A2_ALICE_11260000.mp4","Shure","https://huggingface.co/datasets/lmms-lab/EgoLife/resolve/main/A6_SHURE/DAY5/DAY5_A6_SHURE_11260000.mp4"
"egolife_rlhf_packet_ranking_v4","dbea4d3c4ab21c99f39c","day5_7_full_100","HM","completed","15","EGOLIFE2U_RANDOM_PAIR_CLIP_PRUNED_DAY5_11260000_A2_A6_0-1","2","EGOLIFE2U_RANDOM_PAIR_CLIP_PRUNED_DAY5_11260000_A2_A6_0-1::candidate_04","1","3","2","6","4","false","","","2026-08-06T19:43:04.249Z","2026-08-06T23:23:39.543Z","942","I was busy eating a sandwich and arranging those pink flowers on the checkered table. While I was handling the food and flowers, what were you doing at the desk with the projector screen?","[""Scrolling through a messaging app on a smartphone"",""Typing on a laptop keyboard"",""Adjusting a white bottle with a red cap"",""Cleaning the desk with a cloth"",""Writing on a piece of paper""]","A","Scrolling through a messaging app on a smartphone","Alice","https://huggingface.co/datasets/lmms-lab/EgoLife/resolve/main/A2_ALICE/DAY5/DAY5_A2_ALICE_11260000.mp4","Shure","https://huggingface.co/datasets/lmms-lab/EgoLife/resolve/main/A6_SHURE/DAY5/DAY5_A6_SHURE_11260000.mp4"
"egolife_rlhf_packet_ranking_v4","dbea4d3c4ab21c99f39c","day5_7_full_100","HM","completed","15","EGOLIFE2U_RANDOM_PAIR_CLIP_PRUNED_DAY5_11260000_A2_A6_0-1","3","EGOLIFE2U_RANDOM_PAIR_CLIP_PRUNED_DAY5_11260000_A2_A6_0-1::candidate_05","1","3","2","6","5","false","","","2026-08-06T19:43:04.249Z","2026-08-06T23:23:39.543Z","942","I was at the table with the checkered cloth eating a sandwich and looking at the flowers. Did you notice what was sitting on the desk near the laptop screen while you were working?","[""A large white bottle with a red cap"",""A small potted cactus"",""A pair of black sunglasses"",""A stack of red envelopes"",""A blue water bottle""]","A","A large white bottle with a red cap","Alice","https://huggingface.co/datasets/lmms-lab/EgoLife/resolve/main/A2_ALICE/DAY5/DAY5_A2_ALICE_11260000.mp4","Shure","https://huggingface.co/datasets/lmms-lab/EgoLife/resolve/main/A6_SHURE/DAY5/DAY5_A6_SHURE_11260000.mp4"
"egolife_rlhf_packet_ranking_v4","dbea4d3c4ab21c99f39c","day5_7_full_100","HM","completed","15","EGOLIFE2U_RANDOM_PAIR_CLIP_PRUNED_DAY5_11260000_A2_A6_0-1","4","EGOLIFE2U_RANDOM_PAIR_CLIP_PRUNED_DAY5_11260000_A2_A6_0-1::candidate_02","2","1","2","5","1","false","","","2026-08-06T19:43:04.249Z","2026-08-06T23:23:39.543Z","942","I was standing by the table with the checkered tablecloth and the flower vases, and I noticed a large white bottle with a red cap sitting on a desk nearby. What was the person at that desk doing with the smartphone and laptop?","[""Typing on the laptop keyboard"",""Scrolling through a photo gallery"",""Taking a picture of the table"",""Watching a video on the phone"",""Reading a printed document""]","A","Typing on the laptop keyboard","Alice","https://huggingface.co/datasets/lmms-lab/EgoLife/resolve/main/A2_ALICE/DAY5/DAY5_A2_ALICE_11260000.mp4","Shure","https://huggingface.co/datasets/lmms-lab/EgoLife/resolve/main/A6_SHURE/DAY5/DAY5_A6_SHURE_11260000.mp4"
"egolife_rlhf_packet_ranking_v4","dbea4d3c4ab21c99f39c","day5_7_full_100","HM","completed","15","EGOLIFE2U_RANDOM_PAIR_CLIP_PRUNED_DAY5_11260000_A2_A6_0-1","5","EGOLIFE2U_RANDOM_PAIR_CLIP_PRUNED_DAY5_11260000_A2_A6_0-1::candidate_06","1","3","2","6","6","false","","","2026-08-06T19:43:04.249Z","2026-08-06T23:23:39.543Z","942","I was at the table with the checkered cloth eating a sandwich and looking at the flowers. Did you notice what was sitting on the desk near the laptop screen?","[""A large white bottle with a red cap"",""A small potted cactus"",""A pair of black sunglasses"",""A stack of red envelopes"",""A blue water bottle""]","A","A large white bottle with a red cap","Alice","https://huggingface.co/datasets/lmms-lab/EgoLife/resolve/main/A2_ALICE/DAY5/DAY5_A2_ALICE_11260000.mp4","Shure","https://huggingface.co/datasets/lmms-lab/EgoLife/resolve/main/A6_SHURE/DAY5/DAY5_A6_SHURE_11260000.mp4"
"egolife_rlhf_packet_ranking_v4","dbea4d3c4ab21c99f39c","day5_7_full_100","HM","completed","15","EGOLIFE2U_RANDOM_PAIR_CLIP_PRUNED_DAY5_11260000_A2_A6_0-1","6","EGOLIFE2U_RANDOM_PAIR_CLIP_PRUNED_DAY5_11260000_A2_A6_0-1::candidate_03","2","1","2","5","1","false","","","2026-08-06T19:43:04.249Z","2026-08-06T23:23:39.543Z","942","I was standing by the table with the checkered tablecloth and the flower vases, and I noticed a large white bottle with a red cap sitting on a desk nearby. What was the person at that desk doing with the smartphone and laptop?","[""Typing on the laptop keyboard"",""Scrolling through a photo gallery"",""Taking a picture of the table"",""Watching a video on the phone"",""Reading a printed document""]","A","Typing on the laptop keyboard","Alice","https://huggingface.co/datasets/lmms-lab/EgoLife/resolve/main/A2_ALICE/DAY5/DAY5_A2_ALICE_11260000.mp4","Shure","https://huggingface.co/datasets/lmms-lab/EgoLife/resolve/main/A6_SHURE/DAY5/DAY5_A6_SHURE_11260000.mp4"
"egolife_rlhf_packet_ranking_v4","dbea4d3c4ab21c99f39c","day5_7_full_100","HM","completed","16","EGOLIFE2U_RANDOM_PAIR_CLIP_PRUNED_DAY5_11310000_A1_A2_0-1","1","EGOLIFE2U_RANDOM_PAIR_CLIP_PRUNED_DAY5_11310000_A1_A2_0-1::candidate_02","2","1","2","5","3","false","","","2026-08-06T19:43:04.411Z","2026-08-07T00:11:06.641Z","2765","I just went out to the wooden deck with this white plastic bag. What was the little girl in the maroon dress doing inside near the whiteboard while I was heading out?","[""Sitting at the table arranging flowers"",""Standing by the whiteboard holding a marker"",""Kneeling on the floor looking through boxes"",""Sitting on the bed using a laptop"",""Standing in the living room holding a toy""]","B","Standing by the whiteboard holding a marker","Jake","https://huggingface.co/datasets/lmms-lab/EgoLife/resolve/main/A1_JAKE/DAY5/DAY5_A1_JAKE_11310000.mp4","Alice","https://huggingface.co/datasets/lmms-lab/EgoLife/resolve/main/A2_ALICE/DAY5/DAY5_A2_ALICE_11310000.mp4"
"egolife_rlhf_packet_ranking_v4","dbea4d3c4ab21c99f39c","day5_7_full_100","HM","completed","16","EGOLIFE2U_RANDOM_PAIR_CLIP_PRUNED_DAY5_11310000_A1_A2_0-1","2","EGOLIFE2U_RANDOM_PAIR_CLIP_PRUNED_DAY5_11310000_A1_A2_0-1::candidate_04","2","3","2","7","1","false","","","2026-08-06T19:43:04.411Z","2026-08-07T00:11:06.641Z","2765","When I went out onto the wooden deck with that white bag, where had the person in the red dress ended up?","[""Standing in the living room near the whiteboard"",""Sitting on the bed in the bedroom"",""Standing on the wooden deck with me"",""Sitting at the dining table with the flowers"",""In the kitchen near the refrigerator""]","A","Standing in the living room near the whiteboard","Jake","https://huggingface.co/datasets/lmms-lab/EgoLife/resolve/main/A1_JAKE/DAY5/DAY5_A1_JAKE_11310000.mp4","Alice","https://huggingface.co/datasets/lmms-lab/EgoLife/resolve/main/A2_ALICE/DAY5/DAY5_A2_ALICE_11310000.mp4"
"egolife_rlhf_packet_ranking_v4","dbea4d3c4ab21c99f39c","day5_7_full_100","HM","completed","16","EGOLIFE2U_RANDOM_PAIR_CLIP_PRUNED_DAY5_11310000_A1_A2_0-1","3","EGOLIFE2U_RANDOM_PAIR_CLIP_PRUNED_DAY5_11310000_A1_A2_0-1::candidate_05","1","1","1","3","6","false","","","2026-08-06T19:43:04.411Z","2026-08-07T00:11:06.641Z","2765","I was standing by the whiteboard near the entrance of the living room holding a plastic bag. Who was the other person I was waiting for, who was sitting at the table with the flowers?","[""The person wearing a white shirt and white pants"",""The person wearing a red dress"",""The person in the purple shirt"",""The person in the grey shirt"",""The person in the blue dress""]","A","The person wearing a white shirt and white pants","Jake","https://huggingface.co/datasets/lmms-lab/EgoLife/resolve/main/A1_JAKE/DAY5/DAY5_A1_JAKE_11310000.mp4","Alice","https://huggingface.co/datasets/lmms-lab/EgoLife/resolve/main/A2_ALICE/DAY5/DAY5_A2_ALICE_11310000.mp4"
"egolife_rlhf_packet_ranking_v4","dbea4d3c4ab21c99f39c","day5_7_full_100","HM","completed","16","EGOLIFE2U_RANDOM_PAIR_CLIP_PRUNED_DAY5_11310000_A1_A2_0-1","4","EGOLIFE2U_RANDOM_PAIR_CLIP_PRUNED_DAY5_11310000_A1_A2_0-1::candidate_01","2","1","2","5","3","false","","","2026-08-06T19:43:04.411Z","2026-08-07T00:11:06.641Z","2765","I just headed out to the wooden deck with this white plastic bag. What was the little girl in the maroon dress doing inside while I was walking out?","[""Sitting at the table arranging the flowers"",""Standing by the whiteboard holding a marker"",""Kneeling on the floor looking through boxes"",""Sitting on the bed using a laptop"",""Standing in the living room holding a toy""]","B","Standing by the whiteboard holding a marker","Jake","https://huggingface.co/datasets/lmms-lab/EgoLife/resolve/main/A1_JAKE/DAY5/DAY5_A1_JAKE_11310000.mp4","Alice","https://huggingface.co/datasets/lmms-lab/EgoLife/resolve/main/A2_ALICE/DAY5/DAY5_A2_ALICE_11310000.mp4"
"egolife_rlhf_packet_ranking_v4","dbea4d3c4ab21c99f39c","day5_7_full_100","HM","completed","16","EGOLIFE2U_RANDOM_PAIR_CLIP_PRUNED_DAY5_11310000_A1_A2_0-1","5","EGOLIFE2U_RANDOM_PAIR_CLIP_PRUNED_DAY5_11310000_A1_A2_0-1::candidate_06","2","2","2","6","2","false","","","2026-08-06T19:43:04.411Z","2026-08-07T00:11:06.641Z","2765","I was walking toward the sliding door near the tall potted plant to step out onto the wooden deck. What object was sitting on the table where the person in the white shirt was working?","[""A laptop computer"",""A cardboard cutout of a character"",""A stack of books"",""A pile of laundry"",""A large whiteboard""]","B","A cardboard cutout of a character","Jake","https://huggingface.co/datasets/lmms-lab/EgoLife/resolve/main/A1_JAKE/DAY5/DAY5_A1_JAKE_11310000.mp4","Alice","https://huggingface.co/datasets/lmms-lab/EgoLife/resolve/main/A2_ALICE/DAY5/DAY5_A2_ALICE_11310000.mp4"
"egolife_rlhf_packet_ranking_v4","dbea4d3c4ab21c99f39c","day5_7_full_100","HM","completed","16","EGOLIFE2U_RANDOM_PAIR_CLIP_PRUNED_DAY5_11310000_A1_A2_0-1","6","EGOLIFE2U_RANDOM_PAIR_CLIP_PRUNED_DAY5_11310000_A1_A2_0-1::candidate_03","2","3","1","6","5","false","","","2026-08-06T19:43:04.411Z","2026-08-07T00:11:06.641Z","2765","I saw the little girl in the maroon dress standing in front of the whiteboard. What was written at the very top of that board?","[""A list of chores"",""The word 'Timeline'"",""A drawing of a house"",""The word 'Shopping'"",""A math equation""]","B","The word 'Timeline'","Jake","https://huggingface.co/datasets/lmms-lab/EgoLife/resolve/main/A1_JAKE/DAY5/DAY5_A1_JAKE_11310000.mp4","Alice","https://huggingface.co/datasets/lmms-lab/EgoLife/resolve/main/A2_ALICE/DAY5/DAY5_A2_ALICE_11310000.mp4"
"egolife_rlhf_packet_ranking_v4","dbea4d3c4ab21c99f39c","day5_7_full_100","HM","completed","17","EGOLIFE2U_RANDOM_PAIR_CLIP_PRUNED_DAY5_11313000_A1_A6_0-1","1","EGOLIFE2U_RANDOM_PAIR_CLIP_PRUNED_DAY5_11313000_A1_A6_0-1::candidate_01","2","3","1","6","1","false","","","2026-08-06T19:43:04.574Z","2026-08-07T12:38:41.614Z","43959","I was looking out at the backyard patio while washing things at the sink, but I couldn't see what was on the desk in the other room. Which of these items was sitting on the desk next to the laptop?","[""A white bottle with a red cap"",""A pair of wooden salad servers"",""A red soda can"",""A black smartphone"",""A pair of eyeglasses""]","C","A red soda can","Jake","https://huggingface.co/datasets/lmms-lab/EgoLife/resolve/main/A1_JAKE/DAY5/DAY5_A1_JAKE_11313000.mp4","Shure","https://huggingface.co/datasets/lmms-lab/EgoLife/resolve/main/A6_SHURE/DAY5/DAY5_A6_SHURE_11313000.mp4"
"egolife_rlhf_packet_ranking_v4","dbea4d3c4ab21c99f39c","day5_7_full_100","HM","completed","17","EGOLIFE2U_RANDOM_PAIR_CLIP_PRUNED_DAY5_11313000_A1_A6_0-1","2","EGOLIFE2U_RANDOM_PAIR_CLIP_PRUNED_DAY5_11313000_A1_A6_0-1::candidate_02","1","2","2","5","2","false","","","2026-08-06T19:43:04.574Z","2026-08-07T12:38:41.614Z","43959","I was washing dishes at the sink and looking out towards the backyard. In the living room where the projector screen is, what red item was sitting on the desk?","[""A red soda can"",""A red plastic bottle"",""A red smartphone case"",""A red notebook"",""A red mug""]","A","A red soda can","Jake","https://huggingface.co/datasets/lmms-lab/EgoLife/resolve/main/A1_JAKE/DAY5/DAY5_A1_JAKE_11313000.mp4","Shure","https://huggingface.co/datasets/lmms-lab/EgoLife/resolve/main/A6_SHURE/DAY5/DAY5_A6_SHURE_11313000.mp4"
"egolife_rlhf_packet_ranking_v4","dbea4d3c4ab21c99f39c","day5_7_full_100","HM","completed","17","EGOLIFE2U_RANDOM_PAIR_CLIP_PRUNED_DAY5_11313000_A1_A6_0-1","3","EGOLIFE2U_RANDOM_PAIR_CLIP_PRUNED_DAY5_11313000_A1_A6_0-1::candidate_06","2","1","1","4","4","false","","","2026-08-06T19:43:04.574Z","2026-08-07T12:38:41.614Z","43959","I noticed a bottle with a red cap sitting on the desk next to the laptop. What is that bottle actually?","[""A white bottle of cleaning spray"",""A white bottle of cleaning fluid"",""A white bottle of hand sanitizer"",""A white bottle of lotion"",""A white bottle of mouthwash""]","B","A white bottle of cleaning fluid","Jake","https://huggingface.co/datasets/lmms-lab/EgoLife/resolve/main/A1_JAKE/DAY5/DAY5_A1_JAKE_11313000.mp4","Shure","https://huggingface.co/datasets/lmms-lab/EgoLife/resolve/main/A6_SHURE/DAY5/DAY5_A6_SHURE_11313000.mp4"
"egolife_rlhf_packet_ranking_v4","dbea4d3c4ab21c99f39c","day5_7_full_100","HM","completed","17","EGOLIFE2U_RANDOM_PAIR_CLIP_PRUNED_DAY5_11313000_A1_A6_0-1","4","EGOLIFE2U_RANDOM_PAIR_CLIP_PRUNED_DAY5_11313000_A1_A6_0-1::candidate_03","2","1","2","5","3","false","","","2026-08-06T19:43:04.574Z","2026-08-07T12:38:41.614Z","43959","I was checking the backyard area and then came inside to wash dishes at the sink. In the room with the projector screen where I saw you working on the laptop, what white appliance is sitting on the counter behind the sofa?","[""A white microwave"",""A white toaster oven"",""A white air fryer"",""A white mini-fridge"",""A white coffee maker""]","A","A white microwave","Jake","https://huggingface.co/datasets/lmms-lab/EgoLife/resolve/main/A1_JAKE/DAY5/DAY5_A1_JAKE_11313000.mp4","Shure","https://huggingface.co/datasets/lmms-lab/EgoLife/resolve/main/A6_SHURE/DAY5/DAY5_A6_SHURE_11313000.mp4"
"egolife_rlhf_packet_ranking_v4","dbea4d3c4ab21c99f39c","day5_7_full_100","HM","completed","17","EGOLIFE2U_RANDOM_PAIR_CLIP_PRUNED_DAY5_11313000_A1_A6_0-1","5","EGOLIFE2U_RANDOM_PAIR_CLIP_PRUNED_DAY5_11313000_A1_A6_0-1::candidate_04","3","2","1","6","6","false","","","2026-08-06T19:43:04.574Z","2026-08-07T12:38:41.614Z","43959","I was outside looking at the blue house and then came inside to wash a glass at the sink, but I missed what was happening in the living area. While I was handling the glass at the sink, which person was standing near the large white projection screen?","[""A person wearing a maroon dress"",""A person wearing a white outfit"",""A person wearing a dark jacket"",""A person wearing a red shirt"",""A person wearing a blue robe""]","B","A person wearing a white outfit","Jake","https://huggingface.co/datasets/lmms-lab/EgoLife/resolve/main/A1_JAKE/DAY5/DAY5_A1_JAKE_11313000.mp4","Shure","https://huggingface.co/datasets/lmms-lab/EgoLife/resolve/main/A6_SHURE/DAY5/DAY5_A6_SHURE_11313000.mp4"
"egolife_rlhf_packet_ranking_v4","dbea4d3c4ab21c99f39c","day5_7_full_100","HM","completed","17","EGOLIFE2U_RANDOM_PAIR_CLIP_PRUNED_DAY5_11313000_A1_A6_0-1","6","EGOLIFE2U_RANDOM_PAIR_CLIP_PRUNED_DAY5_11313000_A1_A6_0-1::candidate_05","3","2","1","6","6","false","","","2026-08-06T19:43:04.574Z","2026-08-07T12:38:41.614Z","43959","I saw a large white appliance sitting on the kitchen counter next to the sink, but from my angle I couldn't tell what it was. What is that white box actually?","[""A washing machine"",""A microwave oven"",""A refrigerator"",""A coffee maker"",""A toaster oven""]","B","A microwave oven","Jake","https://huggingface.co/datasets/lmms-lab/EgoLife/resolve/main/A1_JAKE/DAY5/DAY5_A1_JAKE_11313000.mp4","Shure","https://huggingface.co/datasets/lmms-lab/EgoLife/resolve/main/A6_SHURE/DAY5/DAY5_A6_SHURE_11313000.mp4"
"egolife_rlhf_packet_ranking_v4","dbea4d3c4ab21c99f39c","day5_7_full_100","HM","completed","18","EGOLIFE2U_RANDOM_PAIR_CLIP_PRUNED_DAY5_11330000_A1_A2_0-1","1","EGOLIFE2U_RANDOM_PAIR_CLIP_PRUNED_DAY5_11330000_A1_A2_0-1::candidate_05","2","1","1","4","6","false","","","2026-08-06T19:43:05.506Z","2026-08-07T12:54:18.591Z","945","I'm holding these black glasses in my hands while sitting at the table. What is the person sitting on the stool right next to me wearing?","[""a dark purple or maroon outfit with white cuffs"",""a white shirt with light-colored patterned pants"",""a bright blue dress with a white collar"",""a black t-shirt and dark jeans"",""a red sweater and black skirt""]","A","a dark purple or maroon outfit with white cuffs","Jake","https://huggingface.co/datasets/lmms-lab/EgoLife/resolve/main/A1_JAKE/DAY5/DAY5_A1_JAKE_11330000.mp4","Alice","https://huggingface.co/datasets/lmms-lab/EgoLife/resolve/main/A2_ALICE/DAY5/DAY5_A2_ALICE_11330000.mp4"
"egolife_rlhf_packet_ranking_v4","dbea4d3c4ab21c99f39c","day5_7_full_100","HM","completed","18","EGOLIFE2U_RANDOM_PAIR_CLIP_PRUNED_DAY5_11330000_A1_A2_0-1","2","EGOLIFE2U_RANDOM_PAIR_CLIP_PRUNED_DAY5_11330000_A1_A2_0-1::candidate_04","2","1","1","4","3","false","","","2026-08-06T19:43:05.506Z","2026-08-07T12:54:18.591Z","945","I'm looking at the black frame object I'm holding in my hands, but I can't quite tell what it is. What is that item?","[""a pair of eyeglasses"",""a head-mounted camera"",""a pair of sunglasses"",""a pair of headphones"",""a small handheld mirror""]","A","a pair of eyeglasses","Jake","https://huggingface.co/datasets/lmms-lab/EgoLife/resolve/main/A1_JAKE/DAY5/DAY5_A1_JAKE_11330000.mp4","Alice","https://huggingface.co/datasets/lmms-lab/EgoLife/resolve/main/A2_ALICE/DAY5/DAY5_A2_ALICE_11330000.mp4"
"egolife_rlhf_packet_ranking_v4","dbea4d3c4ab21c99f39c","day5_7_full_100","HM","completed","18","EGOLIFE2U_RANDOM_PAIR_CLIP_PRUNED_DAY5_11330000_A1_A2_0-1","3","EGOLIFE2U_RANDOM_PAIR_CLIP_PRUNED_DAY5_11330000_A1_A2_0-1::candidate_01","3","1","1","5","2","false","","","2026-08-06T19:43:05.506Z","2026-08-07T12:54:18.591Z","945","I see a cardboard cutout on the table that looks like a cartoon animal head, but from my angle, I can't quite tell which character it is. Which character does that cardboard figure represent?","[""A Pikachu"",""A Sanrio character"",""A Hello Kitty"",""A My Melody"",""A Pochacco""]","C","A Hello Kitty","Jake","https://huggingface.co/datasets/lmms-lab/EgoLife/resolve/main/A1_JAKE/DAY5/DAY5_A1_JAKE_11330000.mp4","Alice","https://huggingface.co/datasets/lmms-lab/EgoLife/resolve/main/A2_ALICE/DAY5/DAY5_A2_ALICE_11330000.mp4"
"egolife_rlhf_packet_ranking_v4","dbea4d3c4ab21c99f39c","day5_7_full_100","HM","completed","18","EGOLIFE2U_RANDOM_PAIR_CLIP_PRUNED_DAY5_11330000_A1_A2_0-1","4","EGOLIFE2U_RANDOM_PAIR_CLIP_PRUNED_DAY5_11330000_A1_A2_0-1::candidate_02","3","1","1","5","1","false","","","2026-08-06T19:43:05.506Z","2026-08-07T12:54:18.591Z","945","I noticed a cardboard figure sitting on the table next to the checkered tablecloth, but from my angle, it looks like just a brown shape. What character is that cardboard cutout actually supposed to be?","[""A brown bear character"",""A cartoon rabbit character"",""A cat character with pink ears"",""A dog character with floppy ears"",""A bird character with a beak""]","A","A brown bear character","Jake","https://huggingface.co/datasets/lmms-lab/EgoLife/resolve/main/A1_JAKE/DAY5/DAY5_A1_JAKE_11330000.mp4","Alice","https://huggingface.co/datasets/lmms-lab/EgoLife/resolve/main/A2_ALICE/DAY5/DAY5_A2_ALICE_11330000.mp4"
"egolife_rlhf_packet_ranking_v4","dbea4d3c4ab21c99f39c","day5_7_full_100","HM","completed","18","EGOLIFE2U_RANDOM_PAIR_CLIP_PRUNED_DAY5_11330000_A1_A2_0-1","5","EGOLIFE2U_RANDOM_PAIR_CLIP_PRUNED_DAY5_11330000_A1_A2_0-1::candidate_03","3","1","1","5","3","false","","","2026-08-06T19:43:05.506Z","2026-08-07T12:54:18.591Z","945","I see a person standing near the window by the table with the checkered cloth, but it's a bit hard to tell from my angle. What color is the outfit that person is wearing?","[""A dark purple dress"",""A bright red jacket"",""A light blue shirt"",""A white apron"",""A black t-shirt""]","A","A dark purple dress","Jake","https://huggingface.co/datasets/lmms-lab/EgoLife/resolve/main/A1_JAKE/DAY5/DAY5_A1_JAKE_11330000.mp4","Alice","https://huggingface.co/datasets/lmms-lab/EgoLife/resolve/main/A2_ALICE/DAY5/DAY5_A2_ALICE_11330000.mp4"
"egolife_rlhf_packet_ranking_v4","dbea4d3c4ab21c99f39c","day5_7_full_100","HM","completed","18","EGOLIFE2U_RANDOM_PAIR_CLIP_PRUNED_DAY5_11330000_A1_A2_0-1","6","EGOLIFE2U_RANDOM_PAIR_CLIP_PRUNED_DAY5_11330000_A1_A2_0-1::candidate_06","2","3","1","6","5","false","","","2026-08-06T19:43:05.506Z","2026-08-07T12:54:18.591Z","945","I was holding the black glasses near the table while that person in the dark outfit stood nearby. What was the other person sitting at the table wearing?","[""a white top with a light pattern"",""a dark purple or maroon outfit with white cuffs"",""a bright blue shirt and jeans"",""a black t-shirt and dark pants"",""a red sweater and a skirt""]","A","a white top with a light pattern","Jake","https://huggingface.co/datasets/lmms-lab/EgoLife/resolve/main/A1_JAKE/DAY5/DAY5_A1_JAKE_11330000.mp4","Alice","https://huggingface.co/datasets/lmms-lab/EgoLife/resolve/main/A2_ALICE/DAY5/DAY5_A2_ALICE_11330000.mp4"
"egolife_rlhf_packet_ranking_v4","dbea4d3c4ab21c99f39c","day5_7_full_100","HM","completed","19","EGOLIFE2U_RANDOM_PAIR_CLIP_PRUNED_DAY5_11333000_A2_A6_0-1","1","EGOLIFE2U_RANDOM_PAIR_CLIP_PRUNED_DAY5_11333000_A2_A6_0-1::candidate_04","2","3","1","6","6","false","","","2026-08-06T19:43:05.674Z","2026-08-07T12:59:39.343Z","289","I was sitting at the table with the checkered cloth folding a tissue while I noticed the person in the maroon top standing nearby. Where did that person end up going?","[""They moved to the kitchen near the sink and window"",""They sat down on the sofa in the living room"",""They walked out the front door"",""They went into the bedroom with the closed door"",""They stayed standing by the table the whole time""]","A","They moved to the kitchen near the sink and window","Alice","https://huggingface.co/datasets/lmms-lab/EgoLife/resolve/main/A2_ALICE/DAY5/DAY5_A2_ALICE_11333000.mp4","Shure","https://huggingface.co/datasets/lmms-lab/EgoLife/resolve/main/A6_SHURE/DAY5/DAY5_A6_SHURE_11333000.mp4"
"egolife_rlhf_packet_ranking_v4","dbea4d3c4ab21c99f39c","day5_7_full_100","HM","completed","19","EGOLIFE2U_RANDOM_PAIR_CLIP_PRUNED_DAY5_11333000_A2_A6_0-1","2","EGOLIFE2U_RANDOM_PAIR_CLIP_PRUNED_DAY5_11333000_A2_A6_0-1::candidate_05","2","3","1","6","6","false","","","2026-08-06T19:43:05.674Z","2026-08-07T12:59:39.343Z","289","I was sitting at the table with the checkered cloth folding a tissue while I noticed the person in the maroon top standing nearby. Where did that person end up going?","[""They moved to the kitchen near the sink and window"",""They sat down on the sofa in the living room"",""They walked out the front door"",""They went into the bedroom with the closed door"",""They stayed standing by the table the whole time""]","A","They moved to the kitchen near the sink and window","Alice","https://huggingface.co/datasets/lmms-lab/EgoLife/resolve/main/A2_ALICE/DAY5/DAY5_A2_ALICE_11333000.mp4","Shure","https://huggingface.co/datasets/lmms-lab/EgoLife/resolve/main/A6_SHURE/DAY5/DAY5_A6_SHURE_11333000.mp4"
"egolife_rlhf_packet_ranking_v4","dbea4d3c4ab21c99f39c","day5_7_full_100","HM","completed","19","EGOLIFE2U_RANDOM_PAIR_CLIP_PRUNED_DAY5_11333000_A2_A6_0-1","3","EGOLIFE2U_RANDOM_PAIR_CLIP_PRUNED_DAY5_11333000_A2_A6_0-1::candidate_03","2","1","1","4","4","false","","","2026-08-06T19:43:05.674Z","2026-08-07T12:59:39.343Z","289","I was sitting at the table with the checkered cloth and the cardboard decorations, but I couldn't see what was happening in the other room. Was the person in the living room with the projection screen standing near the white door on the right?","[""Yes, standing near the white door on the right"",""No, sitting on the brown sofa on the left"",""Yes, standing right in front of the projection screen"",""No, sitting at the desk in the middle of the room"",""No, standing near the tripod on the left side""]","A","Yes, standing near the white door on the right","Alice","https://huggingface.co/datasets/lmms-lab/EgoLife/resolve/main/A2_ALICE/DAY5/DAY5_A2_ALICE_11333000.mp4","Shure","https://huggingface.co/datasets/lmms-lab/EgoLife/resolve/main/A6_SHURE/DAY5/DAY5_A6_SHURE_11333000.mp4"
"egolife_rlhf_packet_ranking_v4","dbea4d3c4ab21c99f39c","day5_7_full_100","HM","completed","19","EGOLIFE2U_RANDOM_PAIR_CLIP_PRUNED_DAY5_11333000_A2_A6_0-1","4","EGOLIFE2U_RANDOM_PAIR_CLIP_PRUNED_DAY5_11333000_A2_A6_0-1::candidate_01","2","1","1","4","4","false","","","2026-08-06T19:43:05.674Z","2026-08-07T12:59:39.343Z","289","I was sitting at the table with the checkered cloth and the cardboard decorations, but I couldn't see what was happening in the other room. Was the person in the living room with the projection screen standing near the white door on the right?","[""Yes, standing near the white door on the right"",""No, sitting on the brown sofa on the left"",""Yes, standing right in front of the projection screen"",""No, sitting at the desk in the middle of the room"",""No, standing near the tripod on the left side""]","A","Yes, standing near the white door on the right","Alice","https://huggingface.co/datasets/lmms-lab/EgoLife/resolve/main/A2_ALICE/DAY5/DAY5_A2_ALICE_11333000.mp4","Shure","https://huggingface.co/datasets/lmms-lab/EgoLife/resolve/main/A6_SHURE/DAY5/DAY5_A6_SHURE_11333000.mp4"
"egolife_rlhf_packet_ranking_v4","dbea4d3c4ab21c99f39c","day5_7_full_100","HM","completed","19","EGOLIFE2U_RANDOM_PAIR_CLIP_PRUNED_DAY5_11333000_A2_A6_0-1","5","EGOLIFE2U_RANDOM_PAIR_CLIP_PRUNED_DAY5_11333000_A2_A6_0-1::candidate_06","3","1","1","5","5","false","","","2026-08-06T19:43:05.674Z","2026-08-07T12:59:39.343Z","289","I was sitting at the table with the checkered cloth folding a tissue, but I couldn't see what was happening over by the window. What was the person in the maroon top doing near the sink?","[""Washing dishes in the sink"",""Holding a white kettle near the window"",""Cooking on the stove"",""Standing still looking out the window"",""Opening the refrigerator""]","B","Holding a white kettle near the window","Alice","https://huggingface.co/datasets/lmms-lab/EgoLife/resolve/main/A2_ALICE/DAY5/DAY5_A2_ALICE_11333000.mp4","Shure","https://huggingface.co/datasets/lmms-lab/EgoLife/resolve/main/A6_SHURE/DAY5/DAY5_A6_SHURE_11333000.mp4"
"egolife_rlhf_packet_ranking_v4","dbea4d3c4ab21c99f39c","day5_7_full_100","HM","completed","19","EGOLIFE2U_RANDOM_PAIR_CLIP_PRUNED_DAY5_11333000_A2_A6_0-1","6","EGOLIFE2U_RANDOM_PAIR_CLIP_PRUNED_DAY5_11333000_A2_A6_0-1::candidate_02","2","1","1","4","4","false","","","2026-08-06T19:43:05.674Z","2026-08-07T12:59:39.343Z","289","I was sitting at the table with the checkered cloth and the cardboard decorations, but I couldn't see what was happening in the other room. Was the person in the living room with the projection screen standing near the white door on the right?","[""Yes, standing near the white door on the right"",""No, sitting on the brown sofa on the left"",""Yes, standing right in front of the projection screen"",""No, sitting at the desk in the middle of the room"",""No, standing near the tripod on the left side""]","A","Yes, standing near the white door on the right","Alice","https://huggingface.co/datasets/lmms-lab/EgoLife/resolve/main/A2_ALICE/DAY5/DAY5_A2_ALICE_11333000.mp4","Shure","https://huggingface.co/datasets/lmms-lab/EgoLife/resolve/main/A6_SHURE/DAY5/DAY5_A6_SHURE_11333000.mp4"
"egolife_rlhf_packet_ranking_v4","dbea4d3c4ab21c99f39c","day5_7_full_100","HM","completed","20","EGOLIFE2U_RANDOM_PAIR_CLIP_PRUNED_DAY5_11383000_A2_A4_0-1","1","EGOLIFE2U_RANDOM_PAIR_CLIP_PRUNED_DAY5_11383000_A2_A4_0-1::candidate_02","3","1","2","6","2","false","","","2026-08-06T19:43:05.854Z","2026-08-07T13:15:11.093Z","937","I saw the girl in the maroon dress standing by the table with the checkered cloth, but from my angle I couldn't see what she had in her hands. What was she holding and peeling while standing there?","[""A small red apple"",""A yellow banana"",""A green grape"",""An orange"",""A piece of candy""]","A","A small red apple","Alice","https://huggingface.co/datasets/lmms-lab/EgoLife/resolve/main/A2_ALICE/DAY5/DAY5_A2_ALICE_11383000.mp4","Lucia","https://huggingface.co/datasets/lmms-lab/EgoLife/resolve/main/A4_LUCIA/DAY5/DAY5_A4_LUCIA_11383000.mp4"
"egolife_rlhf_packet_ranking_v4","dbea4d3c4ab21c99f39c","day5_7_full_100","HM","completed","20","EGOLIFE2U_RANDOM_PAIR_CLIP_PRUNED_DAY5_11383000_A2_A4_0-1","2","EGOLIFE2U_RANDOM_PAIR_CLIP_PRUNED_DAY5_11383000_A2_A4_0-1::candidate_05","2","3","1","6","5","false","","","2026-08-06T19:43:05.854Z","2026-08-07T13:15:11.093Z","937","I noticed a person in a purple dress moving around the room near the kitchen and the table. What color were the slippers they were wearing?","[""A bright blue pair of slippers"",""A pair of black sandals"",""A pair of white sneakers"",""A pair of brown loafers"",""A pair of pink slippers""]","A","A bright blue pair of slippers","Alice","https://huggingface.co/datasets/lmms-lab/EgoLife/resolve/main/A2_ALICE/DAY5/DAY5_A2_ALICE_11383000.mp4","Lucia","https://huggingface.co/datasets/lmms-lab/EgoLife/resolve/main/A4_LUCIA/DAY5/DAY5_A4_LUCIA_11383000.mp4"
"egolife_rlhf_packet_ranking_v4","dbea4d3c4ab21c99f39c","day5_7_full_100","HM","completed","20","EGOLIFE2U_RANDOM_PAIR_CLIP_PRUNED_DAY5_11383000_A2_A4_0-1","3","EGOLIFE2U_RANDOM_PAIR_CLIP_PRUNED_DAY5_11383000_A2_A4_0-1::candidate_06","1","2","2","5","4","false","","","2026-08-06T19:43:05.854Z","2026-08-07T13:15:11.093Z","937","I was moving around the kitchen and dining area earlier, and later I saw you at the table with the checkered tablecloth. When you were down on the floor with that white bowl, what was the dark, round item you were holding in your hands?","[""a small brown object"",""a red apple"",""a black game controller"",""a purple grape"",""a blue toy""]","A","a small brown object","Alice","https://huggingface.co/datasets/lmms-lab/EgoLife/resolve/main/A2_ALICE/DAY5/DAY5_A2_ALICE_11383000.mp4","Lucia","https://huggingface.co/datasets/lmms-lab/EgoLife/resolve/main/A4_LUCIA/DAY5/DAY5_A4_LUCIA_11383000.mp4"
"egolife_rlhf_packet_ranking_v4","dbea4d3c4ab21c99f39c","day5_7_full_100","HM","completed","20","EGOLIFE2U_RANDOM_PAIR_CLIP_PRUNED_DAY5_11383000_A2_A4_0-1","4","EGOLIFE2U_RANDOM_PAIR_CLIP_PRUNED_DAY5_11383000_A2_A4_0-1::candidate_01","3","3","2","8","1","false","","","2026-08-06T19:43:05.854Z","2026-08-07T13:15:11.093Z","937","I was standing by the table with the checkered cloth and flowers, but I didn't catch what was happening on the floor nearby. What was the person in the maroon dress doing with the small red round object they were holding in their hands?","[""Peeling the skin off of it"",""Cutting it into slices"",""Washing it under water"",""Taking a photo of it"",""Placing it into a box""]","A","Peeling the skin off of it","Alice","https://huggingface.co/datasets/lmms-lab/EgoLife/resolve/main/A2_ALICE/DAY5/DAY5_A2_ALICE_11383000.mp4","Lucia","https://huggingface.co/datasets/lmms-lab/EgoLife/resolve/main/A4_LUCIA/DAY5/DAY5_A4_LUCIA_11383000.mp4"
"egolife_rlhf_packet_ranking_v4","dbea4d3c4ab21c99f39c","day5_7_full_100","HM","completed","20","EGOLIFE2U_RANDOM_PAIR_CLIP_PRUNED_DAY5_11383000_A2_A4_0-1","5","EGOLIFE2U_RANDOM_PAIR_CLIP_PRUNED_DAY5_11383000_A2_A4_0-1::candidate_04","1","1","1","3","5","false","","","2026-08-06T19:43:05.854Z","2026-08-07T13:15:11.093Z","937","I was looking down at the floor near the table with the checkered cloth and flowers. What was the white object sitting on the floor in front of me?","[""A cardboard shipping box"",""A dark green fabric bag"",""A white bowl"",""A small blue vacuum cleaner"",""A wooden chair leg""]","C","A white bowl","Alice","https://huggingface.co/datasets/lmms-lab/EgoLife/resolve/main/A2_ALICE/DAY5/DAY5_A2_ALICE_11383000.mp4","Lucia","https://huggingface.co/datasets/lmms-lab/EgoLife/resolve/main/A4_LUCIA/DAY5/DAY5_A4_LUCIA_11383000.mp4"
"egolife_rlhf_packet_ranking_v4","dbea4d3c4ab21c99f39c","day5_7_full_100","HM","completed","20","EGOLIFE2U_RANDOM_PAIR_CLIP_PRUNED_DAY5_11383000_A2_A4_0-1","6","EGOLIFE2U_RANDOM_PAIR_CLIP_PRUNED_DAY5_11383000_A2_A4_0-1::candidate_03","2","2","2","6","3","false","","","2026-08-06T19:43:05.854Z","2026-08-07T13:15:11.093Z","937","I was standing by the table with the checkered cloth and flowers, looking down at the items on the floor. What was the dark green object sitting on the chair nearby?","[""A white ceramic bowl"",""A cardboard shipping box"",""A small blue vacuum cleaner"",""A dark green fabric bag"",""A wooden chair leg""]","D","A dark green fabric bag","Alice","https://huggingface.co/datasets/lmms-lab/EgoLife/resolve/main/A2_ALICE/DAY5/DAY5_A2_ALICE_11383000.mp4","Lucia","https://huggingface.co/datasets/lmms-lab/EgoLife/resolve/main/A4_LUCIA/DAY5/DAY5_A4_LUCIA_11383000.mp4"
"egolife_rlhf_packet_ranking_v4","dbea4d3c4ab21c99f39c","day5_7_full_100","HM","completed","21","EGOLIFE2U_RANDOM_PAIR_CLIP_PRUNED_DAY5_11390000_A2_A6_0-1","1","EGOLIFE2U_RANDOM_PAIR_CLIP_PRUNED_DAY5_11390000_A2_A6_0-1::candidate_06","2","3","2","7","3","false","","","2026-08-06T19:43:06.024Z","2026-08-07T13:26:55.106Z","727","I was cutting something at the table with the checkered cloth, and I saw a large cardboard box with a cute character face on it sitting nearby. What was the main thing on the desk in the room with the black tile floor and the projector screen?","[""A large cardboard box with a character face"",""A black laptop computer"",""A large stuffed sun plush toy"",""Several vases of flowers"",""A whiteboard on an easel""]","B","A black laptop computer","Alice","https://huggingface.co/datasets/lmms-lab/EgoLife/resolve/main/A2_ALICE/DAY5/DAY5_A2_ALICE_11390000.mp4","Shure","https://huggingface.co/datasets/lmms-lab/EgoLife/resolve/main/A6_SHURE/DAY5/DAY5_A6_SHURE_11390000.mp4"
"egolife_rlhf_packet_ranking_v4","dbea4d3c4ab21c99f39c","day5_7_full_100","HM","completed","21","EGOLIFE2U_RANDOM_PAIR_CLIP_PRUNED_DAY5_11390000_A2_A6_0-1","2","EGOLIFE2U_RANDOM_PAIR_CLIP_PRUNED_DAY5_11390000_A2_A6_0-1::candidate_05","3","3","2","8","1","false","","","2026-08-06T19:43:06.024Z","2026-08-07T13:26:55.106Z","727","I was just sitting at the table with the flowers and cutting something, but I lost track of where everyone else ended up. Where was the person in the purple shirt sitting in the room with the projector screen?","[""On a brown sofa against the wall"",""In a wooden chair at the desk"",""On a white stool near the tripod"",""On a floor cushion in the middle of the room"",""On a white chair with a blue cloth draped over it""]","A","On a brown sofa against the wall","Alice","https://huggingface.co/datasets/lmms-lab/EgoLife/resolve/main/A2_ALICE/DAY5/DAY5_A2_ALICE_11390000.mp4","Shure","https://huggingface.co/datasets/lmms-lab/EgoLife/resolve/main/A6_SHURE/DAY5/DAY5_A6_SHURE_11390000.mp4"
"egolife_rlhf_packet_ranking_v4","dbea4d3c4ab21c99f39c","day5_7_full_100","HM","completed","21","EGOLIFE2U_RANDOM_PAIR_CLIP_PRUNED_DAY5_11390000_A2_A6_0-1","3","EGOLIFE2U_RANDOM_PAIR_CLIP_PRUNED_DAY5_11390000_A2_A6_0-1::candidate_02","2","1","1","4","5","false","","","2026-08-06T19:43:06.024Z","2026-08-07T13:26:55.106Z","727","I was busy cutting tape at the dining table with the flowers, but I noticed the living room was empty when I looked that way. Where did the two people sitting on the sofa go?","[""They left the apartment entirely"",""They moved to the desk with the large projector screen"",""They went into the bedroom"",""They moved to the kitchen area"",""They are still sitting on the sofa""]","B","They moved to the desk with the large projector screen","Alice","https://huggingface.co/datasets/lmms-lab/EgoLife/resolve/main/A2_ALICE/DAY5/DAY5_A2_ALICE_11390000.mp4","Shure","https://huggingface.co/datasets/lmms-lab/EgoLife/resolve/main/A6_SHURE/DAY5/DAY5_A6_SHURE_11390000.mp4"
"egolife_rlhf_packet_ranking_v4","dbea4d3c4ab21c99f39c","day5_7_full_100","HM","completed","21","EGOLIFE2U_RANDOM_PAIR_CLIP_PRUNED_DAY5_11390000_A2_A6_0-1","4","EGOLIFE2U_RANDOM_PAIR_CLIP_PRUNED_DAY5_11390000_A2_A6_0-1::candidate_03","3","1","1","5","4","false","","","2026-08-06T19:43:06.024Z","2026-08-07T13:26:55.106Z","727","I was sitting at the dining table cutting tape, and I noticed the living room was empty when I glanced that way. Where did the person in the purple shirt and the person in the grey shirt end up?","[""They left the apartment entirely"",""They moved to the desk with the large projector screen"",""They went into the bedroom"",""They moved to the kitchen area"",""They are still sitting on the sofa""]","B","They moved to the desk with the large projector screen","Alice","https://huggingface.co/datasets/lmms-lab/EgoLife/resolve/main/A2_ALICE/DAY5/DAY5_A2_ALICE_11390000.mp4","Shure","https://huggingface.co/datasets/lmms-lab/EgoLife/resolve/main/A6_SHURE/DAY5/DAY5_A6_SHURE_11390000.mp4"
"egolife_rlhf_packet_ranking_v4","dbea4d3c4ab21c99f39c","day5_7_full_100","HM","completed","21","EGOLIFE2U_RANDOM_PAIR_CLIP_PRUNED_DAY5_11390000_A2_A6_0-1","5","EGOLIFE2U_RANDOM_PAIR_CLIP_PRUNED_DAY5_11390000_A2_A6_0-1::candidate_04","3","1","1","5","4","false","","","2026-08-06T19:43:06.024Z","2026-08-07T13:26:55.106Z","727","I was sitting at the dining table cutting tape, and I noticed the living room was empty when I glanced that way. Where did the person in the purple shirt and the person in the grey shirt end up?","[""They left the apartment entirely"",""They moved to the desk with the large projector screen"",""They went into the bedroom"",""They moved to the kitchen area"",""They are still sitting on the sofa""]","A","They left the apartment entirely","Alice","https://huggingface.co/datasets/lmms-lab/EgoLife/resolve/main/A2_ALICE/DAY5/DAY5_A2_ALICE_11390000.mp4","Shure","https://huggingface.co/datasets/lmms-lab/EgoLife/resolve/main/A6_SHURE/DAY5/DAY5_A6_SHURE_11390000.mp4"
"egolife_rlhf_packet_ranking_v4","dbea4d3c4ab21c99f39c","day5_7_full_100","HM","completed","21","EGOLIFE2U_RANDOM_PAIR_CLIP_PRUNED_DAY5_11390000_A2_A6_0-1","6","EGOLIFE2U_RANDOM_PAIR_CLIP_PRUNED_DAY5_11390000_A2_A6_0-1::candidate_01","2","3","2","7","2","false","","","2026-08-06T19:43:06.024Z","2026-08-07T13:26:55.106Z","727","I was looking around the room and saw the child in the red dress standing by the whiteboard, but I couldn't see who else was there. Who was sitting on the sofa in the living room?","[""A man in a purple shirt"",""A woman in a blue dress"",""A man in a grey shirt"",""A child in a red dress"",""A woman in a white shirt""]","A","A man in a purple shirt","Alice","https://huggingface.co/datasets/lmms-lab/EgoLife/resolve/main/A2_ALICE/DAY5/DAY5_A2_ALICE_11390000.mp4","Shure","https://huggingface.co/datasets/lmms-lab/EgoLife/resolve/main/A6_SHURE/DAY5/DAY5_A6_SHURE_11390000.mp4"
"egolife_rlhf_packet_ranking_v4","dbea4d3c4ab21c99f39c","day5_7_full_100","HM","completed","22","EGOLIFE2U_RANDOM_PAIR_CLIP_PRUNED_DAY5_11410000_A1_A6_0-1","1","EGOLIFE2U_RANDOM_PAIR_CLIP_PRUNED_DAY5_11410000_A1_A6_0-1::candidate_02","2","1","1","4","4","false","","","2026-08-06T19:43:06.325Z","2026-08-07T15:18:14.060Z","6658","I was checking my phone in the living room with the dark tiled floor. In the kitchen where the other person was preparing food, was there anything cooking on the stove?","[""There was a pot with visible steam rising from it"",""The stove was completely empty with no cookware on it"",""There was a frying pan with food being cooked"",""There was a kettle boiling water on the burner"",""There was a large pot of soup simmering""]","A","There was a pot with visible steam rising from it","Jake","https://huggingface.co/datasets/lmms-lab/EgoLife/resolve/main/A1_JAKE/DAY5/DAY5_A1_JAKE_11410000.mp4","Shure","https://huggingface.co/datasets/lmms-lab/EgoLife/resolve/main/A6_SHURE/DAY5/DAY5_A6_SHURE_11410000.mp4"
"egolife_rlhf_packet_ranking_v4","dbea4d3c4ab21c99f39c","day5_7_full_100","HM","completed","22","EGOLIFE2U_RANDOM_PAIR_CLIP_PRUNED_DAY5_11410000_A1_A6_0-1","2","EGOLIFE2U_RANDOM_PAIR_CLIP_PRUNED_DAY5_11410000_A1_A6_0-1::candidate_03","2","3","2","7","3","false","","","2026-08-06T19:43:06.325Z","2026-08-07T15:18:14.060Z","6658","I was sitting in the living room with the dark tiled floor checking my phone. In the kitchen, what was the person preparing on the small portable burner?","[""A pot of water or liquid being heated"",""A frying pan with food being cooked"",""A kettle boiling for tea"",""A large pot of soup simmering"",""A wok stir-frying vegetables""]","A","A pot of water or liquid being heated","Jake","https://huggingface.co/datasets/lmms-lab/EgoLife/resolve/main/A1_JAKE/DAY5/DAY5_A1_JAKE_11410000.mp4","Shure","https://huggingface.co/datasets/lmms-lab/EgoLife/resolve/main/A6_SHURE/DAY5/DAY5_A6_SHURE_11410000.mp4"
"egolife_rlhf_packet_ranking_v4","dbea4d3c4ab21c99f39c","day5_7_full_100","HM","completed","22","EGOLIFE2U_RANDOM_PAIR_CLIP_PRUNED_DAY5_11410000_A1_A6_0-1","3","EGOLIFE2U_RANDOM_PAIR_CLIP_PRUNED_DAY5_11410000_A1_A6_0-1::candidate_05","2","1","1","4","5","false","","","2026-08-06T19:43:06.325Z","2026-08-07T15:18:14.060Z","6658","I was standing in the kitchen with the white tiled walls. Did the portable electric kettle plugged into the wall outlet have a visible cord connecting it to the base?","[""Yes, a black cord was visible connecting the kettle to the base"",""No, there was no cord visible between the kettle and the base"",""Yes, a white cord was visible connecting the kettle to the base"",""No, the kettle was sitting on a wooden board instead of a base"",""Yes, a red cord was visible connecting the kettle to the base""]","A","Yes, a black cord was visible connecting the kettle to the base","Jake","https://huggingface.co/datasets/lmms-lab/EgoLife/resolve/main/A1_JAKE/DAY5/DAY5_A1_JAKE_11410000.mp4","Shure","https://huggingface.co/datasets/lmms-lab/EgoLife/resolve/main/A6_SHURE/DAY5/DAY5_A6_SHURE_11410000.mp4"
"egolife_rlhf_packet_ranking_v4","dbea4d3c4ab21c99f39c","day5_7_full_100","HM","completed","22","EGOLIFE2U_RANDOM_PAIR_CLIP_PRUNED_DAY5_11410000_A1_A6_0-1","4","EGOLIFE2U_RANDOM_PAIR_CLIP_PRUNED_DAY5_11410000_A1_A6_0-1::candidate_01","2","3","2","7","1","false","","","2026-08-06T19:43:06.325Z","2026-08-07T15:18:14.060Z","6658","I was just using my phone in the living room with the dark tiled floor. In the kitchen where the other person was preparing food, was the stove turned on?","[""The stove was turned on with a visible flame in the burner"",""The stove was turned off and there was no flame"",""The stove was covered with a pot of boiling water"",""The stove was covered with a frying pan"",""The stove was covered with a wooden cutting board""]","B","The stove was turned off and there was no flame","Jake","https://huggingface.co/datasets/lmms-lab/EgoLife/resolve/main/A1_JAKE/DAY5/DAY5_A1_JAKE_11410000.mp4","Shure","https://huggingface.co/datasets/lmms-lab/EgoLife/resolve/main/A6_SHURE/DAY5/DAY5_A6_SHURE_11410000.mp4"
"egolife_rlhf_packet_ranking_v4","dbea4d3c4ab21c99f39c","day5_7_full_100","HM","completed","22","EGOLIFE2U_RANDOM_PAIR_CLIP_PRUNED_DAY5_11410000_A1_A6_0-1","5","EGOLIFE2U_RANDOM_PAIR_CLIP_PRUNED_DAY5_11410000_A1_A6_0-1::candidate_04","2","2","2","6","2","false","","","2026-08-06T19:43:06.325Z","2026-08-07T15:18:14.060Z","6658","I was checking my phone in the living room with the dark tiled floor and the flower-shaped floor lamp. What was the person in the other room doing near the window with the white umbrella outside?","[""Using a portable electric kettle to boil water"",""Washing dishes in the sink by the window"",""Setting up a camera on a tripod"",""Looking at a smartphone screen"",""Eating food from a bowl""]","A","Using a portable electric kettle to boil water","Jake","https://huggingface.co/datasets/lmms-lab/EgoLife/resolve/main/A1_JAKE/DAY5/DAY5_A1_JAKE_11410000.mp4","Shure","https://huggingface.co/datasets/lmms-lab/EgoLife/resolve/main/A6_SHURE/DAY5/DAY5_A6_SHURE_11410000.mp4"
"egolife_rlhf_packet_ranking_v4","dbea4d3c4ab21c99f39c","day5_7_full_100","HM","completed","22","EGOLIFE2U_RANDOM_PAIR_CLIP_PRUNED_DAY5_11410000_A1_A6_0-1","6","EGOLIFE2U_RANDOM_PAIR_CLIP_PRUNED_DAY5_11410000_A1_A6_0-1::candidate_06","1","1","1","3","6","false","","","2026-08-06T19:43:06.325Z","2026-08-07T15:18:14.060Z","6658","I was sitting in the room with the desk and dark tiled floor. Can you tell me if the portable kettle on the counter in the kitchen with the white tiled walls was connected to a base?","[""Yes, it was sitting on a black base with a visible cord"",""No, it was just sitting directly on the counter surface"",""Yes, it was connected to a white base with a visible cord"",""No, it was hanging from a hook on the wall"",""Yes, it was sitting on a wooden board instead of a base""]","A","Yes, it was sitting on a black base with a visible cord","Jake","https://huggingface.co/datasets/lmms-lab/EgoLife/resolve/main/A1_JAKE/DAY5/DAY5_A1_JAKE_11410000.mp4","Shure","https://huggingface.co/datasets/lmms-lab/EgoLife/resolve/main/A6_SHURE/DAY5/DAY5_A6_SHURE_11410000.mp4"
"egolife_rlhf_packet_ranking_v4","dbea4d3c4ab21c99f39c","day5_7_full_100","HM","completed","23","EGOLIFE2U_RANDOM_PAIR_CLIP_PRUNED_DAY5_11450000_A1_A3_0-1","1","EGOLIFE2U_RANDOM_PAIR_CLIP_PRUNED_DAY5_11450000_A1_A3_0-1::candidate_03","2","2","2","6","1","false","","","2026-08-06T19:43:06.512Z","2026-08-07T16:06:52.614Z","2959","I saw someone holding a glass with dark liquid while walking up the stairs; what was the floor like on those stairs?","[""Wooden steps with a light-colored handrail"",""Tiled steps with a metal handrail"",""Carpeted steps with no handrail"",""Concrete steps with a wooden handrail"",""Marble steps with a glass handrail""]","A","Wooden steps with a light-colored handrail","Jake","https://huggingface.co/datasets/lmms-lab/EgoLife/resolve/main/A1_JAKE/DAY5/DAY5_A1_JAKE_11450000.mp4","Tasha","https://huggingface.co/datasets/lmms-lab/EgoLife/resolve/main/A3_TASHA/DAY5/DAY5_A3_TASHA_11450000.mp4"
"egolife_rlhf_packet_ranking_v4","dbea4d3c4ab21c99f39c","day5_7_full_100","HM","completed","23","EGOLIFE2U_RANDOM_PAIR_CLIP_PRUNED_DAY5_11450000_A1_A3_0-1","2","EGOLIFE2U_RANDOM_PAIR_CLIP_PRUNED_DAY5_11450000_A1_A3_0-1::candidate_04","2","3","1","6","3","false","","","2026-08-06T19:43:06.512Z","2026-08-07T16:06:52.614Z","2959","I was standing in the living room earlier with the projection screen and table in front of me. I saw someone walking toward the door and eventually going up the stairs. What was that person holding in their hand?","[""A glass with a dark liquid"",""A white plastic bottle"",""A smartphone"",""A small white remote control"",""A red soda can""]","A","A glass with a dark liquid","Jake","https://huggingface.co/datasets/lmms-lab/EgoLife/resolve/main/A1_JAKE/DAY5/DAY5_A1_JAKE_11450000.mp4","Tasha","https://huggingface.co/datasets/lmms-lab/EgoLife/resolve/main/A3_TASHA/DAY5/DAY5_A3_TASHA_11450000.mp4"
"egolife_rlhf_packet_ranking_v4","dbea4d3c4ab21c99f39c","day5_7_full_100","HM","completed","23","EGOLIFE2U_RANDOM_PAIR_CLIP_PRUNED_DAY5_11450000_A1_A3_0-1","3","EGOLIFE2U_RANDOM_PAIR_CLIP_PRUNED_DAY5_11450000_A1_A3_0-1::candidate_05","2","3","1","6","4","false","","","2026-08-06T19:43:06.512Z","2026-08-07T16:06:52.614Z","2959","I saw someone walking up the wooden staircase near the end of our time together. What were they holding in their hand while climbing?","[""A clear glass with a dark liquid inside"",""A white smartphone with a black case"",""A white remote control"",""A red plastic water bottle"",""A set of car keys""]","A","A clear glass with a dark liquid inside","Jake","https://huggingface.co/datasets/lmms-lab/EgoLife/resolve/main/A1_JAKE/DAY5/DAY5_A1_JAKE_11450000.mp4","Tasha","https://huggingface.co/datasets/lmms-lab/EgoLife/resolve/main/A3_TASHA/DAY5/DAY5_A3_TASHA_11450000.mp4"
"egolife_rlhf_packet_ranking_v4","dbea4d3c4ab21c99f39c","day5_7_full_100","HM","completed","23","EGOLIFE2U_RANDOM_PAIR_CLIP_PRUNED_DAY5_11450000_A1_A3_0-1","4","EGOLIFE2U_RANDOM_PAIR_CLIP_PRUNED_DAY5_11450000_A1_A3_0-1::candidate_02","1","3","1","5","5","false","","","2026-08-06T19:43:06.512Z","2026-08-07T16:06:52.614Z","2959","What was the person holding while walking up the wooden stairs?","[""A clear glass with dark liquid"",""A white ceramic mug"",""A blue plastic water bottle"",""A silver metal thermos"",""A brown paper coffee cup""]","A","A clear glass with dark liquid","Jake","https://huggingface.co/datasets/lmms-lab/EgoLife/resolve/main/A1_JAKE/DAY5/DAY5_A1_JAKE_11450000.mp4","Tasha","https://huggingface.co/datasets/lmms-lab/EgoLife/resolve/main/A3_TASHA/DAY5/DAY5_A3_TASHA_11450000.mp4"
"egolife_rlhf_packet_ranking_v4","dbea4d3c4ab21c99f39c","day5_7_full_100","HM","completed","23","EGOLIFE2U_RANDOM_PAIR_CLIP_PRUNED_DAY5_11450000_A1_A3_0-1","5","EGOLIFE2U_RANDOM_PAIR_CLIP_PRUNED_DAY5_11450000_A1_A3_0-1::candidate_01","1","1","2","4","6","false","","","2026-08-06T19:43:06.512Z","2026-08-07T16:06:52.614Z","2959","I was in the living room with the group earlier and then went off to find a drink. When I was carrying that glass of dark liquid up the wooden stairs, what was the color of the walls in the stairwell?","[""White walls"",""Bright blue walls"",""Dark brown walls"",""Mustard yellow walls"",""Light grey walls""]","D","Mustard yellow walls","Jake","https://huggingface.co/datasets/lmms-lab/EgoLife/resolve/main/A1_JAKE/DAY5/DAY5_A1_JAKE_11450000.mp4","Tasha","https://huggingface.co/datasets/lmms-lab/EgoLife/resolve/main/A3_TASHA/DAY5/DAY5_A3_TASHA_11450000.mp4"
"egolife_rlhf_packet_ranking_v4","dbea4d3c4ab21c99f39c","day5_7_full_100","HM","completed","23","EGOLIFE2U_RANDOM_PAIR_CLIP_PRUNED_DAY5_11450000_A1_A3_0-1","6","EGOLIFE2U_RANDOM_PAIR_CLIP_PRUNED_DAY5_11450000_A1_A3_0-1::candidate_06","1","3","1","5","2","false","","","2026-08-06T19:43:06.512Z","2026-08-07T16:06:52.614Z","2959","I remember you went up the wooden staircase with a glass in your hand. Where were you when you started walking up those stairs?","[""Standing in the middle of the living room near the table"",""Sitting on the brown sofa in the living room"",""Standing by the glass balcony doors"",""Walking through the kitchen doorway"",""Standing next to the white projector screen""]","B","Sitting on the brown sofa in the living room","Jake","https://huggingface.co/datasets/lmms-lab/EgoLife/resolve/main/A1_JAKE/DAY5/DAY5_A1_JAKE_11450000.mp4","Tasha","https://huggingface.co/datasets/lmms-lab/EgoLife/resolve/main/A3_TASHA/DAY5/DAY5_A3_TASHA_11450000.mp4"
"egolife_rlhf_packet_ranking_v4","dbea4d3c4ab21c99f39c","day5_7_full_100","HM","completed","24","EGOLIFE2U_RANDOM_PAIR_CLIP_PRUNED_DAY5_11463000_A2_A6_0-1","1","EGOLIFE2U_RANDOM_PAIR_CLIP_PRUNED_DAY5_11463000_A2_A6_0-1::candidate_03","3","3","2","8","1","false","","","2026-08-06T19:43:06.683Z","2026-08-07T16:23:48.132Z","974","I was standing in the living room with the checkered tablecloth and couldn't see into the kitchen clearly. What kind of fruit did the person with pink hair end up washing at the sink?","[""a bunch of green grapes"",""a cluster of red cherries"",""a pile of yellow lemons"",""some red strawberries"",""a bowl of blueberries""]","A","a bunch of green grapes","Alice","https://huggingface.co/datasets/lmms-lab/EgoLife/resolve/main/A2_ALICE/DAY5/DAY5_A2_ALICE_11463000.mp4","Shure","https://huggingface.co/datasets/lmms-lab/EgoLife/resolve/main/A6_SHURE/DAY5/DAY5_A6_SHURE_11463000.mp4"
"egolife_rlhf_packet_ranking_v4","dbea4d3c4ab21c99f39c","day5_7_full_100","HM","completed","24","EGOLIFE2U_RANDOM_PAIR_CLIP_PRUNED_DAY5_11463000_A2_A6_0-1","2","EGOLIFE2U_RANDOM_PAIR_CLIP_PRUNED_DAY5_11463000_A2_A6_0-1::candidate_05","3","1","2","6","5","false","","","2026-08-06T19:43:06.683Z","2026-08-07T16:23:48.132Z","974","I was looking at the person with pink hair working at the kitchen sink, but I couldn't see what they were holding. What kind of fruit was the person washing in their hands?","[""A bunch of green grapes"",""A small white bowl"",""Some red apples"",""A clear drinking glass"",""A wooden cutting board""]","A","A bunch of green grapes","Alice","https://huggingface.co/datasets/lmms-lab/EgoLife/resolve/main/A2_ALICE/DAY5/DAY5_A2_ALICE_11463000.mp4","Shure","https://huggingface.co/datasets/lmms-lab/EgoLife/resolve/main/A6_SHURE/DAY5/DAY5_A6_SHURE_11463000.mp4"
"egolife_rlhf_packet_ranking_v4","dbea4d3c4ab21c99f39c","day5_7_full_100","HM","completed","24","EGOLIFE2U_RANDOM_PAIR_CLIP_PRUNED_DAY5_11463000_A2_A6_0-1","3","EGOLIFE2U_RANDOM_PAIR_CLIP_PRUNED_DAY5_11463000_A2_A6_0-1::candidate_01","2","2","2","6","4","false","","","2026-08-06T19:43:06.683Z","2026-08-07T16:23:48.132Z","974","I was just looking at the table in the living room with the checkered cloth and the Pikachu box, but I couldn't see what was on the kitchen counter near the window. What was the person with pink hair doing there?","[""washing a bunch of green grapes"",""filling a water bottle from the tap"",""drying a wooden cutting board"",""pouring juice into a glass"",""arranging bottles on the sill""]","A","washing a bunch of green grapes","Alice","https://huggingface.co/datasets/lmms-lab/EgoLife/resolve/main/A2_ALICE/DAY5/DAY5_A2_ALICE_11463000.mp4","Shure","https://huggingface.co/datasets/lmms-lab/EgoLife/resolve/main/A6_SHURE/DAY5/DAY5_A6_SHURE_11463000.mp4"
"egolife_rlhf_packet_ranking_v4","dbea4d3c4ab21c99f39c","day5_7_full_100","HM","completed","24","EGOLIFE2U_RANDOM_PAIR_CLIP_PRUNED_DAY5_11463000_A2_A6_0-1","4","EGOLIFE2U_RANDOM_PAIR_CLIP_PRUNED_DAY5_11463000_A2_A6_0-1::candidate_06","2","1","2","5","6","false","","","2026-08-06T19:43:06.683Z","2026-08-07T16:23:48.132Z","974","I noticed the person with pink hair standing by the sink area. What fruit were they handling?","[""Green grapes"",""Red apples"",""Yellow bananas"",""Blueberries"",""Orange segments""]","A","Green grapes","Alice","https://huggingface.co/datasets/lmms-lab/EgoLife/resolve/main/A2_ALICE/DAY5/DAY5_A2_ALICE_11463000.mp4","Shure","https://huggingface.co/datasets/lmms-lab/EgoLife/resolve/main/A6_SHURE/DAY5/DAY5_A6_SHURE_11463000.mp4"
"egolife_rlhf_packet_ranking_v4","dbea4d3c4ab21c99f39c","day5_7_full_100","HM","completed","24","EGOLIFE2U_RANDOM_PAIR_CLIP_PRUNED_DAY5_11463000_A2_A6_0-1","5","EGOLIFE2U_RANDOM_PAIR_CLIP_PRUNED_DAY5_11463000_A2_A6_0-1::candidate_04","2","3","2","7","2","false","","","2026-08-06T19:43:06.683Z","2026-08-07T16:23:48.132Z","974","I was looking around the room with the table and whiteboard, but I couldn't see what anyone was doing in the kitchen. What was the person with pink hair washing at the sink?","[""A bunch of green grapes"",""A small white bowl"",""Some red apples"",""A clear drinking glass"",""A wooden cutting board""]","A","A bunch of green grapes","Alice","https://huggingface.co/datasets/lmms-lab/EgoLife/resolve/main/A2_ALICE/DAY5/DAY5_A2_ALICE_11463000.mp4","Shure","https://huggingface.co/datasets/lmms-lab/EgoLife/resolve/main/A6_SHURE/DAY5/DAY5_A6_SHURE_11463000.mp4"
"egolife_rlhf_packet_ranking_v4","dbea4d3c4ab21c99f39c","day5_7_full_100","HM","completed","24","EGOLIFE2U_RANDOM_PAIR_CLIP_PRUNED_DAY5_11463000_A2_A6_0-1","6","EGOLIFE2U_RANDOM_PAIR_CLIP_PRUNED_DAY5_11463000_A2_A6_0-1::candidate_02","2","2","2","6","3","false","","","2026-08-06T19:43:06.683Z","2026-08-07T16:23:48.132Z","974","I was looking at the table with the checkered cloth and the Pikachu box in the living room, but I couldn't see clearly into the kitchen area. What kind of fruit was the person with pink hair washing at the sink?","[""a bunch of green grapes"",""a cluster of red cherries"",""a pile of yellow lemons"",""some red strawberries"",""a bowl of blueberries""]","A","a bunch of green grapes","Alice","https://huggingface.co/datasets/lmms-lab/EgoLife/resolve/main/A2_ALICE/DAY5/DAY5_A2_ALICE_11463000.mp4","Shure","https://huggingface.co/datasets/lmms-lab/EgoLife/resolve/main/A6_SHURE/DAY5/DAY5_A6_SHURE_11463000.mp4"
"egolife_rlhf_packet_ranking_v4","dbea4d3c4ab21c99f39c","day5_7_full_100","HM","completed","25","EGOLIFE2U_RANDOM_PAIR_CLIP_PRUNED_DAY5_11470000_A2_A4_0-1","1","EGOLIFE2U_RANDOM_PAIR_CLIP_PRUNED_DAY5_11470000_A2_A4_0-1::candidate_06","3","1","1","5","5","false","","","2026-08-06T19:43:06.850Z","2026-08-07T16:29:58.787Z","373","I'm trying to remember exactly what was on the table with the checkered cloth, but I couldn't see the whole thing from my angle. Was there a large bouquet of pink and yellow flowers on it, or was it just a small vase?","[""A large bouquet of pink and yellow flowers"",""A single red rose in a glass vase"",""A potted green plant with no blooms"",""A small white ceramic vase with dried grass"",""A basket of artificial red roses""]","A","A large bouquet of pink and yellow flowers","Alice","https://huggingface.co/datasets/lmms-lab/EgoLife/resolve/main/A2_ALICE/DAY5/DAY5_A2_ALICE_11470000.mp4","Lucia","https://huggingface.co/datasets/lmms-lab/EgoLife/resolve/main/A4_LUCIA/DAY5/DAY5_A4_LUCIA_11470000.mp4"
"egolife_rlhf_packet_ranking_v4","dbea4d3c4ab21c99f39c","day5_7_full_100","HM","completed","25","EGOLIFE2U_RANDOM_PAIR_CLIP_PRUNED_DAY5_11470000_A2_A4_0-1","2","EGOLIFE2U_RANDOM_PAIR_CLIP_PRUNED_DAY5_11470000_A2_A4_0-1::candidate_03","3","2","2","7","1","false","","","2026-08-06T19:43:06.850Z","2026-08-07T16:29:58.787Z","373","I was looking at the person standing in the middle of the room near the table with the flowers. From my angle, I could see their white outfit and yellow slippers clearly, but I couldn't see what was on the wall behind them. What was that large white rectangular thing hanging on the wall in the background?","[""A large projection screen"",""A whiteboard with writing"",""A framed photograph"",""A window with blinds"",""A decorative painting""]","A","A large projection screen","Alice","https://huggingface.co/datasets/lmms-lab/EgoLife/resolve/main/A2_ALICE/DAY5/DAY5_A2_ALICE_11470000.mp4","Lucia","https://huggingface.co/datasets/lmms-lab/EgoLife/resolve/main/A4_LUCIA/DAY5/DAY5_A4_LUCIA_11470000.mp4"
"egolife_rlhf_packet_ranking_v4","dbea4d3c4ab21c99f39c","day5_7_full_100","HM","completed","25","EGOLIFE2U_RANDOM_PAIR_CLIP_PRUNED_DAY5_11470000_A2_A4_0-1","3","EGOLIFE2U_RANDOM_PAIR_CLIP_PRUNED_DAY5_11470000_A2_A4_0-1::candidate_01","3","1","1","5","3","false","","","2026-08-06T19:43:06.850Z","2026-08-07T16:29:58.787Z","373","I was looking at the person in the white shirt and shorts standing in the room with the flowers. From my view, I could see a large white board behind them, but I couldn't tell if there was anything written on it. Was the whiteboard blank or did it have writing on it?","[""It was completely blank and clean"",""It was covered in black marker writing"",""It had a large map drawn on it"",""It had colorful sticky notes all over it"",""It was covered in red marker writing""]","B","It was covered in black marker writing","Alice","https://huggingface.co/datasets/lmms-lab/EgoLife/resolve/main/A2_ALICE/DAY5/DAY5_A2_ALICE_11470000.mp4","Lucia","https://huggingface.co/datasets/lmms-lab/EgoLife/resolve/main/A4_LUCIA/DAY5/DAY5_A4_LUCIA_11470000.mp4"
"egolife_rlhf_packet_ranking_v4","dbea4d3c4ab21c99f39c","day5_7_full_100","HM","completed","25","EGOLIFE2U_RANDOM_PAIR_CLIP_PRUNED_DAY5_11470000_A2_A4_0-1","4","EGOLIFE2U_RANDOM_PAIR_CLIP_PRUNED_DAY5_11470000_A2_A4_0-1::candidate_05","3","2","2","7","2","false","","","2026-08-06T19:43:06.850Z","2026-08-07T16:29:58.787Z","373","I was looking at the person in the white shirt standing near the table, but my view was blocked by the flowers. What large white rectangular screen was hanging on the wall behind them?","[""A projector screen"",""A whiteboard on an easel"",""A framed poster"",""A large mirror"",""A bulletin board""]","A","A projector screen","Alice","https://huggingface.co/datasets/lmms-lab/EgoLife/resolve/main/A2_ALICE/DAY5/DAY5_A2_ALICE_11470000.mp4","Lucia","https://huggingface.co/datasets/lmms-lab/EgoLife/resolve/main/A4_LUCIA/DAY5/DAY5_A4_LUCIA_11470000.mp4"
"egolife_rlhf_packet_ranking_v4","dbea4d3c4ab21c99f39c","day5_7_full_100","HM","completed","25","EGOLIFE2U_RANDOM_PAIR_CLIP_PRUNED_DAY5_11470000_A2_A4_0-1","5","EGOLIFE2U_RANDOM_PAIR_CLIP_PRUNED_DAY5_11470000_A2_A4_0-1::candidate_04","3","1","2","6","6","false","","","2026-08-06T19:43:06.850Z","2026-08-07T16:29:58.787Z","373","I was standing near the window looking at the person in the white outfit holding a chair, but I couldn't see the whole room. What was the large white rectangular object hanging on the wall behind that person?","[""A whiteboard on an easel"",""A projector screen"",""A framed poster"",""A large mirror"",""A bulletin board""]","B","A projector screen","Alice","https://huggingface.co/datasets/lmms-lab/EgoLife/resolve/main/A2_ALICE/DAY5/DAY5_A2_ALICE_11470000.mp4","Lucia","https://huggingface.co/datasets/lmms-lab/EgoLife/resolve/main/A4_LUCIA/DAY5/DAY5_A4_LUCIA_11470000.mp4"
"egolife_rlhf_packet_ranking_v4","dbea4d3c4ab21c99f39c","day5_7_full_100","HM","completed","25","EGOLIFE2U_RANDOM_PAIR_CLIP_PRUNED_DAY5_11470000_A2_A4_0-1","6","EGOLIFE2U_RANDOM_PAIR_CLIP_PRUNED_DAY5_11470000_A2_A4_0-1::candidate_02","3","1","1","5","3","false","","","2026-08-06T19:43:06.850Z","2026-08-07T16:29:58.787Z","373","I was watching the person in the white shirt and shorts standing by the table with the flowers. From my angle, I could see them clearly, but I couldn't tell what kind of flooring they were standing on. What kind of floor was underneath them?","[""Hardwood floor planks"",""Tiled floor"",""Rug"",""Carpet"",""Concrete floor""]","A","Hardwood floor planks","Alice","https://huggingface.co/datasets/lmms-lab/EgoLife/resolve/main/A2_ALICE/DAY5/DAY5_A2_ALICE_11470000.mp4","Lucia","https://huggingface.co/datasets/lmms-lab/EgoLife/resolve/main/A4_LUCIA/DAY5/DAY5_A4_LUCIA_11470000.mp4"
"egolife_rlhf_packet_ranking_v4","dbea4d3c4ab21c99f39c","day5_7_full_100","HM","completed","26","EGOLIFE2U_RANDOM_PAIR_CLIP_PRUNED_DAY5_11473000_A3_A4_0-1","1","EGOLIFE2U_RANDOM_PAIR_CLIP_PRUNED_DAY5_11473000_A3_A4_0-1::candidate_01","3","1","1","5","4","false","","","2026-08-06T19:43:07.021Z","2026-08-07T16:59:41.223Z","1785","I saw the person in the purple shirt moving around near the projector screen, but from where I was sitting at the table, I couldn't see what he was actually handling. What equipment was the person in the purple shirt setting up?","[""A small white speaker"",""A black photography softbox light"",""A large tripod camera"",""A white folding chair"",""A portable air conditioner""]","B","A black photography softbox light","Tasha","https://huggingface.co/datasets/lmms-lab/EgoLife/resolve/main/A3_TASHA/DAY5/DAY5_A3_TASHA_11473000.mp4","Lucia","https://huggingface.co/datasets/lmms-lab/EgoLife/resolve/main/A4_LUCIA/DAY5/DAY5_A4_LUCIA_11473000.mp4"
"egolife_rlhf_packet_ranking_v4","dbea4d3c4ab21c99f39c","day5_7_full_100","HM","completed","26","EGOLIFE2U_RANDOM_PAIR_CLIP_PRUNED_DAY5_11473000_A3_A4_0-1","2","EGOLIFE2U_RANDOM_PAIR_CLIP_PRUNED_DAY5_11473000_A3_A4_0-1::candidate_03","2","1","1","4","5","false","","","2026-08-06T19:43:07.021Z","2026-08-07T16:59:41.223Z","1785","I noticed the person in the purple shirt was handling a large black umbrella-like object near the projector screen. Where exactly did that person place it down afterward?","[""On top of the whiteboard stand"",""On the floor near the doorway"",""On the dining table"",""Leaning against the red refrigerator"",""On the wooden chair""]","B","On the floor near the doorway","Tasha","https://huggingface.co/datasets/lmms-lab/EgoLife/resolve/main/A3_TASHA/DAY5/DAY5_A3_TASHA_11473000.mp4","Lucia","https://huggingface.co/datasets/lmms-lab/EgoLife/resolve/main/A4_LUCIA/DAY5/DAY5_A4_LUCIA_11473000.mp4"
"egolife_rlhf_packet_ranking_v4","dbea4d3c4ab21c99f39c","day5_7_full_100","HM","completed","26","EGOLIFE2U_RANDOM_PAIR_CLIP_PRUNED_DAY5_11473000_A3_A4_0-1","3","EGOLIFE2U_RANDOM_PAIR_CLIP_PRUNED_DAY5_11473000_A3_A4_0-1::candidate_06","1","3","2","6","6","false","","asker asked about themself
","2026-08-06T19:43:07.021Z","2026-08-07T16:59:41.223Z","1785","I was holding that glass of dark liquid and standing near the red refrigerator, but I didn't get a clear look at who was standing next to it. Which person was standing by the red refrigerator?","[""the person wearing a maroon dress"",""the person wearing a purple shirt"",""the person wearing a white shirt and yellow slippers"",""the person wearing a grey shirt and blue jeans"",""the person wearing a beige shirt sitting at the table""]","D","the person wearing a grey shirt and blue jeans","Tasha","https://huggingface.co/datasets/lmms-lab/EgoLife/resolve/main/A3_TASHA/DAY5/DAY5_A3_TASHA_11473000.mp4","Lucia","https://huggingface.co/datasets/lmms-lab/EgoLife/resolve/main/A4_LUCIA/DAY5/DAY5_A4_LUCIA_11473000.mp4"
"egolife_rlhf_packet_ranking_v4","dbea4d3c4ab21c99f39c","day5_7_full_100","HM","completed","26","EGOLIFE2U_RANDOM_PAIR_CLIP_PRUNED_DAY5_11473000_A3_A4_0-1","4","EGOLIFE2U_RANDOM_PAIR_CLIP_PRUNED_DAY5_11473000_A3_A4_0-1::candidate_05","2","3","1","6","2","false","","","2026-08-06T19:43:07.021Z","2026-08-07T16:59:41.223Z","1785","I was standing in the room with the red checkered tablecloth and saw the person in the purple shirt holding a large black umbrella-like object near the projector screen. Where did that person place it down afterward?","[""On the dining table"",""Leaning against the red refrigerator"",""On top of the whiteboard stand"",""On the floor near the doorway"",""On the wooden chair""]","D","On the floor near the doorway","Tasha","https://huggingface.co/datasets/lmms-lab/EgoLife/resolve/main/A3_TASHA/DAY5/DAY5_A3_TASHA_11473000.mp4","Lucia","https://huggingface.co/datasets/lmms-lab/EgoLife/resolve/main/A4_LUCIA/DAY5/DAY5_A4_LUCIA_11473000.mp4"
"egolife_rlhf_packet_ranking_v4","dbea4d3c4ab21c99f39c","day5_7_full_100","HM","completed","26","EGOLIFE2U_RANDOM_PAIR_CLIP_PRUNED_DAY5_11473000_A3_A4_0-1","5","EGOLIFE2U_RANDOM_PAIR_CLIP_PRUNED_DAY5_11473000_A3_A4_0-1::candidate_04","2","3","1","6","2","false","","","2026-08-06T19:43:07.021Z","2026-08-07T16:59:41.223Z","1785","I was standing near the table with the red checkered cloth and saw the person in the purple shirt holding a large black umbrella-like object near the projector screen. Where did that person place it down afterward?","[""On the dining table"",""Leaning against the red refrigerator"",""On top of the whiteboard stand"",""On the floor near the doorway"",""On the wooden chair""]","D","On the floor near the doorway","Tasha","https://huggingface.co/datasets/lmms-lab/EgoLife/resolve/main/A3_TASHA/DAY5/DAY5_A3_TASHA_11473000.mp4","Lucia","https://huggingface.co/datasets/lmms-lab/EgoLife/resolve/main/A4_LUCIA/DAY5/DAY5_A4_LUCIA_11473000.mp4"
"egolife_rlhf_packet_ranking_v4","dbea4d3c4ab21c99f39c","day5_7_full_100","HM","completed","26","EGOLIFE2U_RANDOM_PAIR_CLIP_PRUNED_DAY5_11473000_A3_A4_0-1","6","EGOLIFE2U_RANDOM_PAIR_CLIP_PRUNED_DAY5_11473000_A3_A4_0-1::candidate_02","3","3","1","7","1","false","","","2026-08-06T19:43:07.021Z","2026-08-07T16:59:41.223Z","1785","I saw the person in the purple shirt holding that black photography light, but from where I was sitting at the table, I couldn't see what was on the floor beneath him. What item was on the floor right next to where the person in the purple shirt was standing?","[""A small cardboard box"",""A white folding chair"",""A red beverage can"",""A large white bucket"",""A black trash bag""]","A","A small cardboard box","Tasha","https://huggingface.co/datasets/lmms-lab/EgoLife/resolve/main/A3_TASHA/DAY5/DAY5_A3_TASHA_11473000.mp4","Lucia","https://huggingface.co/datasets/lmms-lab/EgoLife/resolve/main/A4_LUCIA/DAY5/DAY5_A4_LUCIA_11473000.mp4"
"egolife_rlhf_packet_ranking_v4","dbea4d3c4ab21c99f39c","day5_7_full_100","HM","completed","27","EGOLIFE2U_RANDOM_PAIR_CLIP_PRUNED_DAY5_11543000_A1_A4_0-1","1","EGOLIFE2U_RANDOM_PAIR_CLIP_PRUNED_DAY5_11543000_A1_A4_0-1::candidate_01","3","2","1","6","3","false","","","2026-08-06T19:43:07.182Z","2026-08-07T17:15:45.683Z","960","I was walking through the backyard with the gravel floor and wooden deck, but I didn't catch what was sitting on the wooden deck right next to the blue wall. What object was lying there?","[""A black rectangular case"",""A white laundry basket"",""A wooden picture frame"",""A metal grill"",""A cardboard box""]","A","A black rectangular case","Jake","https://huggingface.co/datasets/lmms-lab/EgoLife/resolve/main/A1_JAKE/DAY5/DAY5_A1_JAKE_11543000.mp4","Lucia","https://huggingface.co/datasets/lmms-lab/EgoLife/resolve/main/A4_LUCIA/DAY5/DAY5_A4_LUCIA_11543000.mp4"
"egolife_rlhf_packet_ranking_v4","dbea4d3c4ab21c99f39c","day5_7_full_100","HM","completed","27","EGOLIFE2U_RANDOM_PAIR_CLIP_PRUNED_DAY5_11543000_A1_A4_0-1","2","EGOLIFE2U_RANDOM_PAIR_CLIP_PRUNED_DAY5_11543000_A1_A4_0-1::candidate_06","1","1","2","4","5","false","","","2026-08-06T19:43:07.182Z","2026-08-07T17:15:45.683Z","960","I was exploring the backyard area and saw a grill sitting on the gravel. Did you bring that vase of flowers with pink and yellow blooms into the room with the large projection screen, or did you leave it outside?","[""The flowers were placed on a surface in the room with the large projection screen"",""The flowers were left outside near the grill on the gravel"",""The flowers were brought into the bedroom with the messy bed"",""The flowers were placed on a table in the kitchen"",""The flowers were set down in the hallway near the staircase""]","A","The flowers were placed on a surface in the room with the large projection screen","Jake","https://huggingface.co/datasets/lmms-lab/EgoLife/resolve/main/A1_JAKE/DAY5/DAY5_A1_JAKE_11543000.mp4","Lucia","https://huggingface.co/datasets/lmms-lab/EgoLife/resolve/main/A4_LUCIA/DAY5/DAY5_A4_LUCIA_11543000.mp4"
"egolife_rlhf_packet_ranking_v4","dbea4d3c4ab21c99f39c","day5_7_full_100","HM","completed","27","EGOLIFE2U_RANDOM_PAIR_CLIP_PRUNED_DAY5_11543000_A1_A4_0-1","3","EGOLIFE2U_RANDOM_PAIR_CLIP_PRUNED_DAY5_11543000_A1_A4_0-1::candidate_02","2","2","1","5","4","false","","","2026-08-06T19:43:07.182Z","2026-08-07T17:15:45.683Z","960","I was walking down the wooden deck in the backyard with the blue wall, and I saw something lying on the floor. What was that item?","[""A black rectangular case"",""A cardboard shipping box"",""A folded white towel"",""A pair of shoes"",""A plastic grocery bag""]","A","A black rectangular case","Jake","https://huggingface.co/datasets/lmms-lab/EgoLife/resolve/main/A1_JAKE/DAY5/DAY5_A1_JAKE_11543000.mp4","Lucia","https://huggingface.co/datasets/lmms-lab/EgoLife/resolve/main/A4_LUCIA/DAY5/DAY5_A4_LUCIA_11543000.mp4"
"egolife_rlhf_packet_ranking_v4","dbea4d3c4ab21c99f39c","day5_7_full_100","HM","completed","27","EGOLIFE2U_RANDOM_PAIR_CLIP_PRUNED_DAY5_11543000_A1_A4_0-1","4","EGOLIFE2U_RANDOM_PAIR_CLIP_PRUNED_DAY5_11543000_A1_A4_0-1::candidate_05","3","2","1","6","1","false","","","2026-08-06T19:43:07.182Z","2026-08-07T17:15:45.683Z","960","I was walking through the backyard and noticed a vase of flowers with pink and yellow blooms sitting on a small wooden table or cabinet. Which room did the flowers end up in?","[""A room with a large projection screen and a desk"",""A bedroom with a messy bed and a suitcase"",""A kitchen with a refrigerator and dining table"",""A hallway with a staircase and a mirror"",""A bathroom with a sink and a towel rack""]","A","A room with a large projection screen and a desk","Jake","https://huggingface.co/datasets/lmms-lab/EgoLife/resolve/main/A1_JAKE/DAY5/DAY5_A1_JAKE_11543000.mp4","Lucia","https://huggingface.co/datasets/lmms-lab/EgoLife/resolve/main/A4_LUCIA/DAY5/DAY5_A4_LUCIA_11543000.mp4"
"egolife_rlhf_packet_ranking_v4","dbea4d3c4ab21c99f39c","day5_7_full_100","HM","completed","27","EGOLIFE2U_RANDOM_PAIR_CLIP_PRUNED_DAY5_11543000_A1_A4_0-1","5","EGOLIFE2U_RANDOM_PAIR_CLIP_PRUNED_DAY5_11543000_A1_A4_0-1::candidate_03","2","1","1","4","2","false","","","2026-08-06T19:43:07.182Z","2026-08-07T17:15:45.683Z","960","I was carrying that glass vase with the pink and yellow flowers around the house earlier. Where did I eventually leave it?","[""On a small wooden table near a white plastic bag"",""On the dining table under the white umbrella outside"",""On the floor next to the blue wall in the backyard"",""On the kitchen counter near the sink"",""On the bed in the room with the window""]","A","On a small wooden table near a white plastic bag","Jake","https://huggingface.co/datasets/lmms-lab/EgoLife/resolve/main/A1_JAKE/DAY5/DAY5_A1_JAKE_11543000.mp4","Lucia","https://huggingface.co/datasets/lmms-lab/EgoLife/resolve/main/A4_LUCIA/DAY5/DAY5_A4_LUCIA_11543000.mp4"
"egolife_rlhf_packet_ranking_v4","dbea4d3c4ab21c99f39c","day5_7_full_100","HM","completed","27","EGOLIFE2U_RANDOM_PAIR_CLIP_PRUNED_DAY5_11543000_A1_A4_0-1","6","EGOLIFE2U_RANDOM_PAIR_CLIP_PRUNED_DAY5_11543000_A1_A4_0-1::candidate_04","1","1","1","3","6","false","","","2026-08-06T19:43:07.182Z","2026-08-07T17:15:45.683Z","960","I was checking out the backyard and noticed a wooden gate with a red diamond-shaped decoration. When I got inside and went to the room with the large projection screen and a desk, I saw a vase of flowers sitting on a wooden surface. What was the name written in blue on the window above that vase?","[""A1_JAKE"",""A4_LUCIA"",""DAY5"",""11:54"",""UNKNOWN""]","B","A4_LUCIA","Jake","https://huggingface.co/datasets/lmms-lab/EgoLife/resolve/main/A1_JAKE/DAY5/DAY5_A1_JAKE_11543000.mp4","Lucia","https://huggingface.co/datasets/lmms-lab/EgoLife/resolve/main/A4_LUCIA/DAY5/DAY5_A4_LUCIA_11543000.mp4"
"egolife_rlhf_packet_ranking_v4","dbea4d3c4ab21c99f39c","day5_7_full_100","HM","completed","28","EGOLIFE2U_RANDOM_PAIR_CLIP_PRUNED_DAY5_11573000_A2_A6_0-1","1","EGOLIFE2U_RANDOM_PAIR_CLIP_PRUNED_DAY5_11573000_A2_A6_0-1::candidate_06","2","1","2","5","5","false","","","2026-08-06T19:43:07.325Z","2026-08-07T17:54:30.479Z","2342","I was standing in the kitchen area looking toward the living room with the big projector screen. What color was the dress worn by the person standing near that screen?","[""A dark blue dress"",""A maroon dress"",""A black dress"",""A white dress"",""A light pink dress""]","A","A dark blue dress","Alice","https://huggingface.co/datasets/lmms-lab/EgoLife/resolve/main/A2_ALICE/DAY5/DAY5_A2_ALICE_11573000.mp4","Shure","https://huggingface.co/datasets/lmms-lab/EgoLife/resolve/main/A6_SHURE/DAY5/DAY5_A6_SHURE_11573000.mp4"
"egolife_rlhf_packet_ranking_v4","dbea4d3c4ab21c99f39c","day5_7_full_100","HM","completed","28","EGOLIFE2U_RANDOM_PAIR_CLIP_PRUNED_DAY5_11573000_A2_A6_0-1","2","EGOLIFE2U_RANDOM_PAIR_CLIP_PRUNED_DAY5_11573000_A2_A6_0-1::candidate_01","2","1","2","5","4","false","","","2026-08-06T19:43:07.325Z","2026-08-07T17:54:30.479Z","2342","While I was standing in the room with the whiteboard and projector screen, I saw someone in the other room near the table. What color was the table surface where they were standing?","[""Orange"",""White"",""Black"",""Blue"",""Wood-colored""]","A","Orange","Alice","https://huggingface.co/datasets/lmms-lab/EgoLife/resolve/main/A2_ALICE/DAY5/DAY5_A2_ALICE_11573000.mp4","Shure","https://huggingface.co/datasets/lmms-lab/EgoLife/resolve/main/A6_SHURE/DAY5/DAY5_A6_SHURE_11573000.mp4"
"egolife_rlhf_packet_ranking_v4","dbea4d3c4ab21c99f39c","day5_7_full_100","HM","completed","28","EGOLIFE2U_RANDOM_PAIR_CLIP_PRUNED_DAY5_11573000_A2_A6_0-1","3","EGOLIFE2U_RANDOM_PAIR_CLIP_PRUNED_DAY5_11573000_A2_A6_0-1::candidate_03","3","3","2","8","1","false","","","2026-08-06T19:43:07.325Z","2026-08-07T17:54:30.479Z","2342","I was standing by the window in the kitchen area, but I couldn't see the table in the other room with the large projector screen. Was there any food on that table?","[""Yes, there was a bowl of food on the table."",""Yes, there was a plate of fruit on the table."",""No, the table was completely empty."",""Yes, there was a pitcher of water on the table."",""Yes, there was a laptop and a notebook on the table.""]","A","Yes, there was a bowl of food on the table.","Alice","https://huggingface.co/datasets/lmms-lab/EgoLife/resolve/main/A2_ALICE/DAY5/DAY5_A2_ALICE_11573000.mp4","Shure","https://huggingface.co/datasets/lmms-lab/EgoLife/resolve/main/A6_SHURE/DAY5/DAY5_A6_SHURE_11573000.mp4"
"egolife_rlhf_packet_ranking_v4","dbea4d3c4ab21c99f39c","day5_7_full_100","HM","completed","28","EGOLIFE2U_RANDOM_PAIR_CLIP_PRUNED_DAY5_11573000_A2_A6_0-1","4","EGOLIFE2U_RANDOM_PAIR_CLIP_PRUNED_DAY5_11573000_A2_A6_0-1::candidate_05","3","1","2","6","3","false","","","2026-08-06T19:43:07.325Z","2026-08-07T17:54:30.479Z","2342","I was looking at the desk in the room with the large projector screen, but the angle from my side was a bit restricted. What specific object was sitting on the corner of that desk?","[""A small potted plant with green leaves"",""A stack of hardcover books"",""A red plastic storage bin"",""A silver laptop computer"",""A framed photograph""]","A","A small potted plant with green leaves","Alice","https://huggingface.co/datasets/lmms-lab/EgoLife/resolve/main/A2_ALICE/DAY5/DAY5_A2_ALICE_11573000.mp4","Shure","https://huggingface.co/datasets/lmms-lab/EgoLife/resolve/main/A6_SHURE/DAY5/DAY5_A6_SHURE_11573000.mp4"
"egolife_rlhf_packet_ranking_v4","dbea4d3c4ab21c99f39c","day5_7_full_100","HM","completed","28","EGOLIFE2U_RANDOM_PAIR_CLIP_PRUNED_DAY5_11573000_A2_A6_0-1","5","EGOLIFE2U_RANDOM_PAIR_CLIP_PRUNED_DAY5_11573000_A2_A6_0-1::candidate_02","2","1","2","5","6","false","","","2026-08-06T19:43:07.325Z","2026-08-07T17:54:30.479Z","2342","I saw someone standing by a table in the room with the projector screen. What color was the surface of that table?","[""Orange"",""White"",""Black"",""Blue"",""Wood-colored""]","A","Orange","Alice","https://huggingface.co/datasets/lmms-lab/EgoLife/resolve/main/A2_ALICE/DAY5/DAY5_A2_ALICE_11573000.mp4","Shure","https://huggingface.co/datasets/lmms-lab/EgoLife/resolve/main/A6_SHURE/DAY5/DAY5_A6_SHURE_11573000.mp4"
"egolife_rlhf_packet_ranking_v4","dbea4d3c4ab21c99f39c","day5_7_full_100","HM","completed","28","EGOLIFE2U_RANDOM_PAIR_CLIP_PRUNED_DAY5_11573000_A2_A6_0-1","6","EGOLIFE2U_RANDOM_PAIR_CLIP_PRUNED_DAY5_11573000_A2_A6_0-1::candidate_04","3","3","2","8","1","false","","","2026-08-06T19:43:07.325Z","2026-08-07T17:54:30.479Z","2342","I was standing in the living room with the whiteboard, but I couldn't see the desk in the room with the large projector screen. What object was sitting on that desk?","[""A small potted plant with green leaves"",""A stack of hardcover books"",""A red plastic storage bin"",""A silver laptop computer"",""A framed photograph""]","A","A small potted plant with green leaves","Alice","https://huggingface.co/datasets/lmms-lab/EgoLife/resolve/main/A2_ALICE/DAY5/DAY5_A2_ALICE_11573000.mp4","Shure","https://huggingface.co/datasets/lmms-lab/EgoLife/resolve/main/A6_SHURE/DAY5/DAY5_A6_SHURE_11573000.mp4"
"egolife_rlhf_packet_ranking_v4","dbea4d3c4ab21c99f39c","day5_7_full_100","HM","completed","29","EGOLIFE2U_RANDOM_PAIR_CLIP_PRUNED_DAY5_12100000_A3_A4_0-1","1","EGOLIFE2U_RANDOM_PAIR_CLIP_PRUNED_DAY5_12100000_A3_A4_0-1::candidate_01","2","3","1","6","6","false","","","2026-08-06T19:43:07.485Z","2026-08-07T18:23:20.255Z","1715","I was holding this large sandwich and a pink paper bag while we were sitting at the table. What was the specific dish in the round container that the person next to me was eating from?","[""A bowl of plain white rice"",""A container of green grapes"",""A round container of braised meat or stew"",""A small plate of dumplings"",""A bowl of clear soup""]","C","A round container of braised meat or stew","Tasha","https://huggingface.co/datasets/lmms-lab/EgoLife/resolve/main/A3_TASHA/DAY5/DAY5_A3_TASHA_12100000.mp4","Lucia","https://huggingface.co/datasets/lmms-lab/EgoLife/resolve/main/A4_LUCIA/DAY5/DAY5_A4_LUCIA_12100000.mp4"
"egolife_rlhf_packet_ranking_v4","dbea4d3c4ab21c99f39c","day5_7_full_100","HM","completed","29","EGOLIFE2U_RANDOM_PAIR_CLIP_PRUNED_DAY5_12100000_A3_A4_0-1","2","EGOLIFE2U_RANDOM_PAIR_CLIP_PRUNED_DAY5_12100000_A3_A4_0-1::candidate_02","3","3","1","7","4","false","","","2026-08-06T19:43:07.485Z","2026-08-07T18:23:20.255Z","1715","While we were eating lunch at the table with the orange and white stripes, I was handling a sandwich, but I couldn't see what the person sitting across from me was eating from. What kind of food was in the round plastic container in front of them?","[""A container of green grapes"",""A bowl of plain white rice"",""A round container of braised meat or stew"",""A box of dumplings"",""A plate of sliced vegetables""]","C","A round container of braised meat or stew","Tasha","https://huggingface.co/datasets/lmms-lab/EgoLife/resolve/main/A3_TASHA/DAY5/DAY5_A3_TASHA_12100000.mp4","Lucia","https://huggingface.co/datasets/lmms-lab/EgoLife/resolve/main/A4_LUCIA/DAY5/DAY5_A4_LUCIA_12100000.mp4"
"egolife_rlhf_packet_ranking_v4","dbea4d3c4ab21c99f39c","day5_7_full_100","HM","completed","29","EGOLIFE2U_RANDOM_PAIR_CLIP_PRUNED_DAY5_12100000_A3_A4_0-1","3","EGOLIFE2U_RANDOM_PAIR_CLIP_PRUNED_DAY5_12100000_A3_A4_0-1::candidate_03","3","3","2","8","1","false","","","2026-08-06T19:43:07.485Z","2026-08-07T18:23:20.255Z","1715","I was busy unwrapping my sandwich at the table, but I didn't get a good look at the food in front of the person with short hair and glasses. What specific food item was in the rectangular plastic container sitting on the table in front of them?","[""A clear plastic container filled with green grapes"",""A round plastic container with braised meat"",""A white styrofoam tray with dumplings"",""A glass bowl containing a soup or stew"",""A paper bag holding a sandwich""]","A","A clear plastic container filled with green grapes","Tasha","https://huggingface.co/datasets/lmms-lab/EgoLife/resolve/main/A3_TASHA/DAY5/DAY5_A3_TASHA_12100000.mp4","Lucia","https://huggingface.co/datasets/lmms-lab/EgoLife/resolve/main/A4_LUCIA/DAY5/DAY5_A4_LUCIA_12100000.mp4"
"egolife_rlhf_packet_ranking_v4","dbea4d3c4ab21c99f39c","day5_7_full_100","HM","completed","29","EGOLIFE2U_RANDOM_PAIR_CLIP_PRUNED_DAY5_12100000_A3_A4_0-1","4","EGOLIFE2U_RANDOM_PAIR_CLIP_PRUNED_DAY5_12100000_A3_A4_0-1::candidate_04","2","3","1","6","4","false","","","2026-08-06T19:43:07.485Z","2026-08-07T18:23:20.255Z","1715","I was handling a sandwich in pink paper while sitting at the table. Looking across to where the other person in the white shirt was eating, what kind of food was in the bowl they were using?","[""A container of green grapes"",""A bowl of dark meat with sauce"",""A plate of white rice"",""A container of yellow dumplings"",""A bowl of clear soup""]","B","A bowl of dark meat with sauce","Tasha","https://huggingface.co/datasets/lmms-lab/EgoLife/resolve/main/A3_TASHA/DAY5/DAY5_A3_TASHA_12100000.mp4","Lucia","https://huggingface.co/datasets/lmms-lab/EgoLife/resolve/main/A4_LUCIA/DAY5/DAY5_A4_LUCIA_12100000.mp4"
"egolife_rlhf_packet_ranking_v4","dbea4d3c4ab21c99f39c","day5_7_full_100","HM","completed","29","EGOLIFE2U_RANDOM_PAIR_CLIP_PRUNED_DAY5_12100000_A3_A4_0-1","5","EGOLIFE2U_RANDOM_PAIR_CLIP_PRUNED_DAY5_12100000_A3_A4_0-1::candidate_05","2","3","2","7","2","false","","","2026-08-06T19:43:07.485Z","2026-08-07T18:23:20.255Z","1715","I was holding a sandwich wrapped in pink paper. When I looked over at the person in the white shirt sitting next to me, what was inside the clear container of fruit on their side of the table?","[""A container of yellow dumplings"",""A container of green grapes"",""A container of red strawberries"",""A container of orange slices"",""A container of purple plums""]","B","A container of green grapes","Tasha","https://huggingface.co/datasets/lmms-lab/EgoLife/resolve/main/A3_TASHA/DAY5/DAY5_A3_TASHA_12100000.mp4","Lucia","https://huggingface.co/datasets/lmms-lab/EgoLife/resolve/main/A4_LUCIA/DAY5/DAY5_A4_LUCIA_12100000.mp4"
"egolife_rlhf_packet_ranking_v4","dbea4d3c4ab21c99f39c","day5_7_full_100","HM","completed","29","EGOLIFE2U_RANDOM_PAIR_CLIP_PRUNED_DAY5_12100000_A3_A4_0-1","6","EGOLIFE2U_RANDOM_PAIR_CLIP_PRUNED_DAY5_12100000_A3_A4_0-1::candidate_06","2","3","2","7","3","false","","","2026-08-06T19:43:07.485Z","2026-08-07T18:23:20.255Z","1715","I was handling the pink paper wrapping for the sandwich, but I can't see the whole table from here. What container of green fruit is sitting on the table near the main dish?","[""A clear plastic container with green grapes"",""A white ceramic bowl with green peas"",""A glass jar with green olives"",""A paper bag with green apples"",""A wooden bowl with green beans""]","A","A clear plastic container with green grapes","Tasha","https://huggingface.co/datasets/lmms-lab/EgoLife/resolve/main/A3_TASHA/DAY5/DAY5_A3_TASHA_12100000.mp4","Lucia","https://huggingface.co/datasets/lmms-lab/EgoLife/resolve/main/A4_LUCIA/DAY5/DAY5_A4_LUCIA_12100000.mp4"
"egolife_rlhf_packet_ranking_v4","dbea4d3c4ab21c99f39c","day5_7_full_100","HM","completed","30","EGOLIFE2U_RANDOM_PAIR_CLIP_PRUNED_DAY5_12120000_A1_A4_0-1","1","EGOLIFE2U_RANDOM_PAIR_CLIP_PRUNED_DAY5_12120000_A1_A4_0-1::candidate_02","1","1","1","3","6","false","","","2026-08-06T19:43:07.651Z","2026-08-07T18:56:22.368Z","1988","When I was standing by the red fridge and grabbing the white bottles, what was the other person in the kitchen doing at the same time?","[""Sitting at the table eating with chopsticks"",""Standing next to me looking into the fridge"",""Walking up the wooden stairs"",""Cleaning the kitchen counter"",""Watching a movie on the TV""]","A","Sitting at the table eating with chopsticks","Jake","https://huggingface.co/datasets/lmms-lab/EgoLife/resolve/main/A1_JAKE/DAY5/DAY5_A1_JAKE_12120000.mp4","Lucia","https://huggingface.co/datasets/lmms-lab/EgoLife/resolve/main/A4_LUCIA/DAY5/DAY5_A4_LUCIA_12120000.mp4"
"egolife_rlhf_packet_ranking_v4","dbea4d3c4ab21c99f39c","day5_7_full_100","HM","completed","30","EGOLIFE2U_RANDOM_PAIR_CLIP_PRUNED_DAY5_12120000_A1_A4_0-1","2","EGOLIFE2U_RANDOM_PAIR_CLIP_PRUNED_DAY5_12120000_A1_A4_0-1::candidate_05","2","3","2","7","1","false","","","2026-08-06T19:43:07.651Z","2026-08-07T18:56:22.368Z","1988","I was heading up the stairs with my sandwich and drink. In the room with the projector screen where we ended up, was there a can of soda sitting on the table?","[""Yes, there was a red soda can"",""Yes, there was a green soda can"",""No, there was only a plastic water bottle"",""No, there were no beverages at all"",""Yes, there was a glass of water""]","A","Yes, there was a red soda can","Jake","https://huggingface.co/datasets/lmms-lab/EgoLife/resolve/main/A1_JAKE/DAY5/DAY5_A1_JAKE_12120000.mp4","Lucia","https://huggingface.co/datasets/lmms-lab/EgoLife/resolve/main/A4_LUCIA/DAY5/DAY5_A4_LUCIA_12120000.mp4"
"egolife_rlhf_packet_ranking_v4","dbea4d3c4ab21c99f39c","day5_7_full_100","HM","completed","30","EGOLIFE2U_RANDOM_PAIR_CLIP_PRUNED_DAY5_12120000_A1_A4_0-1","3","EGOLIFE2U_RANDOM_PAIR_CLIP_PRUNED_DAY5_12120000_A1_A4_0-1::candidate_04","1","3","2","6","3","false","","","2026-08-06T19:43:07.651Z","2026-08-07T18:56:22.368Z","1988","After I closed the red fridge and headed up the stairs with my sandwich, I ended up in the room with the projector screen. What was the other person doing at the table there?","[""Eating a meal with chopsticks"",""Watching a movie on the screen"",""Cleaning the table"",""Reading a book"",""Packing boxes""]","A","Eating a meal with chopsticks","Jake","https://huggingface.co/datasets/lmms-lab/EgoLife/resolve/main/A1_JAKE/DAY5/DAY5_A1_JAKE_12120000.mp4","Lucia","https://huggingface.co/datasets/lmms-lab/EgoLife/resolve/main/A4_LUCIA/DAY5/DAY5_A4_LUCIA_12120000.mp4"
"egolife_rlhf_packet_ranking_v4","dbea4d3c4ab21c99f39c","day5_7_full_100","HM","completed","30","EGOLIFE2U_RANDOM_PAIR_CLIP_PRUNED_DAY5_12120000_A1_A4_0-1","4","EGOLIFE2U_RANDOM_PAIR_CLIP_PRUNED_DAY5_12120000_A1_A4_0-1::candidate_01","1","2","2","5","2","false","","","2026-08-06T19:43:07.651Z","2026-08-07T18:56:22.368Z","1988","I was carrying my drink and a sandwich while walking up the stairs, but I couldn't see who was sitting at the table in the room ahead. Which of these describes what the person at the table was doing?","[""Eating food from a bowl using chopsticks"",""Drinking from a white bottle with a straw"",""Reading a book on the table"",""Typing on a laptop computer"",""Cleaning the table with a cloth""]","A","Eating food from a bowl using chopsticks","Jake","https://huggingface.co/datasets/lmms-lab/EgoLife/resolve/main/A1_JAKE/DAY5/DAY5_A1_JAKE_12120000.mp4","Lucia","https://huggingface.co/datasets/lmms-lab/EgoLife/resolve/main/A4_LUCIA/DAY5/DAY5_A4_LUCIA_12120000.mp4"
"egolife_rlhf_packet_ranking_v4","dbea4d3c4ab21c99f39c","day5_7_full_100","HM","completed","30","EGOLIFE2U_RANDOM_PAIR_CLIP_PRUNED_DAY5_12120000_A1_A4_0-1","5","EGOLIFE2U_RANDOM_PAIR_CLIP_PRUNED_DAY5_12120000_A1_A4_0-1::candidate_06","1","3","2","6","4","false","","","2026-08-06T19:43:07.651Z","2026-08-07T18:56:22.368Z","1988","After I walked up the stairs and into the room with the projector screen, what was the other person doing at the table?","[""Eating a meal with chopsticks"",""Setting up the projector"",""Cleaning the table"",""Watching a movie"",""Drinking from a soda can""]","A","Eating a meal with chopsticks","Jake","https://huggingface.co/datasets/lmms-lab/EgoLife/resolve/main/A1_JAKE/DAY5/DAY5_A1_JAKE_12120000.mp4","Lucia","https://huggingface.co/datasets/lmms-lab/EgoLife/resolve/main/A4_LUCIA/DAY5/DAY5_A4_LUCIA_12120000.mp4"
"egolife_rlhf_packet_ranking_v4","dbea4d3c4ab21c99f39c","day5_7_full_100","HM","completed","30","EGOLIFE2U_RANDOM_PAIR_CLIP_PRUNED_DAY5_12120000_A1_A4_0-1","6","EGOLIFE2U_RANDOM_PAIR_CLIP_PRUNED_DAY5_12120000_A1_A4_0-1::candidate_03","1","3","1","5","6","false","","","2026-08-06T19:43:07.651Z","2026-08-07T18:56:22.368Z","1988","I grabbed a sandwich and a white bottle from the red fridge before heading up the stairs. What was I holding while I walked up the stairs?","[""A sandwich and a white bottle"",""A bowl of soup and chopsticks"",""A red can of soda and a napkin"",""A plastic bag of groceries"",""A pair of shoes and a box""]","A","A sandwich and a white bottle","Jake","https://huggingface.co/datasets/lmms-lab/EgoLife/resolve/main/A1_JAKE/DAY5/DAY5_A1_JAKE_12120000.mp4","Lucia","https://huggingface.co/datasets/lmms-lab/EgoLife/resolve/main/A4_LUCIA/DAY5/DAY5_A4_LUCIA_12120000.mp4"
"egolife_rlhf_packet_ranking_v4","dbea4d3c4ab21c99f39c","day5_7_full_100","HM","completed","31","EGOLIFE2U_RANDOM_PAIR_CLIP_PRUNED_DAY5_12400000_A1_A5_0-1","1","EGOLIFE2U_RANDOM_PAIR_CLIP_PRUNED_DAY5_12400000_A1_A5_0-1::candidate_02","1","3","2","6","2","false","","","2026-08-06T19:43:07.824Z","2026-08-07T19:16:09.517Z","1180","I was sitting on the floor using my laptop, but I couldn't see what was happening in the rest of the room. From where you were, could you tell which person was using a laptop at the same time?","[""The person wearing a pink shirt lying on the bed"",""The person standing near the projector screen"",""The person wearing a purple shirt on the floor"",""The person sitting in the wooden chair"",""The person sitting on the sofa""]","A","The person wearing a pink shirt lying on the bed","Jake","https://huggingface.co/datasets/lmms-lab/EgoLife/resolve/main/A1_JAKE/DAY5/DAY5_A1_JAKE_12400000.mp4","Katrina","https://huggingface.co/datasets/lmms-lab/EgoLife/resolve/main/A5_KATRINA/DAY5/DAY5_A5_KATRINA_12400000.mp4"
"egolife_rlhf_packet_ranking_v4","dbea4d3c4ab21c99f39c","day5_7_full_100","HM","completed","31","EGOLIFE2U_RANDOM_PAIR_CLIP_PRUNED_DAY5_12400000_A1_A5_0-1","2","EGOLIFE2U_RANDOM_PAIR_CLIP_PRUNED_DAY5_12400000_A1_A5_0-1::candidate_05","2","3","2","7","1","false","","","2026-08-06T19:43:07.824Z","2026-08-07T19:16:09.517Z","1180","I'm looking at the person in the purple shirt near the wooden chairs and window in my view; what color shirt is the person lying down on the couch using a laptop wearing?","[""A pink t-shirt"",""A purple t-shirt"",""A blue t-shirt"",""A white t-shirt"",""A black t-shirt""]","A","A pink t-shirt","Jake","https://huggingface.co/datasets/lmms-lab/EgoLife/resolve/main/A1_JAKE/DAY5/DAY5_A1_JAKE_12400000.mp4","Katrina","https://huggingface.co/datasets/lmms-lab/EgoLife/resolve/main/A5_KATRINA/DAY5/DAY5_A5_KATRINA_12400000.mp4"
"egolife_rlhf_packet_ranking_v4","dbea4d3c4ab21c99f39c","day5_7_full_100","HM","completed","31","EGOLIFE2U_RANDOM_PAIR_CLIP_PRUNED_DAY5_12400000_A1_A5_0-1","3","EGOLIFE2U_RANDOM_PAIR_CLIP_PRUNED_DAY5_12400000_A1_A5_0-1::candidate_04","2","1","1","4","6","false","","","2026-08-06T19:43:07.824Z","2026-08-07T19:16:09.517Z","1180","I was sitting on the floor with my laptop on the stand, and I noticed someone else in the room holding a phone up near the projector screen. What was the color of the shirt worn by that person?","[""A pink t-shirt"",""A purple t-shirt"",""A blue t-shirt"",""A white t-shirt"",""A black t-shirt""]","A","A pink t-shirt","Jake","https://huggingface.co/datasets/lmms-lab/EgoLife/resolve/main/A1_JAKE/DAY5/DAY5_A1_JAKE_12400000.mp4","Katrina","https://huggingface.co/datasets/lmms-lab/EgoLife/resolve/main/A5_KATRINA/DAY5/DAY5_A5_KATRINA_12400000.mp4"
"egolife_rlhf_packet_ranking_v4","dbea4d3c4ab21c99f39c","day5_7_full_100","HM","completed","31","EGOLIFE2U_RANDOM_PAIR_CLIP_PRUNED_DAY5_12400000_A1_A5_0-1","4","EGOLIFE2U_RANDOM_PAIR_CLIP_PRUNED_DAY5_12400000_A1_A5_0-1::candidate_06","3","1","2","6","5","false","","","2026-08-06T19:43:07.824Z","2026-08-07T19:16:09.517Z","1180","I can see someone in a pink shirt using a laptop in the room with the projector screen, but I can't quite make out what they are wearing on their legs. What kind of pants is that person wearing?","[""Blue jeans"",""Black sweatpants"",""Khaki cargo shorts"",""White leggings"",""Gray track pants""]","A","Blue jeans","Jake","https://huggingface.co/datasets/lmms-lab/EgoLife/resolve/main/A1_JAKE/DAY5/DAY5_A1_JAKE_12400000.mp4","Katrina","https://huggingface.co/datasets/lmms-lab/EgoLife/resolve/main/A5_KATRINA/DAY5/DAY5_A5_KATRINA_12400000.mp4"
"egolife_rlhf_packet_ranking_v4","dbea4d3c4ab21c99f39c","day5_7_full_100","HM","completed","31","EGOLIFE2U_RANDOM_PAIR_CLIP_PRUNED_DAY5_12400000_A1_A5_0-1","5","EGOLIFE2U_RANDOM_PAIR_CLIP_PRUNED_DAY5_12400000_A1_A5_0-1::candidate_01","1","3","2","6","2","false","","","2026-08-06T19:43:07.824Z","2026-08-07T19:16:09.517Z","1180","I was sitting on the floor using my laptop, but I couldn't see what was happening in the rest of the room. From where you were, could you tell which person was using a laptop at the same time?","[""The person wearing a pink shirt lying on the bed"",""The person standing near the projector screen"",""The person wearing a purple shirt on the floor"",""The person sitting in the wooden chair"",""The person sitting on the sofa""]","A","The person wearing a pink shirt lying on the bed","Jake","https://huggingface.co/datasets/lmms-lab/EgoLife/resolve/main/A1_JAKE/DAY5/DAY5_A1_JAKE_12400000.mp4","Katrina","https://huggingface.co/datasets/lmms-lab/EgoLife/resolve/main/A5_KATRINA/DAY5/DAY5_A5_KATRINA_12400000.mp4"
"egolife_rlhf_packet_ranking_v4","dbea4d3c4ab21c99f39c","day5_7_full_100","HM","completed","31","EGOLIFE2U_RANDOM_PAIR_CLIP_PRUNED_DAY5_12400000_A1_A5_0-1","6","EGOLIFE2U_RANDOM_PAIR_CLIP_PRUNED_DAY5_12400000_A1_A5_0-1::candidate_03","2","1","2","5","5","false","","","2026-08-06T19:43:07.824Z","2026-08-07T19:16:09.517Z","1180","I was sitting on the floor with my laptop, and I could see a person in a pink shirt lying down in the room. What object was that person resting on?","[""A bed with a laptop on it"",""A white sofa near the window"",""A wooden chair in the corner"",""A rug directly on the floor"",""A desk with a projector screen""]","A","A bed with a laptop on it","Jake","https://huggingface.co/datasets/lmms-lab/EgoLife/resolve/main/A1_JAKE/DAY5/DAY5_A1_JAKE_12400000.mp4","Katrina","https://huggingface.co/datasets/lmms-lab/EgoLife/resolve/main/A5_KATRINA/DAY5/DAY5_A5_KATRINA_12400000.mp4"
"egolife_rlhf_packet_ranking_v4","dbea4d3c4ab21c99f39c","day5_7_full_100","HM","completed","32","EGOLIFE2U_RANDOM_PAIR_CLIP_PRUNED_DAY5_12433000_A4_A6_0-1","1","EGOLIFE2U_RANDOM_PAIR_CLIP_PRUNED_DAY5_12433000_A4_A6_0-1::candidate_06","3","3","2","8","1","false","","","2026-08-06T19:43:08.211Z","2026-08-07T19:26:35.923Z","717","I saw someone in a purple shirt moving around in the room with the dark shiny floor, but I couldn't really tell what they were doing from where I was sitting. What was the person in the purple shirt doing near the wall?","[""Sitting on a chair and looking at a phone"",""Standing still and talking to someone"",""Bending over and interacting with something on the floor"",""Walking towards the camera"",""Cleaning the table with a cloth""]","C","Bending over and interacting with something on the floor","Lucia","https://huggingface.co/datasets/lmms-lab/EgoLife/resolve/main/A4_LUCIA/DAY5/DAY5_A4_LUCIA_12433000.mp4","Shure","https://huggingface.co/datasets/lmms-lab/EgoLife/resolve/main/A6_SHURE/DAY5/DAY5_A6_SHURE_12433000.mp4"
"egolife_rlhf_packet_ranking_v4","dbea4d3c4ab21c99f39c","day5_7_full_100","HM","completed","32","EGOLIFE2U_RANDOM_PAIR_CLIP_PRUNED_DAY5_12433000_A4_A6_0-1","2","EGOLIFE2U_RANDOM_PAIR_CLIP_PRUNED_DAY5_12433000_A4_A6_0-1::candidate_04","2","3","1","6","2","false","","","2026-08-06T19:43:08.211Z","2026-08-07T19:26:35.923Z","717","I was scrolling through my phone earlier and noticed someone in a purple shirt moving around in the background. Where did that person end up standing near the end of that time?","[""Standing next to the white projector screen"",""Crouching near the table with the water bottles"",""Standing by the large circular floor lamp"",""Sitting on the sofa in the corner"",""Walking through the open doorway""]","C","Standing by the large circular floor lamp","Lucia","https://huggingface.co/datasets/lmms-lab/EgoLife/resolve/main/A4_LUCIA/DAY5/DAY5_A4_LUCIA_12433000.mp4","Shure","https://huggingface.co/datasets/lmms-lab/EgoLife/resolve/main/A6_SHURE/DAY5/DAY5_A6_SHURE_12433000.mp4"
"egolife_rlhf_packet_ranking_v4","dbea4d3c4ab21c99f39c","day5_7_full_100","HM","completed","32","EGOLIFE2U_RANDOM_PAIR_CLIP_PRUNED_DAY5_12433000_A4_A6_0-1","3","EGOLIFE2U_RANDOM_PAIR_CLIP_PRUNED_DAY5_12433000_A4_A6_0-1::candidate_05","3","1","1","5","6","false","","","2026-08-06T19:43:08.211Z","2026-08-07T19:26:35.923Z","717","I noticed that large circular floor lamp in the corner of the room while I was looking at my phone, but I couldn't quite tell if it was turned on or off from my angle. Was the floor lamp actually on?","[""The lamp was on and glowing blue"",""The lamp was on and glowing white"",""The lamp was off and dark"",""The lamp was covered with a cloth"",""The lamp was broken and lying on the floor""]","A","The lamp was on and glowing blue","Lucia","https://huggingface.co/datasets/lmms-lab/EgoLife/resolve/main/A4_LUCIA/DAY5/DAY5_A4_LUCIA_12433000.mp4","Shure","https://huggingface.co/datasets/lmms-lab/EgoLife/resolve/main/A6_SHURE/DAY5/DAY5_A6_SHURE_12433000.mp4"
"egolife_rlhf_packet_ranking_v4","dbea4d3c4ab21c99f39c","day5_7_full_100","HM","completed","32","EGOLIFE2U_RANDOM_PAIR_CLIP_PRUNED_DAY5_12433000_A4_A6_0-1","4","EGOLIFE2U_RANDOM_PAIR_CLIP_PRUNED_DAY5_12433000_A4_A6_0-1::candidate_01","2","3","1","6","4","false","","","2026-08-06T19:43:08.211Z","2026-08-07T19:26:35.923Z","717","I was scrolling through my phone while the person in the purple shirt was moving around in the background. After they finished whatever they were doing near the wall, what position did they end up in?","[""Standing upright"",""Sitting on a chair"",""Lying down on the floor"",""Walking out of the room"",""Crouching on the floor""]","A","Standing upright","Lucia","https://huggingface.co/datasets/lmms-lab/EgoLife/resolve/main/A4_LUCIA/DAY5/DAY5_A4_LUCIA_12433000.mp4","Shure","https://huggingface.co/datasets/lmms-lab/EgoLife/resolve/main/A6_SHURE/DAY5/DAY5_A6_SHURE_12433000.mp4"
"egolife_rlhf_packet_ranking_v4","dbea4d3c4ab21c99f39c","day5_7_full_100","HM","completed","32","EGOLIFE2U_RANDOM_PAIR_CLIP_PRUNED_DAY5_12433000_A4_A6_0-1","5","EGOLIFE2U_RANDOM_PAIR_CLIP_PRUNED_DAY5_12433000_A4_A6_0-1::candidate_02","2","2","1","5","5","false","","","2026-08-06T19:43:08.211Z","2026-08-07T19:26:35.923Z","717","I noticed the person in the purple shirt was crouching down on the floor in the background while I was scrolling. Did they eventually stand up and move around?","[""Yes, they stood up and walked near the window"",""No, they remained crouching the entire time"",""Yes, they stood up and sat on a chair"",""No, they left the room without standing"",""Yes, they stood up and sat on the floor""]","A","Yes, they stood up and walked near the window","Lucia","https://huggingface.co/datasets/lmms-lab/EgoLife/resolve/main/A4_LUCIA/DAY5/DAY5_A4_LUCIA_12433000.mp4","Shure","https://huggingface.co/datasets/lmms-lab/EgoLife/resolve/main/A6_SHURE/DAY5/DAY5_A6_SHURE_12433000.mp4"
"egolife_rlhf_packet_ranking_v4","dbea4d3c4ab21c99f39c","day5_7_full_100","HM","completed","32","EGOLIFE2U_RANDOM_PAIR_CLIP_PRUNED_DAY5_12433000_A4_A6_0-1","6","EGOLIFE2U_RANDOM_PAIR_CLIP_PRUNED_DAY5_12433000_A4_A6_0-1::candidate_03","3","1","2","6","2","false","","","2026-08-06T19:43:08.211Z","2026-08-07T19:26:35.923Z","717","I was looking at my phone and could see the person in the purple shirt standing in the background, but I couldn't see the workspace in the middle of the room. Was the laptop on that desk turned on or off?","[""The laptop was turned on with a bright screen"",""The laptop was turned off and the screen was black"",""The laptop was closed completely"",""The laptop was not on the desk at all"",""The laptop was open but the screen was blank""]","A","The laptop was turned on with a bright screen","Lucia","https://huggingface.co/datasets/lmms-lab/EgoLife/resolve/main/A4_LUCIA/DAY5/DAY5_A4_LUCIA_12433000.mp4","Shure","https://huggingface.co/datasets/lmms-lab/EgoLife/resolve/main/A6_SHURE/DAY5/DAY5_A6_SHURE_12433000.mp4"
"egolife_rlhf_packet_ranking_v4","dbea4d3c4ab21c99f39c","day5_7_full_100","HM","completed","33","EGOLIFE2U_RANDOM_PAIR_CLIP_PRUNED_DAY5_12453000_A4_A5_0-1","1","EGOLIFE2U_RANDOM_PAIR_CLIP_PRUNED_DAY5_12453000_A4_A5_0-1::candidate_02","2","3","1","6","1","false","","","2026-08-06T19:43:08.615Z","2026-08-07T19:51:12.265Z","1444","I noticed a person sitting on the floor near the wall with the tripod while I was looking around the room. Was that person holding a mobile phone in their hands?","[""Yes, the person was holding a phone."",""No, the person was holding a tablet."",""No, the person was holding a book."",""No, the person had both hands empty."",""No, the person was holding a laptop.""]","A","Yes, the person was holding a phone.","Lucia","https://huggingface.co/datasets/lmms-lab/EgoLife/resolve/main/A4_LUCIA/DAY5/DAY5_A4_LUCIA_12453000.mp4","Katrina","https://huggingface.co/datasets/lmms-lab/EgoLife/resolve/main/A5_KATRINA/DAY5/DAY5_A5_KATRINA_12453000.mp4"
"egolife_rlhf_packet_ranking_v4","dbea4d3c4ab21c99f39c","day5_7_full_100","HM","completed","33","EGOLIFE2U_RANDOM_PAIR_CLIP_PRUNED_DAY5_12453000_A4_A5_0-1","2","EGOLIFE2U_RANDOM_PAIR_CLIP_PRUNED_DAY5_12453000_A4_A5_0-1::candidate_04","1","3","1","5","2","false","","","2026-08-06T19:43:08.615Z","2026-08-07T19:51:12.265Z","1444","I'm looking at the person sitting on the floor near the wall in the living room. What color is the shirt they are wearing?","[""a purple shirt"",""a white shirt"",""a dark blue shirt"",""a black shirt"",""a red shirt""]","A","a purple shirt","Lucia","https://huggingface.co/datasets/lmms-lab/EgoLife/resolve/main/A4_LUCIA/DAY5/DAY5_A4_LUCIA_12453000.mp4","Katrina","https://huggingface.co/datasets/lmms-lab/EgoLife/resolve/main/A5_KATRINA/DAY5/DAY5_A5_KATRINA_12453000.mp4"
"egolife_rlhf_packet_ranking_v4","dbea4d3c4ab21c99f39c","day5_7_full_100","HM","completed","33","EGOLIFE2U_RANDOM_PAIR_CLIP_PRUNED_DAY5_12453000_A4_A5_0-1","3","EGOLIFE2U_RANDOM_PAIR_CLIP_PRUNED_DAY5_12453000_A4_A5_0-1::candidate_05","1","3","1","5","2","false","","","2026-08-06T19:43:08.615Z","2026-08-07T19:51:12.265Z","1444","I noticed someone sitting on the floor in the corner of the living room, near the white door and the tripod. What color is the shirt they are wearing?","[""a purple shirt"",""a white shirt"",""a black shirt"",""a blue shirt"",""a pink shirt""]","A","a purple shirt","Lucia","https://huggingface.co/datasets/lmms-lab/EgoLife/resolve/main/A4_LUCIA/DAY5/DAY5_A4_LUCIA_12453000.mp4","Katrina","https://huggingface.co/datasets/lmms-lab/EgoLife/resolve/main/A5_KATRINA/DAY5/DAY5_A5_KATRINA_12453000.mp4"
"egolife_rlhf_packet_ranking_v4","dbea4d3c4ab21c99f39c","day5_7_full_100","HM","completed","33","EGOLIFE2U_RANDOM_PAIR_CLIP_PRUNED_DAY5_12453000_A4_A5_0-1","4","EGOLIFE2U_RANDOM_PAIR_CLIP_PRUNED_DAY5_12453000_A4_A5_0-1::candidate_06","1","3","1","5","2","false","","","2026-08-06T19:43:08.615Z","2026-08-07T19:51:12.265Z","1444","I saw a person sitting on the floor in the corner of the room near the white door and the tripod. What color was the shirt they were wearing?","[""a purple shirt"",""a white shirt"",""a black shirt"",""a blue shirt"",""a pink shirt""]","A","a purple shirt","Lucia","https://huggingface.co/datasets/lmms-lab/EgoLife/resolve/main/A4_LUCIA/DAY5/DAY5_A4_LUCIA_12453000.mp4","Katrina","https://huggingface.co/datasets/lmms-lab/EgoLife/resolve/main/A5_KATRINA/DAY5/DAY5_A5_KATRINA_12453000.mp4"
"egolife_rlhf_packet_ranking_v4","dbea4d3c4ab21c99f39c","day5_7_full_100","HM","completed","33","EGOLIFE2U_RANDOM_PAIR_CLIP_PRUNED_DAY5_12453000_A4_A5_0-1","5","EGOLIFE2U_RANDOM_PAIR_CLIP_PRUNED_DAY5_12453000_A4_A5_0-1::candidate_01","2","1","2","5","5","false","","","2026-08-06T19:43:08.615Z","2026-08-07T19:51:12.265Z","1444","I noticed a laptop sitting on the floor in front of the person in the purple shirt while I was looking around the room. Was that laptop actually open and being used, or was it just sitting there closed?","[""The laptop was open with the screen displaying a document or webpage."",""The laptop was closed and just sitting on the floor."",""The laptop was open but the screen was completely black or off."",""The laptop was placed on a nearby table rather than the floor."",""The laptop was connected to a large projector screen.""]","A","The laptop was open with the screen displaying a document or webpage.","Lucia","https://huggingface.co/datasets/lmms-lab/EgoLife/resolve/main/A4_LUCIA/DAY5/DAY5_A4_LUCIA_12453000.mp4","Katrina","https://huggingface.co/datasets/lmms-lab/EgoLife/resolve/main/A5_KATRINA/DAY5/DAY5_A5_KATRINA_12453000.mp4"
"egolife_rlhf_packet_ranking_v4","dbea4d3c4ab21c99f39c","day5_7_full_100","HM","completed","33","EGOLIFE2U_RANDOM_PAIR_CLIP_PRUNED_DAY5_12453000_A4_A5_0-1","6","EGOLIFE2U_RANDOM_PAIR_CLIP_PRUNED_DAY5_12453000_A4_A5_0-1::candidate_03","3","1","1","5","6","false","","","2026-08-06T19:43:08.615Z","2026-08-07T19:51:12.265Z","1444","I saw the person in the purple shirt sitting on the floor near the wall with the tripod, but I couldn't see what they were doing with their hands. What was that person holding?","[""A tablet or mobile phone"",""A large white laptop"",""A thick hardcover book"",""A blue water bottle"",""A white gaming controller""]","B","A large white laptop","Lucia","https://huggingface.co/datasets/lmms-lab/EgoLife/resolve/main/A4_LUCIA/DAY5/DAY5_A4_LUCIA_12453000.mp4","Katrina","https://huggingface.co/datasets/lmms-lab/EgoLife/resolve/main/A5_KATRINA/DAY5/DAY5_A5_KATRINA_12453000.mp4"
"egolife_rlhf_packet_ranking_v4","dbea4d3c4ab21c99f39c","day5_7_full_100","HM","completed","34","EGOLIFE2U_RANDOM_PAIR_CLIP_PRUNED_DAY5_14550000_A3_A6_0-1","1","EGOLIFE2U_RANDOM_PAIR_CLIP_PRUNED_DAY5_14550000_A3_A6_0-1::candidate_01","1","3","1","5","3","false","","","2026-08-06T19:43:08.864Z","2026-08-07T20:11:03.920Z","1139","I was looking down at my phone while sitting on the patio, but I didn't get a good look at the table setup. Which color laptop was sitting open on the table right in front of you?","[""A silver laptop with stickers on the lid"",""A black laptop with a matte finish"",""A white laptop with a glossy finish"",""A red laptop with a rubberized cover"",""A blue laptop with a fabric texture""]","A","A silver laptop with stickers on the lid","Tasha","https://huggingface.co/datasets/lmms-lab/EgoLife/resolve/main/A3_TASHA/DAY5/DAY5_A3_TASHA_14550000.mp4","Shure","https://huggingface.co/datasets/lmms-lab/EgoLife/resolve/main/A6_SHURE/DAY5/DAY5_A6_SHURE_14550000.mp4"
"egolife_rlhf_packet_ranking_v4","dbea4d3c4ab21c99f39c","day5_7_full_100","HM","completed","34","EGOLIFE2U_RANDOM_PAIR_CLIP_PRUNED_DAY5_14550000_A3_A6_0-1","2","EGOLIFE2U_RANDOM_PAIR_CLIP_PRUNED_DAY5_14550000_A3_A6_0-1::candidate_02","3","3","1","7","1","false","","","2026-08-06T19:43:08.864Z","2026-08-07T20:11:03.920Z","1139","I was looking down at my phone and missed what was happening on the table. Which beverage bottle was sitting on the table near the laptop?","[""A clear bottle with yellow liquid"",""A red plastic soda bottle"",""A green glass beer bottle"",""A white ceramic coffee mug"",""A blue water bottle with a straw""]","A","A clear bottle with yellow liquid","Tasha","https://huggingface.co/datasets/lmms-lab/EgoLife/resolve/main/A3_TASHA/DAY5/DAY5_A3_TASHA_14550000.mp4","Shure","https://huggingface.co/datasets/lmms-lab/EgoLife/resolve/main/A6_SHURE/DAY5/DAY5_A6_SHURE_14550000.mp4"
"egolife_rlhf_packet_ranking_v4","dbea4d3c4ab21c99f39c","day5_7_full_100","HM","completed","34","EGOLIFE2U_RANDOM_PAIR_CLIP_PRUNED_DAY5_14550000_A3_A6_0-1","3","EGOLIFE2U_RANDOM_PAIR_CLIP_PRUNED_DAY5_14550000_A3_A6_0-1::candidate_06","1","3","1","5","4","false","","","2026-08-06T19:43:08.864Z","2026-08-07T20:11:03.920Z","1139","I saw someone standing up near the table with the wooden models and holding a cable. What was the color of the dress that person was wearing?","[""A dark navy blue dress"",""A bright pink dress"",""A white summer dress"",""A black t-shirt and shorts"",""A grey sweater and jeans""]","A","A dark navy blue dress","Tasha","https://huggingface.co/datasets/lmms-lab/EgoLife/resolve/main/A3_TASHA/DAY5/DAY5_A3_TASHA_14550000.mp4","Shure","https://huggingface.co/datasets/lmms-lab/EgoLife/resolve/main/A6_SHURE/DAY5/DAY5_A6_SHURE_14550000.mp4"
"egolife_rlhf_packet_ranking_v4","dbea4d3c4ab21c99f39c","day5_7_full_100","HM","completed","34","EGOLIFE2U_RANDOM_PAIR_CLIP_PRUNED_DAY5_14550000_A3_A6_0-1","4","EGOLIFE2U_RANDOM_PAIR_CLIP_PRUNED_DAY5_14550000_A3_A6_0-1::candidate_04","2","2","1","5","2","false","","","2026-08-06T19:43:08.864Z","2026-08-07T20:11:03.920Z","1139","I was sitting at the table with the wooden house models and saw a woman in a black dress with pinkish hair standing nearby. Did she end up holding a phone in her hands?","[""She was holding a white remote control"",""She was holding a black smartphone"",""She was holding a white cable or string"",""She was holding a yellow notepad"",""She was holding a glass of water""]","C","She was holding a white cable or string","Tasha","https://huggingface.co/datasets/lmms-lab/EgoLife/resolve/main/A3_TASHA/DAY5/DAY5_A3_TASHA_14550000.mp4","Shure","https://huggingface.co/datasets/lmms-lab/EgoLife/resolve/main/A6_SHURE/DAY5/DAY5_A6_SHURE_14550000.mp4"
"egolife_rlhf_packet_ranking_v4","dbea4d3c4ab21c99f39c","day5_7_full_100","HM","completed","34","EGOLIFE2U_RANDOM_PAIR_CLIP_PRUNED_DAY5_14550000_A3_A6_0-1","5","EGOLIFE2U_RANDOM_PAIR_CLIP_PRUNED_DAY5_14550000_A3_A6_0-1::candidate_05","1","1","1","3","6","false","","","2026-08-06T19:43:08.864Z","2026-08-07T20:11:03.920Z","1139","I saw a woman with pinkish hair standing near the table with the wooden house models. When she was standing there, was there a laptop open on the table in front of her?","[""There was a laptop open on the table in front of her"",""There was a laptop closed on the table in front of her"",""There was no laptop on the table in front of her"",""There was a tablet on the table in front of her"",""There was a stack of papers on the table in front of her""]","C","There was no laptop on the table in front of her","Tasha","https://huggingface.co/datasets/lmms-lab/EgoLife/resolve/main/A3_TASHA/DAY5/DAY5_A3_TASHA_14550000.mp4","Shure","https://huggingface.co/datasets/lmms-lab/EgoLife/resolve/main/A6_SHURE/DAY5/DAY5_A6_SHURE_14550000.mp4"
"egolife_rlhf_packet_ranking_v4","dbea4d3c4ab21c99f39c","day5_7_full_100","HM","completed","34","EGOLIFE2U_RANDOM_PAIR_CLIP_PRUNED_DAY5_14550000_A3_A6_0-1","6","EGOLIFE2U_RANDOM_PAIR_CLIP_PRUNED_DAY5_14550000_A3_A6_0-1::candidate_03","1","1","1","3","6","false","","","2026-08-06T19:43:08.864Z","2026-08-07T20:11:03.920Z","1139","I was looking down at my phone and missed what was on the table right in front of me. What color was the laptop I had open?","[""A silver laptop"",""A black laptop"",""A white laptop"",""A red laptop"",""A blue laptop""]","A","A silver laptop","Tasha","https://huggingface.co/datasets/lmms-lab/EgoLife/resolve/main/A3_TASHA/DAY5/DAY5_A3_TASHA_14550000.mp4","Shure","https://huggingface.co/datasets/lmms-lab/EgoLife/resolve/main/A6_SHURE/DAY5/DAY5_A6_SHURE_14550000.mp4"
"egolife_rlhf_packet_ranking_v4","dbea4d3c4ab21c99f39c","day5_7_full_100","HM","completed","35","EGOLIFE2U_RANDOM_PAIR_CLIP_PRUNED_DAY5_14563000_A3_A5_0-1","1","EGOLIFE2U_RANDOM_PAIR_CLIP_PRUNED_DAY5_14563000_A3_A5_0-1::candidate_04","2","1","1","4","5","false","","","2026-08-06T19:43:09.048Z","2026-08-07T20:29:51.938Z","1250","I was sitting at the table with all those wooden structures in front of me, and I could see a phone lying on the slats. What color was the phone?","[""A dark grey or black"",""A bright white"",""A vibrant blue"",""A metallic gold"",""A light pink""]","A","A dark grey or black","Tasha","https://huggingface.co/datasets/lmms-lab/EgoLife/resolve/main/A3_TASHA/DAY5/DAY5_A3_TASHA_14563000.mp4","Katrina","https://huggingface.co/datasets/lmms-lab/EgoLife/resolve/main/A5_KATRINA/DAY5/DAY5_A5_KATRINA_14563000.mp4"
"egolife_rlhf_packet_ranking_v4","dbea4d3c4ab21c99f39c","day5_7_full_100","HM","completed","35","EGOLIFE2U_RANDOM_PAIR_CLIP_PRUNED_DAY5_14563000_A3_A5_0-1","2","EGOLIFE2U_RANDOM_PAIR_CLIP_PRUNED_DAY5_14563000_A3_A5_0-1::candidate_06","3","1","2","6","3","false","","","2026-08-06T19:43:09.048Z","2026-08-07T20:29:51.938Z","1250","I saw a green tub on the table, but I couldn't tell what it was. What kind of food was inside the green tub?","[""Ice cream"",""Yogurt"",""Mashed potatoes"",""Guacamole"",""Green tea""]","A","Ice cream","Tasha","https://huggingface.co/datasets/lmms-lab/EgoLife/resolve/main/A3_TASHA/DAY5/DAY5_A3_TASHA_14563000.mp4","Katrina","https://huggingface.co/datasets/lmms-lab/EgoLife/resolve/main/A5_KATRINA/DAY5/DAY5_A5_KATRINA_14563000.mp4"
"egolife_rlhf_packet_ranking_v4","dbea4d3c4ab21c99f39c","day5_7_full_100","HM","completed","35","EGOLIFE2U_RANDOM_PAIR_CLIP_PRUNED_DAY5_14563000_A3_A5_0-1","3","EGOLIFE2U_RANDOM_PAIR_CLIP_PRUNED_DAY5_14563000_A3_A5_0-1::candidate_03","3","1","1","5","2","false","","","2026-08-06T19:43:09.048Z","2026-08-07T20:29:51.938Z","1250","I was sitting by the wooden table with the brown boxes, but I couldn't see the items on the opposite side near the white umbrella pole. What was the large white rectangular container sitting on the table?","[""A styrofoam food delivery box"",""A cardboard shipping carton"",""A white plastic storage bin"",""A stack of white paper towels"",""A white wooden crate""]","A","A styrofoam food delivery box","Tasha","https://huggingface.co/datasets/lmms-lab/EgoLife/resolve/main/A3_TASHA/DAY5/DAY5_A3_TASHA_14563000.mp4","Katrina","https://huggingface.co/datasets/lmms-lab/EgoLife/resolve/main/A5_KATRINA/DAY5/DAY5_A5_KATRINA_14563000.mp4"
"egolife_rlhf_packet_ranking_v4","dbea4d3c4ab21c99f39c","day5_7_full_100","HM","completed","35","EGOLIFE2U_RANDOM_PAIR_CLIP_PRUNED_DAY5_14563000_A3_A5_0-1","4","EGOLIFE2U_RANDOM_PAIR_CLIP_PRUNED_DAY5_14563000_A3_A5_0-1::candidate_02","3","2","2","7","1","false","","","2026-08-06T19:43:09.048Z","2026-08-07T20:29:51.938Z","1250","I was sitting at the wooden table with some brown boxes in front of me, but I couldn't see what was on the other side of the table near the white umbrella stand. Was there a green tub of ice cream sitting there?","[""Yes, a green tub of ice cream"",""Yes, a white styrofoam box"",""No, the table was empty"",""Yes, a stack of books"",""No, just a laptop""]","A","Yes, a green tub of ice cream","Tasha","https://huggingface.co/datasets/lmms-lab/EgoLife/resolve/main/A3_TASHA/DAY5/DAY5_A3_TASHA_14563000.mp4","Katrina","https://huggingface.co/datasets/lmms-lab/EgoLife/resolve/main/A5_KATRINA/DAY5/DAY5_A5_KATRINA_14563000.mp4"
"egolife_rlhf_packet_ranking_v4","dbea4d3c4ab21c99f39c","day5_7_full_100","HM","completed","35","EGOLIFE2U_RANDOM_PAIR_CLIP_PRUNED_DAY5_14563000_A3_A5_0-1","5","EGOLIFE2U_RANDOM_PAIR_CLIP_PRUNED_DAY5_14563000_A3_A5_0-1::candidate_01","3","2","1","6","4","false","","","2026-08-06T19:43:09.048Z","2026-08-07T20:29:51.938Z","1250","I was looking at the green tub on the table, but my view was blocked by the people standing around. What was the person in the pink shirt doing right next to that tub?","[""Looking at a laptop"",""Standing and talking"",""Opening a box"",""Eating a snack"",""Holding a phone""]","A","Looking at a laptop","Tasha","https://huggingface.co/datasets/lmms-lab/EgoLife/resolve/main/A3_TASHA/DAY5/DAY5_A3_TASHA_14563000.mp4","Katrina","https://huggingface.co/datasets/lmms-lab/EgoLife/resolve/main/A5_KATRINA/DAY5/DAY5_A5_KATRINA_14563000.mp4"
"egolife_rlhf_packet_ranking_v4","dbea4d3c4ab21c99f39c","day5_7_full_100","HM","completed","35","EGOLIFE2U_RANDOM_PAIR_CLIP_PRUNED_DAY5_14563000_A3_A5_0-1","6","EGOLIFE2U_RANDOM_PAIR_CLIP_PRUNED_DAY5_14563000_A3_A5_0-1::candidate_05","2","1","1","4","6","false","","","2026-08-06T19:43:09.048Z","2026-08-07T20:29:51.938Z","1250","I remember holding a cup with a green snack in it while we were hanging out at the table. What color was the band on the rim of that cup?","[""A solid white rim"",""A dark blue stripe"",""A light green stripe"",""A bright red stripe"",""A metallic gold stripe""]","C","A light green stripe","Tasha","https://huggingface.co/datasets/lmms-lab/EgoLife/resolve/main/A3_TASHA/DAY5/DAY5_A3_TASHA_14563000.mp4","Katrina","https://huggingface.co/datasets/lmms-lab/EgoLife/resolve/main/A5_KATRINA/DAY5/DAY5_A5_KATRINA_14563000.mp4"
"egolife_rlhf_packet_ranking_v4","dbea4d3c4ab21c99f39c","day5_7_full_100","HM","completed","36","EGOLIFE2U_RANDOM_PAIR_CLIP_PRUNED_DAY5_15113000_A1_A6_0-1","1","EGOLIFE2U_RANDOM_PAIR_CLIP_PRUNED_DAY5_15113000_A1_A6_0-1::candidate_05","3","3","1","7","1","false","","","2026-08-06T19:43:09.232Z","2026-08-07T20:45:28.595Z","48138","I noticed a person in a maroon top sitting at the table in my view, but I couldn't see what they were holding. What was that person drinking from?","[""a clear glass of water"",""a green paper cup"",""a blue plastic bottle"",""a red travel mug"",""a white ceramic mug""]","B","a green paper cup","Jake","https://huggingface.co/datasets/lmms-lab/EgoLife/resolve/main/A1_JAKE/DAY5/DAY5_A1_JAKE_15113000.mp4","Shure","https://huggingface.co/datasets/lmms-lab/EgoLife/resolve/main/A6_SHURE/DAY5/DAY5_A6_SHURE_15113000.mp4"
"egolife_rlhf_packet_ranking_v4","dbea4d3c4ab21c99f39c","day5_7_full_100","HM","completed","36","EGOLIFE2U_RANDOM_PAIR_CLIP_PRUNED_DAY5_15113000_A1_A6_0-1","2","EGOLIFE2U_RANDOM_PAIR_CLIP_PRUNED_DAY5_15113000_A1_A6_0-1::candidate_01","3","2","1","6","4","false","","asked about themself","2026-08-06T19:43:09.232Z","2026-08-07T20:45:28.595Z","48138","I was sitting at the long table with the umbrella pole, but I couldn't see what was happening on the far side of the patio. Was there anyone wearing a purple shirt sitting over there?","[""A person in a purple shirt was sitting on a chair."",""A person in a purple shirt was standing by the wall."",""A person in a purple shirt was walking towards the table."",""No one in a purple shirt was visible in that area."",""A person in a purple shirt was standing behind the table.""]","A","A person in a purple shirt was sitting on a chair.","Jake","https://huggingface.co/datasets/lmms-lab/EgoLife/resolve/main/A1_JAKE/DAY5/DAY5_A1_JAKE_15113000.mp4","Shure","https://huggingface.co/datasets/lmms-lab/EgoLife/resolve/main/A6_SHURE/DAY5/DAY5_A6_SHURE_15113000.mp4"
"egolife_rlhf_packet_ranking_v4","dbea4d3c4ab21c99f39c","day5_7_full_100","HM","completed","36","EGOLIFE2U_RANDOM_PAIR_CLIP_PRUNED_DAY5_15113000_A1_A6_0-1","3","EGOLIFE2U_RANDOM_PAIR_CLIP_PRUNED_DAY5_15113000_A1_A6_0-1::candidate_03","3","2","1","6","6","false","","asked about themself","2026-08-06T19:43:09.232Z","2026-08-07T20:45:28.595Z","48138","I saw a person in a purple shirt sitting across from the table, but my angle was a bit restricted. Was that person holding a phone or just sitting with their hands empty?","[""Holding a phone in their hands"",""Typing on a laptop"",""Drinking from a green cup"",""Sitting with empty hands"",""Holding a notebook""]","D","Sitting with empty hands","Jake","https://huggingface.co/datasets/lmms-lab/EgoLife/resolve/main/A1_JAKE/DAY5/DAY5_A1_JAKE_15113000.mp4","Shure","https://huggingface.co/datasets/lmms-lab/EgoLife/resolve/main/A6_SHURE/DAY5/DAY5_A6_SHURE_15113000.mp4"
"egolife_rlhf_packet_ranking_v4","dbea4d3c4ab21c99f39c","day5_7_full_100","HM","completed","36","EGOLIFE2U_RANDOM_PAIR_CLIP_PRUNED_DAY5_15113000_A1_A6_0-1","4","EGOLIFE2U_RANDOM_PAIR_CLIP_PRUNED_DAY5_15113000_A1_A6_0-1::candidate_02","3","2","1","6","4","false","","asked about themself","2026-08-06T19:43:09.232Z","2026-08-07T20:45:28.595Z","48138","I was sitting at the long table with the umbrella pole, but I couldn't see what was happening on the far side of the patio. Was there anyone wearing a purple shirt sitting over there?","[""A person in a purple shirt was sitting on a chair."",""A person in a purple shirt was standing by the wall."",""A person in a purple shirt was walking towards the table."",""No one in a purple shirt was visible in that area."",""A person in a purple shirt was standing behind the table.""]","A","A person in a purple shirt was sitting on a chair.","Jake","https://huggingface.co/datasets/lmms-lab/EgoLife/resolve/main/A1_JAKE/DAY5/DAY5_A1_JAKE_15113000.mp4","Shure","https://huggingface.co/datasets/lmms-lab/EgoLife/resolve/main/A6_SHURE/DAY5/DAY5_A6_SHURE_15113000.mp4"
"egolife_rlhf_packet_ranking_v4","dbea4d3c4ab21c99f39c","day5_7_full_100","HM","completed","36","EGOLIFE2U_RANDOM_PAIR_CLIP_PRUNED_DAY5_15113000_A1_A6_0-1","5","EGOLIFE2U_RANDOM_PAIR_CLIP_PRUNED_DAY5_15113000_A1_A6_0-1::candidate_06","3","3","2","8","3","false","","asked about themself","2026-08-06T19:43:09.232Z","2026-08-07T20:45:28.595Z","48138","I noticed the person in the purple shirt sitting near the wall in my view, but I couldn't quite make out what they were holding. What kind of device was that person using?","[""a large tablet with a case"",""a silver laptop computer"",""a black smartphone"",""a white notebook"",""a pair of headphones""]","C","a black smartphone","Jake","https://huggingface.co/datasets/lmms-lab/EgoLife/resolve/main/A1_JAKE/DAY5/DAY5_A1_JAKE_15113000.mp4","Shure","https://huggingface.co/datasets/lmms-lab/EgoLife/resolve/main/A6_SHURE/DAY5/DAY5_A6_SHURE_15113000.mp4"
"egolife_rlhf_packet_ranking_v4","dbea4d3c4ab21c99f39c","day5_7_full_100","HM","completed","36","EGOLIFE2U_RANDOM_PAIR_CLIP_PRUNED_DAY5_15113000_A1_A6_0-1","6","EGOLIFE2U_RANDOM_PAIR_CLIP_PRUNED_DAY5_15113000_A1_A6_0-1::candidate_04","3","2","1","6","2","false","","","2026-08-06T19:43:09.232Z","2026-08-07T20:45:28.595Z","48138","I was looking at the person in the maroon top sitting across the table from me, but I couldn't tell what they were holding. What were they drinking from?","[""a clear glass of water"",""a green paper cup"",""a blue plastic bottle"",""a red travel mug"",""a white ceramic mug""]","B","a green paper cup","Jake","https://huggingface.co/datasets/lmms-lab/EgoLife/resolve/main/A1_JAKE/DAY5/DAY5_A1_JAKE_15113000.mp4","Shure","https://huggingface.co/datasets/lmms-lab/EgoLife/resolve/main/A6_SHURE/DAY5/DAY5_A6_SHURE_15113000.mp4"
"egolife_rlhf_packet_ranking_v4","dbea4d3c4ab21c99f39c","day5_7_full_100","HM","completed","37","EGOLIFE2U_RANDOM_PAIR_CLIP_PRUNED_DAY5_15140000_A3_A4_0-1","1","EGOLIFE2U_RANDOM_PAIR_CLIP_PRUNED_DAY5_15140000_A3_A4_0-1::candidate_01","3","1","1","5","6","false","","","2026-08-06T19:43:09.398Z","2026-08-07T20:56:16.964Z","665","I was standing near the whiteboard next to the blue building, but I couldn't see the rest of the group sitting under the umbrella. How many people were sitting at the table?","[""One person"",""Two people"",""Three people"",""Four people"",""Five people""]","C","Three people","Tasha","https://huggingface.co/datasets/lmms-lab/EgoLife/resolve/main/A3_TASHA/DAY5/DAY5_A3_TASHA_15140000.mp4","Lucia","https://huggingface.co/datasets/lmms-lab/EgoLife/resolve/main/A4_LUCIA/DAY5/DAY5_A4_LUCIA_15140000.mp4"
"egolife_rlhf_packet_ranking_v4","dbea4d3c4ab21c99f39c","day5_7_full_100","HM","completed","37","EGOLIFE2U_RANDOM_PAIR_CLIP_PRUNED_DAY5_15140000_A3_A4_0-1","2","EGOLIFE2U_RANDOM_PAIR_CLIP_PRUNED_DAY5_15140000_A3_A4_0-1::candidate_03","3","3","1","7","1","false","","","2026-08-06T19:43:09.398Z","2026-08-07T20:56:16.964Z","665","I was looking at the person with pink hair standing near the whiteboard, but I couldn't really make out the specific drawings from my angle. What kind of illustrations were drawn on the board?","[""A map of the local area with streets"",""A schedule of events with dates"",""Cute cartoon faces and animals"",""Detailed technical blueprints"",""Abstract geometric shapes""]","C","Cute cartoon faces and animals","Tasha","https://huggingface.co/datasets/lmms-lab/EgoLife/resolve/main/A3_TASHA/DAY5/DAY5_A3_TASHA_15140000.mp4","Lucia","https://huggingface.co/datasets/lmms-lab/EgoLife/resolve/main/A4_LUCIA/DAY5/DAY5_A4_LUCIA_15140000.mp4"
"egolife_rlhf_packet_ranking_v4","dbea4d3c4ab21c99f39c","day5_7_full_100","HM","completed","37","EGOLIFE2U_RANDOM_PAIR_CLIP_PRUNED_DAY5_15140000_A3_A4_0-1","3","EGOLIFE2U_RANDOM_PAIR_CLIP_PRUNED_DAY5_15140000_A3_A4_0-1::candidate_06","1","3","1","5","4","false","","","2026-08-06T19:43:09.398Z","2026-08-07T20:56:16.964Z","665","I was standing by the whiteboard with the cat drawings and the list, but I couldn't see everyone gathered under the big umbrella. Who was sitting at the table wearing the pink shirt?","[""A person with short dark hair"",""A person with long blonde hair"",""A person with short grey hair"",""A person with curly red hair"",""A person with a baseball cap""]","A","A person with short dark hair","Tasha","https://huggingface.co/datasets/lmms-lab/EgoLife/resolve/main/A3_TASHA/DAY5/DAY5_A3_TASHA_15140000.mp4","Lucia","https://huggingface.co/datasets/lmms-lab/EgoLife/resolve/main/A4_LUCIA/DAY5/DAY5_A4_LUCIA_15140000.mp4"
"egolife_rlhf_packet_ranking_v4","dbea4d3c4ab21c99f39c","day5_7_full_100","HM","completed","37","EGOLIFE2U_RANDOM_PAIR_CLIP_PRUNED_DAY5_15140000_A3_A4_0-1","4","EGOLIFE2U_RANDOM_PAIR_CLIP_PRUNED_DAY5_15140000_A3_A4_0-1::candidate_05","1","3","1","5","4","false","","","2026-08-06T19:43:09.398Z","2026-08-07T20:56:16.964Z","665","I was standing by the whiteboard with the cat drawings and the list, but I couldn't see everyone gathered under the big umbrella. Who was sitting at the table wearing the pink shirt?","[""A person with short dark hair"",""A person with long blonde hair"",""A person with short grey hair"",""A person with curly red hair"",""A person with a baseball cap""]","A","A person with short dark hair","Tasha","https://huggingface.co/datasets/lmms-lab/EgoLife/resolve/main/A3_TASHA/DAY5/DAY5_A3_TASHA_15140000.mp4","Lucia","https://huggingface.co/datasets/lmms-lab/EgoLife/resolve/main/A4_LUCIA/DAY5/DAY5_A4_LUCIA_15140000.mp4"
"egolife_rlhf_packet_ranking_v4","dbea4d3c4ab21c99f39c","day5_7_full_100","HM","completed","37","EGOLIFE2U_RANDOM_PAIR_CLIP_PRUNED_DAY5_15140000_A3_A4_0-1","5","EGOLIFE2U_RANDOM_PAIR_CLIP_PRUNED_DAY5_15140000_A3_A4_0-1::candidate_04","3","3","1","7","1","false","","","2026-08-06T19:43:09.398Z","2026-08-07T20:56:16.964Z","665","I was watching the person with pink hair standing next to the whiteboard, but I couldn't see who else was nearby from my angle. Which other person was standing right next to the whiteboard?","[""A person wearing a pink shirt"",""A person wearing a white shirt"",""A person wearing a blue shirt"",""A person wearing a dark shirt"",""A person wearing a red shirt""]","A","A person wearing a pink shirt","Tasha","https://huggingface.co/datasets/lmms-lab/EgoLife/resolve/main/A3_TASHA/DAY5/DAY5_A3_TASHA_15140000.mp4","Lucia","https://huggingface.co/datasets/lmms-lab/EgoLife/resolve/main/A4_LUCIA/DAY5/DAY5_A4_LUCIA_15140000.mp4"
"egolife_rlhf_packet_ranking_v4","dbea4d3c4ab21c99f39c","day5_7_full_100","HM","completed","37","EGOLIFE2U_RANDOM_PAIR_CLIP_PRUNED_DAY5_15140000_A3_A4_0-1","6","EGOLIFE2U_RANDOM_PAIR_CLIP_PRUNED_DAY5_15140000_A3_A4_0-1::candidate_02","3","2","1","6","3","false","","","2026-08-06T19:43:09.398Z","2026-08-07T20:56:16.964Z","665","I was standing right next to the whiteboard looking at the list, but the writing was a bit small and hard to read from my angle. What was the first item written on the list on the right side of the board?","[""A list of food items to buy"",""A list of chores including cleaning"",""A list of decorative items"",""A list of names of people present"",""A list of places to visit""]","A","A list of food items to buy","Tasha","https://huggingface.co/datasets/lmms-lab/EgoLife/resolve/main/A3_TASHA/DAY5/DAY5_A3_TASHA_15140000.mp4","Lucia","https://huggingface.co/datasets/lmms-lab/EgoLife/resolve/main/A4_LUCIA/DAY5/DAY5_A4_LUCIA_15140000.mp4"
"egolife_rlhf_packet_ranking_v4","dbea4d3c4ab21c99f39c","day5_7_full_100","HM","completed","38","EGOLIFE2U_RANDOM_PAIR_CLIP_PRUNED_DAY5_15163000_A4_A6_0-1","1","EGOLIFE2U_RANDOM_PAIR_CLIP_PRUNED_DAY5_15163000_A4_A6_0-1::candidate_01","3","1","1","5","4","false","","","2026-08-06T19:43:09.565Z","2026-08-07T22:06:16.232Z","4192","I was watching the person in the white jacket lean over the table to check the laptop, but from my angle, I couldn't tell what they were wearing on their head. Did that person have headphones on?","[""Yes, they were wearing large over-ear headphones"",""No, they were wearing a beanie or knit hat"",""No, they were wearing a baseball cap"",""No, they were not wearing anything on their head"",""Yes, they were wearing a pair of sunglasses""]","A","Yes, they were wearing large over-ear headphones","Lucia","https://huggingface.co/datasets/lmms-lab/EgoLife/resolve/main/A4_LUCIA/DAY5/DAY5_A4_LUCIA_15163000.mp4","Shure","https://huggingface.co/datasets/lmms-lab/EgoLife/resolve/main/A6_SHURE/DAY5/DAY5_A6_SHURE_15163000.mp4"
"egolife_rlhf_packet_ranking_v4","dbea4d3c4ab21c99f39c","day5_7_full_100","HM","completed","38","EGOLIFE2U_RANDOM_PAIR_CLIP_PRUNED_DAY5_15163000_A4_A6_0-1","2","EGOLIFE2U_RANDOM_PAIR_CLIP_PRUNED_DAY5_15163000_A4_A6_0-1::candidate_04","3","2","1","6","1","false","","","2026-08-06T19:43:09.565Z","2026-08-07T22:06:16.232Z","4192","I was standing by the long wooden table under the umbrella, and I noticed the person in the dark blue dress was eating something from a green cup, but I couldn't quite make out what it was. What was the person in the dark blue dress eating?","[""eating a sandwich"",""eating a popsicle"",""eating ice cream"",""eating a piece of cake"",""eating a fruit""]","C","eating ice cream","Lucia","https://huggingface.co/datasets/lmms-lab/EgoLife/resolve/main/A4_LUCIA/DAY5/DAY5_A4_LUCIA_15163000.mp4","Shure","https://huggingface.co/datasets/lmms-lab/EgoLife/resolve/main/A6_SHURE/DAY5/DAY5_A6_SHURE_15163000.mp4"
"egolife_rlhf_packet_ranking_v4","dbea4d3c4ab21c99f39c","day5_7_full_100","HM","completed","38","EGOLIFE2U_RANDOM_PAIR_CLIP_PRUNED_DAY5_15163000_A4_A6_0-1","3","EGOLIFE2U_RANDOM_PAIR_CLIP_PRUNED_DAY5_15163000_A4_A6_0-1::candidate_06","3","2","1","6","1","false","","","2026-08-06T19:43:09.565Z","2026-08-07T22:06:16.232Z","4192","I was looking at the table under the umbrella and saw the person in the pink shirt standing there, but I couldn't see what they were wearing on their lower half. What was the person in the pink shirt wearing on their legs?","[""blue jeans"",""black pants"",""white shorts"",""dark athletic leggings"",""khaki cargo shorts""]","A","blue jeans","Lucia","https://huggingface.co/datasets/lmms-lab/EgoLife/resolve/main/A4_LUCIA/DAY5/DAY5_A4_LUCIA_15163000.mp4","Shure","https://huggingface.co/datasets/lmms-lab/EgoLife/resolve/main/A6_SHURE/DAY5/DAY5_A6_SHURE_15163000.mp4"
"egolife_rlhf_packet_ranking_v4","dbea4d3c4ab21c99f39c","day5_7_full_100","HM","completed","38","EGOLIFE2U_RANDOM_PAIR_CLIP_PRUNED_DAY5_15163000_A4_A6_0-1","4","EGOLIFE2U_RANDOM_PAIR_CLIP_PRUNED_DAY5_15163000_A4_A6_0-1::candidate_02","3","2","1","6","3","false","","","2026-08-06T19:43:09.565Z","2026-08-07T22:06:16.232Z","4192","I was looking at the table where the laptop was open, and I noticed a black tablet next to it, but I couldn't see what was underneath it. What was lying directly under that black tablet?","[""A stack of white papers"",""A wooden box"",""A silver metal tray"",""A clear plastic bag"",""A green cup""]","B","A wooden box","Lucia","https://huggingface.co/datasets/lmms-lab/EgoLife/resolve/main/A4_LUCIA/DAY5/DAY5_A4_LUCIA_15163000.mp4","Shure","https://huggingface.co/datasets/lmms-lab/EgoLife/resolve/main/A6_SHURE/DAY5/DAY5_A6_SHURE_15163000.mp4"
"egolife_rlhf_packet_ranking_v4","dbea4d3c4ab21c99f39c","day5_7_full_100","HM","completed","38","EGOLIFE2U_RANDOM_PAIR_CLIP_PRUNED_DAY5_15163000_A4_A6_0-1","5","EGOLIFE2U_RANDOM_PAIR_CLIP_PRUNED_DAY5_15163000_A4_A6_0-1::candidate_05","1","1","1","3","6","false","","","2026-08-06T19:43:09.565Z","2026-08-07T22:06:16.232Z","4192","I was watching the group around the table under the umbrella, and I saw the person in the pink shirt moving around, but I couldn't tell where they were standing relative to the others. Where was the person in the pink shirt standing in relation to the person in the white shirt who was sitting down?","[""directly behind the person in the white shirt"",""to the left of the person in the white shirt"",""to the right of the person in the white shirt"",""sitting across from the person in the white shirt"",""standing at the far end of the table""]","A","directly behind the person in the white shirt","Lucia","https://huggingface.co/datasets/lmms-lab/EgoLife/resolve/main/A4_LUCIA/DAY5/DAY5_A4_LUCIA_15163000.mp4","Shure","https://huggingface.co/datasets/lmms-lab/EgoLife/resolve/main/A6_SHURE/DAY5/DAY5_A6_SHURE_15163000.mp4"
"egolife_rlhf_packet_ranking_v4","dbea4d3c4ab21c99f39c","day5_7_full_100","HM","completed","38","EGOLIFE2U_RANDOM_PAIR_CLIP_PRUNED_DAY5_15163000_A4_A6_0-1","6","EGOLIFE2U_RANDOM_PAIR_CLIP_PRUNED_DAY5_15163000_A4_A6_0-1::candidate_03","2","3","1","6","5","false","","","2026-08-06T19:43:09.565Z","2026-08-07T22:06:16.232Z","4192","I saw the person in the pink shirt standing by the table, but I couldn't quite see what was on their chest from my angle. What was the graphic design on the front of that pink t-shirt?","[""A pair of crossed drumsticks"",""A white rabbit silhouette"",""A large letter 'Y'"",""A cartoon cat face"",""A geometric star pattern""]","B","A white rabbit silhouette","Lucia","https://huggingface.co/datasets/lmms-lab/EgoLife/resolve/main/A4_LUCIA/DAY5/DAY5_A4_LUCIA_15163000.mp4","Shure","https://huggingface.co/datasets/lmms-lab/EgoLife/resolve/main/A6_SHURE/DAY5/DAY5_A6_SHURE_15163000.mp4"
"egolife_rlhf_packet_ranking_v4","dbea4d3c4ab21c99f39c","day5_7_full_100","HM","completed","39","EGOLIFE2U_RANDOM_PAIR_CLIP_PRUNED_DAY5_15220000_A1_A5_0-1","1","EGOLIFE2U_RANDOM_PAIR_CLIP_PRUNED_DAY5_15220000_A1_A5_0-1::candidate_02","1","3","1","5","5","false","","","2026-08-06T19:43:09.846Z","2026-08-07T22:17:04.650Z","661","I was standing on the gravel outside holding a phone and a white square device, looking toward the blue wall and the wooden deck. Which of these best describes what was visible on the wooden deck area directly in front of the open doorway?","[""A clothing rack with hanging garments"",""A low wooden bench or table"",""A large cardboard box"",""A potted plant with broad leaves"",""An empty floor with no furniture""]","A","A clothing rack with hanging garments","Jake","https://huggingface.co/datasets/lmms-lab/EgoLife/resolve/main/A1_JAKE/DAY5/DAY5_A1_JAKE_15220000.mp4","Katrina","https://huggingface.co/datasets/lmms-lab/EgoLife/resolve/main/A5_KATRINA/DAY5/DAY5_A5_KATRINA_15220000.mp4"
"egolife_rlhf_packet_ranking_v4","dbea4d3c4ab21c99f39c","day5_7_full_100","HM","completed","39","EGOLIFE2U_RANDOM_PAIR_CLIP_PRUNED_DAY5_15220000_A1_A5_0-1","2","EGOLIFE2U_RANDOM_PAIR_CLIP_PRUNED_DAY5_15220000_A1_A5_0-1::candidate_01","2","3","1","6","3","false","","","2026-08-06T19:43:09.846Z","2026-08-07T22:17:04.650Z","661","I was standing outside holding a phone and a white square device, looking at the wooden deck area. How high was the wooden bench platform situated along the wall?","[""It was a raised platform level with a standing person's knees"",""It was a low-level platform near a standing person's ankles"",""It was a standard chair-height surface"",""It was a high counter-height surface"",""It was a floor-level surface with no elevation""]","A","It was a raised platform level with a standing person's knees","Jake","https://huggingface.co/datasets/lmms-lab/EgoLife/resolve/main/A1_JAKE/DAY5/DAY5_A1_JAKE_15220000.mp4","Katrina","https://huggingface.co/datasets/lmms-lab/EgoLife/resolve/main/A5_KATRINA/DAY5/DAY5_A5_KATRINA_15220000.mp4"
"egolife_rlhf_packet_ranking_v4","dbea4d3c4ab21c99f39c","day5_7_full_100","HM","completed","39","EGOLIFE2U_RANDOM_PAIR_CLIP_PRUNED_DAY5_15220000_A1_A5_0-1","3","EGOLIFE2U_RANDOM_PAIR_CLIP_PRUNED_DAY5_15220000_A1_A5_0-1::candidate_03","3","3","3","9","1","false","","","2026-08-06T19:43:09.846Z","2026-08-07T22:17:04.650Z","661","When I was outside on the gravel looking at the blue wall and the open doorway, I noticed a person in a maroon dress standing nearby. Later, I walked inside. In the room with the large projection screen and the checkered floor panel, did that same person in the maroon dress end up standing near the cluttered table?","[""Yes, the person in the maroon dress was standing near the cluttered table"",""No, the person in the maroon dress left the room"",""No, the person in the maroon dress was sitting in a chair"",""No, the person in the maroon dress was looking in a mirror"",""No, the person in the maroon dress was walking through the doorway""]","A","Yes, the person in the maroon dress was standing near the cluttered table","Jake","https://huggingface.co/datasets/lmms-lab/EgoLife/resolve/main/A1_JAKE/DAY5/DAY5_A1_JAKE_15220000.mp4","Katrina","https://huggingface.co/datasets/lmms-lab/EgoLife/resolve/main/A5_KATRINA/DAY5/DAY5_A5_KATRINA_15220000.mp4"
"egolife_rlhf_packet_ranking_v4","dbea4d3c4ab21c99f39c","day5_7_full_100","HM","completed","39","EGOLIFE2U_RANDOM_PAIR_CLIP_PRUNED_DAY5_15220000_A1_A5_0-1","4","EGOLIFE2U_RANDOM_PAIR_CLIP_PRUNED_DAY5_15220000_A1_A5_0-1::candidate_04","2","3","1","6","4","false","","","2026-08-06T19:43:09.846Z","2026-08-07T22:17:04.650Z","661","I was holding that white square object and walking towards the open door with the blue wall. When I got inside, where did the person wearing the purple shirt end up walking?","[""towards the bedroom with the white bed"",""standing near the projector screen"",""sitting at the dining table"",""going into the kitchen area"",""staying by the entrance door""]","A","towards the bedroom with the white bed","Jake","https://huggingface.co/datasets/lmms-lab/EgoLife/resolve/main/A1_JAKE/DAY5/DAY5_A1_JAKE_15220000.mp4","Katrina","https://huggingface.co/datasets/lmms-lab/EgoLife/resolve/main/A5_KATRINA/DAY5/DAY5_A5_KATRINA_15220000.mp4"
"egolife_rlhf_packet_ranking_v4","dbea4d3c4ab21c99f39c","day5_7_full_100","HM","completed","39","EGOLIFE2U_RANDOM_PAIR_CLIP_PRUNED_DAY5_15220000_A1_A5_0-1","5","EGOLIFE2U_RANDOM_PAIR_CLIP_PRUNED_DAY5_15220000_A1_A5_0-1::candidate_06","2","3","1","6","3","false","","","2026-08-06T19:43:09.846Z","2026-08-07T22:17:04.650Z","661","I walked through the open doorway into the room with the large projector screen. Was the person standing in the center of that room wearing a light-colored outfit or a dark outfit?","[""a light-colored pinkish outfit"",""a dark purple outfit"",""a white shirt with dark pants"",""a dark red dress"",""a dark blue outfit""]","A","a light-colored pinkish outfit","Jake","https://huggingface.co/datasets/lmms-lab/EgoLife/resolve/main/A1_JAKE/DAY5/DAY5_A1_JAKE_15220000.mp4","Katrina","https://huggingface.co/datasets/lmms-lab/EgoLife/resolve/main/A5_KATRINA/DAY5/DAY5_A5_KATRINA_15220000.mp4"
"egolife_rlhf_packet_ranking_v4","dbea4d3c4ab21c99f39c","day5_7_full_100","HM","completed","39","EGOLIFE2U_RANDOM_PAIR_CLIP_PRUNED_DAY5_15220000_A1_A5_0-1","6","EGOLIFE2U_RANDOM_PAIR_CLIP_PRUNED_DAY5_15220000_A1_A5_0-1::candidate_05","1","2","1","4","6","false","","","2026-08-06T19:43:09.846Z","2026-08-07T22:17:04.650Z","661","I walked into the house through the blue door while holding that white square object. Which of these items was the person inside the room holding?","[""a black smartphone"",""a white square object"",""a bottle of water"",""a stack of papers"",""a yellow bag""]","A","a black smartphone","Jake","https://huggingface.co/datasets/lmms-lab/EgoLife/resolve/main/A1_JAKE/DAY5/DAY5_A1_JAKE_15220000.mp4","Katrina","https://huggingface.co/datasets/lmms-lab/EgoLife/resolve/main/A5_KATRINA/DAY5/DAY5_A5_KATRINA_15220000.mp4"
"egolife_rlhf_packet_ranking_v4","dbea4d3c4ab21c99f39c","day5_7_full_100","HM","completed","40","EGOLIFE2U_RANDOM_PAIR_CLIP_PRUNED_DAY5_15550000_A1_A4_0-1","1","EGOLIFE2U_RANDOM_PAIR_CLIP_PRUNED_DAY5_15550000_A1_A4_0-1::candidate_02","3","2","1","6","2","false","","","2026-08-06T19:43:10.224Z","2026-08-07T22:36:58.920Z","1187","I saw the guy in the blue shirt grab a bottle from the refrigerators, but the angle from my cart made it hard to tell exactly which brand he picked. What kind of soda bottle did he end up holding?","[""a clear plastic bottle with a red label"",""a green glass bottle"",""a can of orange soda"",""a dark plastic bottle with a blue label"",""a can of cola""]","A","a clear plastic bottle with a red label","Jake","https://huggingface.co/datasets/lmms-lab/EgoLife/resolve/main/A1_JAKE/DAY5/DAY5_A1_JAKE_15550000.mp4","Lucia","https://huggingface.co/datasets/lmms-lab/EgoLife/resolve/main/A4_LUCIA/DAY5/DAY5_A4_LUCIA_15550000.mp4"
"egolife_rlhf_packet_ranking_v4","dbea4d3c4ab21c99f39c","day5_7_full_100","HM","completed","40","EGOLIFE2U_RANDOM_PAIR_CLIP_PRUNED_DAY5_15550000_A1_A4_0-1","2","EGOLIFE2U_RANDOM_PAIR_CLIP_PRUNED_DAY5_15550000_A1_A4_0-1::candidate_03","3","3","1","7","1","false","","","2026-08-06T19:43:10.224Z","2026-08-07T22:36:58.920Z","1187","We were standing near the refrigerators in the aisle with the green wall. I saw the person in the dark blue shirt reach in and grab a bottle, but I couldn't tell what it was. What kind of drink did they end up taking out?","[""a yellow bottle of juice"",""a clear bottle of water"",""a red can of soda"",""a green bottle of Sprite"",""a dark bottle of cola""]","A","a yellow bottle of juice","Jake","https://huggingface.co/datasets/lmms-lab/EgoLife/resolve/main/A1_JAKE/DAY5/DAY5_A1_JAKE_15550000.mp4","Lucia","https://huggingface.co/datasets/lmms-lab/EgoLife/resolve/main/A4_LUCIA/DAY5/DAY5_A4_LUCIA_15550000.mp4"
"egolife_rlhf_packet_ranking_v4","dbea4d3c4ab21c99f39c","day5_7_full_100","HM","completed","40","EGOLIFE2U_RANDOM_PAIR_CLIP_PRUNED_DAY5_15550000_A1_A4_0-1","3","EGOLIFE2U_RANDOM_PAIR_CLIP_PRUNED_DAY5_15550000_A1_A4_0-1::candidate_06","3","1","1","5","6","false","","","2026-08-06T19:43:10.224Z","2026-08-07T22:36:58.920Z","1187","I saw the guy in the blue shirt grabbing a drink from the cooler, but I couldn't tell what he got. Which brand of soda was it?","[""Coca-Cola"",""Sprite"",""Fanta"",""Pepsi"",""Mountain Dew""]","A","Coca-Cola","Jake","https://huggingface.co/datasets/lmms-lab/EgoLife/resolve/main/A1_JAKE/DAY5/DAY5_A1_JAKE_15550000.mp4","Lucia","https://huggingface.co/datasets/lmms-lab/EgoLife/resolve/main/A4_LUCIA/DAY5/DAY5_A4_LUCIA_15550000.mp4"
"egolife_rlhf_packet_ranking_v4","dbea4d3c4ab21c99f39c","day5_7_full_100","HM","completed","40","EGOLIFE2U_RANDOM_PAIR_CLIP_PRUNED_DAY5_15550000_A1_A4_0-1","4","EGOLIFE2U_RANDOM_PAIR_CLIP_PRUNED_DAY5_15550000_A1_A4_0-1::candidate_04","3","1","1","5","6","false","","","2026-08-06T19:43:10.224Z","2026-08-07T22:36:58.920Z","1187","I saw the guy in the blue shirt picking up a yellowish drink from the cooler, but I couldn't see the label clearly. Which brand of soda was it?","[""Coca-Cola"",""Sprite"",""Fanta"",""Pepsi"",""Mountain Dew""]","C","Fanta","Jake","https://huggingface.co/datasets/lmms-lab/EgoLife/resolve/main/A1_JAKE/DAY5/DAY5_A1_JAKE_15550000.mp4","Lucia","https://huggingface.co/datasets/lmms-lab/EgoLife/resolve/main/A4_LUCIA/DAY5/DAY5_A4_LUCIA_15550000.mp4"
"egolife_rlhf_packet_ranking_v4","dbea4d3c4ab21c99f39c","day5_7_full_100","HM","completed","40","EGOLIFE2U_RANDOM_PAIR_CLIP_PRUNED_DAY5_15550000_A1_A4_0-1","5","EGOLIFE2U_RANDOM_PAIR_CLIP_PRUNED_DAY5_15550000_A1_A4_0-1::candidate_01","3","2","1","6","3","false","","","2026-08-06T19:43:10.224Z","2026-08-07T22:36:58.920Z","1187","I was looking at the row of refrigerators near the green wall, but I couldn't clearly identify the logo on the middle one between the red-framed units. What brand logo was displayed on the top of that specific refrigerator?","[""a Coca-Cola logo"",""a Pepsi logo"",""a Sprite logo"",""a Fanta logo"",""a 7-Up logo""]","A","a Coca-Cola logo","Jake","https://huggingface.co/datasets/lmms-lab/EgoLife/resolve/main/A1_JAKE/DAY5/DAY5_A1_JAKE_15550000.mp4","Lucia","https://huggingface.co/datasets/lmms-lab/EgoLife/resolve/main/A4_LUCIA/DAY5/DAY5_A4_LUCIA_15550000.mp4"
"egolife_rlhf_packet_ranking_v4","dbea4d3c4ab21c99f39c","day5_7_full_100","HM","completed","40","EGOLIFE2U_RANDOM_PAIR_CLIP_PRUNED_DAY5_15550000_A1_A4_0-1","6","EGOLIFE2U_RANDOM_PAIR_CLIP_PRUNED_DAY5_15550000_A1_A4_0-1::candidate_05","3","1","1","5","6","false","","","2026-08-06T19:43:10.224Z","2026-08-07T22:36:58.920Z","1187","I saw the guy in the blue shirt grabbing a drink from the cooler, but I couldn't tell what he got. Which brand of soda was it?","[""Coca-Cola"",""Sprite"",""Fanta"",""Pepsi"",""Mountain Dew""]","C","Fanta","Jake","https://huggingface.co/datasets/lmms-lab/EgoLife/resolve/main/A1_JAKE/DAY5/DAY5_A1_JAKE_15550000.mp4","Lucia","https://huggingface.co/datasets/lmms-lab/EgoLife/resolve/main/A4_LUCIA/DAY5/DAY5_A4_LUCIA_15550000.mp4"
"egolife_rlhf_packet_ranking_v4","dbea4d3c4ab21c99f39c","day5_7_full_100","HM","completed","41","EGOLIFE2U_RANDOM_PAIR_CLIP_PRUNED_DAY5_16020000_A3_A6_0-1","1","EGOLIFE2U_RANDOM_PAIR_CLIP_PRUNED_DAY5_16020000_A3_A6_0-1::candidate_02","3","3","2","8","1","false","","","2026-08-06T19:43:10.410Z","2026-08-07T22:50:27.140Z","844","I was standing by that camping display with the blue tent and couldn't see the whole cart clearly. What items were inside the shopping cart while I was looking at the display?","[""Several red soda cans and a green bottle"",""A large bag of chips and a box of cereal"",""Two blue water bottles and a loaf of bread"",""A red umbrella and a bag of fruit"",""A yellow box of tissues and a pack of gum""]","A","Several red soda cans and a green bottle","Tasha","https://huggingface.co/datasets/lmms-lab/EgoLife/resolve/main/A3_TASHA/DAY5/DAY5_A3_TASHA_16020000.mp4","Shure","https://huggingface.co/datasets/lmms-lab/EgoLife/resolve/main/A6_SHURE/DAY5/DAY5_A6_SHURE_16020000.mp4"
"egolife_rlhf_packet_ranking_v4","dbea4d3c4ab21c99f39c","day5_7_full_100","HM","completed","41","EGOLIFE2U_RANDOM_PAIR_CLIP_PRUNED_DAY5_16020000_A3_A6_0-1","2","EGOLIFE2U_RANDOM_PAIR_CLIP_PRUNED_DAY5_16020000_A3_A6_0-1::candidate_06","2","1","2","5","5","false","","","2026-08-06T19:43:10.410Z","2026-08-07T22:50:27.140Z","844","While I was looking at the camping gear display with the blue tent, I noticed a girl with pinkish-blonde hair standing nearby. What was she doing?","[""She was standing on an escalator holding a shopping cart."",""She was looking at the camping gear display."",""She was pushing a shopping cart down the aisle."",""She was talking to a person in a white shirt."",""She was walking towards the checkout counter.""]","A","She was standing on an escalator holding a shopping cart.","Tasha","https://huggingface.co/datasets/lmms-lab/EgoLife/resolve/main/A3_TASHA/DAY5/DAY5_A3_TASHA_16020000.mp4","Shure","https://huggingface.co/datasets/lmms-lab/EgoLife/resolve/main/A6_SHURE/DAY5/DAY5_A6_SHURE_16020000.mp4"
"egolife_rlhf_packet_ranking_v4","dbea4d3c4ab21c99f39c","day5_7_full_100","HM","completed","41","EGOLIFE2U_RANDOM_PAIR_CLIP_PRUNED_DAY5_16020000_A3_A6_0-1","3","EGOLIFE2U_RANDOM_PAIR_CLIP_PRUNED_DAY5_16020000_A3_A6_0-1::candidate_03","3","3","2","8","1","false","","","2026-08-06T19:43:10.410Z","2026-08-07T22:50:27.140Z","844","I was hanging out by the camping display with the blue tent and couldn't see what was in the cart. What items were actually sitting inside the shopping cart?","[""Several red soda cans and a green bottle"",""A large bag of chips and a box of cereal"",""Two blue water bottles and a loaf of bread"",""A red umbrella and a bag of fruit"",""A yellow box of tissues and a pack of gum""]","A","Several red soda cans and a green bottle","Tasha","https://huggingface.co/datasets/lmms-lab/EgoLife/resolve/main/A3_TASHA/DAY5/DAY5_A3_TASHA_16020000.mp4","Shure","https://huggingface.co/datasets/lmms-lab/EgoLife/resolve/main/A6_SHURE/DAY5/DAY5_A6_SHURE_16020000.mp4"
"egolife_rlhf_packet_ranking_v4","dbea4d3c4ab21c99f39c","day5_7_full_100","HM","completed","41","EGOLIFE2U_RANDOM_PAIR_CLIP_PRUNED_DAY5_16020000_A3_A6_0-1","4","EGOLIFE2U_RANDOM_PAIR_CLIP_PRUNED_DAY5_16020000_A3_A6_0-1::candidate_05","1","1","1","3","4","false","","","2026-08-06T19:43:10.410Z","2026-08-07T22:50:27.140Z","844","We were looking at the camping display with the blue tent, but I couldn't see what we had in the cart from my angle. What was the large red item sitting on top of the cart?","[""A red fire extinguisher"",""A red bag of chips"",""A red box of cereal"",""A red can of soda"",""A red plastic bucket""]","A","A red fire extinguisher","Tasha","https://huggingface.co/datasets/lmms-lab/EgoLife/resolve/main/A3_TASHA/DAY5/DAY5_A3_TASHA_16020000.mp4","Shure","https://huggingface.co/datasets/lmms-lab/EgoLife/resolve/main/A6_SHURE/DAY5/DAY5_A6_SHURE_16020000.mp4"
"egolife_rlhf_packet_ranking_v4","dbea4d3c4ab21c99f39c","day5_7_full_100","HM","completed","41","EGOLIFE2U_RANDOM_PAIR_CLIP_PRUNED_DAY5_16020000_A3_A6_0-1","5","EGOLIFE2U_RANDOM_PAIR_CLIP_PRUNED_DAY5_16020000_A3_A6_0-1::candidate_01","2","3","1","6","6","false","","","2026-08-06T19:43:10.410Z","2026-08-07T22:50:27.140Z","844","What item was sitting on the floor or low platform directly next to the blue tent display in the aisle?","[""A large stack of red boxes"",""A brown stuffed bear"",""A stack of white pillows"",""A green camping chair"",""A large blue water jug""]","B","A brown stuffed bear","Tasha","https://huggingface.co/datasets/lmms-lab/EgoLife/resolve/main/A3_TASHA/DAY5/DAY5_A3_TASHA_16020000.mp4","Shure","https://huggingface.co/datasets/lmms-lab/EgoLife/resolve/main/A6_SHURE/DAY5/DAY5_A6_SHURE_16020000.mp4"
"egolife_rlhf_packet_ranking_v4","dbea4d3c4ab21c99f39c","day5_7_full_100","HM","completed","41","EGOLIFE2U_RANDOM_PAIR_CLIP_PRUNED_DAY5_16020000_A3_A6_0-1","6","EGOLIFE2U_RANDOM_PAIR_CLIP_PRUNED_DAY5_16020000_A3_A6_0-1::candidate_04","1","3","2","6","3","false","","","2026-08-06T19:43:10.410Z","2026-08-07T22:50:27.140Z","844","I was looking at the camping gear display with the blue tent, but I couldn't see what was inside our cart. What were the large red cans we had already put in?","[""Canned drinks"",""Bottled water"",""Canned soup"",""Packaged snacks"",""Frozen vegetables""]","A","Canned drinks","Tasha","https://huggingface.co/datasets/lmms-lab/EgoLife/resolve/main/A3_TASHA/DAY5/DAY5_A3_TASHA_16020000.mp4","Shure","https://huggingface.co/datasets/lmms-lab/EgoLife/resolve/main/A6_SHURE/DAY5/DAY5_A6_SHURE_16020000.mp4"
"egolife_rlhf_packet_ranking_v4","dbea4d3c4ab21c99f39c","day5_7_full_100","HM","completed","42","EGOLIFE2U_RANDOM_PAIR_CLIP_PRUNED_DAY5_16183000_A4_A6_0-1","1","EGOLIFE2U_RANDOM_PAIR_CLIP_PRUNED_DAY5_16183000_A4_A6_0-1::candidate_05","1","1","1","3","6","false","","","2026-08-06T19:43:10.595Z","2026-08-07T22:57:22.350Z","385","While I was picking out those plums at the fruit display with the yellow checkered tablecloth, did you happen to notice what aisle we were passing when you headed toward the checkout area?","[""The beverage aisle with the large refrigerators"",""The beauty and personal care aisle"",""The dry goods and boxed items aisle"",""The fresh vegetable section"",""The frozen food aisle""]","B","The beauty and personal care aisle","Lucia","https://huggingface.co/datasets/lmms-lab/EgoLife/resolve/main/A4_LUCIA/DAY5/DAY5_A4_LUCIA_16183000.mp4","Shure","https://huggingface.co/datasets/lmms-lab/EgoLife/resolve/main/A6_SHURE/DAY5/DAY5_A6_SHURE_16183000.mp4"
"egolife_rlhf_packet_ranking_v4","dbea4d3c4ab21c99f39c","day5_7_full_100","HM","completed","42","EGOLIFE2U_RANDOM_PAIR_CLIP_PRUNED_DAY5_16183000_A4_A6_0-1","2","EGOLIFE2U_RANDOM_PAIR_CLIP_PRUNED_DAY5_16183000_A4_A6_0-1::candidate_03","2","3","1","6","1","false","","","2026-08-06T19:43:10.595Z","2026-08-07T22:57:22.350Z","385","I was picking out that container of plums from the display with the yellow checkered tablecloth. What was the price listed on the sign hanging right above it?","[""11.98"",""9.90"",""29.00"",""5.99"",""15.50""]","A","11.98","Lucia","https://huggingface.co/datasets/lmms-lab/EgoLife/resolve/main/A4_LUCIA/DAY5/DAY5_A4_LUCIA_16183000.mp4","Shure","https://huggingface.co/datasets/lmms-lab/EgoLife/resolve/main/A6_SHURE/DAY5/DAY5_A6_SHURE_16183000.mp4"
"egolife_rlhf_packet_ranking_v4","dbea4d3c4ab21c99f39c","day5_7_full_100","HM","completed","42","EGOLIFE2U_RANDOM_PAIR_CLIP_PRUNED_DAY5_16183000_A4_A6_0-1","3","EGOLIFE2U_RANDOM_PAIR_CLIP_PRUNED_DAY5_16183000_A4_A6_0-1::candidate_02","1","2","2","5","5","false","","","2026-08-06T19:43:10.595Z","2026-08-07T22:57:22.350Z","385","I was picking out some plums at the fruit display with the yellow checkered tablecloth. While I was doing that, where were you heading in the store?","[""Towards the checkout counters at the end of the aisle"",""Down the aisle with the beauty products and bottles"",""Past the refrigerated drinks section on the left"",""Into the fresh vegetable section"",""Towards the snack shelves near the entrance""]","B","Down the aisle with the beauty products and bottles","Lucia","https://huggingface.co/datasets/lmms-lab/EgoLife/resolve/main/A4_LUCIA/DAY5/DAY5_A4_LUCIA_16183000.mp4","Shure","https://huggingface.co/datasets/lmms-lab/EgoLife/resolve/main/A6_SHURE/DAY5/DAY5_A6_SHURE_16183000.mp4"
"egolife_rlhf_packet_ranking_v4","dbea4d3c4ab21c99f39c","day5_7_full_100","HM","completed","42","EGOLIFE2U_RANDOM_PAIR_CLIP_PRUNED_DAY5_16183000_A4_A6_0-1","4","EGOLIFE2U_RANDOM_PAIR_CLIP_PRUNED_DAY5_16183000_A4_A6_0-1::candidate_01","1","2","2","5","4","false","","","2026-08-06T19:43:10.595Z","2026-08-07T22:57:22.350Z","385","I was busy checking out the plums at the fruit display with the yellow checkered tablecloths, but I couldn't see where you ended up. Which aisle did you go to?","[""The aisle with the large glass-door refrigerators"",""The aisle with the beauty and personal care products"",""The aisle with the frozen food freezers"",""The checkout area"",""The bakery section""]","B","The aisle with the beauty and personal care products","Lucia","https://huggingface.co/datasets/lmms-lab/EgoLife/resolve/main/A4_LUCIA/DAY5/DAY5_A4_LUCIA_16183000.mp4","Shure","https://huggingface.co/datasets/lmms-lab/EgoLife/resolve/main/A6_SHURE/DAY5/DAY5_A6_SHURE_16183000.mp4"
"egolife_rlhf_packet_ranking_v4","dbea4d3c4ab21c99f39c","day5_7_full_100","HM","completed","42","EGOLIFE2U_RANDOM_PAIR_CLIP_PRUNED_DAY5_16183000_A4_A6_0-1","5","EGOLIFE2U_RANDOM_PAIR_CLIP_PRUNED_DAY5_16183000_A4_A6_0-1::candidate_06","1","2","2","5","5","false","","","2026-08-06T19:43:10.595Z","2026-08-07T22:57:22.350Z","385","I was picking out some plums in the produce section with the yellow checkered tablecloths. While I was doing that, which aisle were you walking down?","[""the beauty aisle with bottles of shampoo and lotions"",""the checkout area with the red signs"",""the aisle with the large stacks of yellow boxes"",""the refrigerated beverage aisle"",""the fresh produce section""]","A","the beauty aisle with bottles of shampoo and lotions","Lucia","https://huggingface.co/datasets/lmms-lab/EgoLife/resolve/main/A4_LUCIA/DAY5/DAY5_A4_LUCIA_16183000.mp4","Shure","https://huggingface.co/datasets/lmms-lab/EgoLife/resolve/main/A6_SHURE/DAY5/DAY5_A6_SHURE_16183000.mp4"
"egolife_rlhf_packet_ranking_v4","dbea4d3c4ab21c99f39c","day5_7_full_100","HM","completed","42","EGOLIFE2U_RANDOM_PAIR_CLIP_PRUNED_DAY5_16183000_A4_A6_0-1","6","EGOLIFE2U_RANDOM_PAIR_CLIP_PRUNED_DAY5_16183000_A4_A6_0-1::candidate_04","1","2","2","5","5","false","","","2026-08-06T19:43:10.595Z","2026-08-07T22:57:22.350Z","385","I was busy looking at the plums in the fruit section, so I didn't really look around much. When you walked through the aisle near the checkout area, which large pink sign hanging above the shelves did you see?","[""A sign that says Beauty"",""A sign that says Checkout"",""A sign that says Snacks"",""A sign that says Drinks"",""A sign that says Bakery""]","A","A sign that says Beauty","Lucia","https://huggingface.co/datasets/lmms-lab/EgoLife/resolve/main/A4_LUCIA/DAY5/DAY5_A4_LUCIA_16183000.mp4","Shure","https://huggingface.co/datasets/lmms-lab/EgoLife/resolve/main/A6_SHURE/DAY5/DAY5_A6_SHURE_16183000.mp4"
"egolife_rlhf_packet_ranking_v4","dbea4d3c4ab21c99f39c","day5_7_full_100","HM","completed","43","EGOLIFE2U_RANDOM_PAIR_CLIP_PRUNED_DAY6_10033000_A1_A2_0-1","1","EGOLIFE2U_RANDOM_PAIR_CLIP_PRUNED_DAY6_10033000_A1_A2_0-1::candidate_04","2","2","2","6","1","false","","","2026-08-06T19:43:10.762Z","2026-08-07T23:21:54.939Z","1501","I was gathering all those white power adapters off the floor, but I couldn't see what was happening over by the bed. What did the person in the bedroom do with the white pillow?","[""They held the pillow up and examined it closely"",""They threw the pillow onto the floor"",""They placed the pillow back on the bed"",""They put the pillow inside a laundry basket"",""They sat on top of the pillow""]","A","They held the pillow up and examined it closely","Jake","https://huggingface.co/datasets/lmms-lab/EgoLife/resolve/main/A1_JAKE/DAY6/DAY6_A1_JAKE_10033000.mp4","Alice","https://huggingface.co/datasets/lmms-lab/EgoLife/resolve/main/A2_ALICE/DAY6/DAY6_A2_ALICE_10033000.mp4"
"egolife_rlhf_packet_ranking_v4","dbea4d3c4ab21c99f39c","day5_7_full_100","HM","completed","43","EGOLIFE2U_RANDOM_PAIR_CLIP_PRUNED_DAY6_10033000_A1_A2_0-1","2","EGOLIFE2U_RANDOM_PAIR_CLIP_PRUNED_DAY6_10033000_A1_A2_0-1::candidate_03","1","3","2","6","6","false","","","2026-08-06T19:43:10.762Z","2026-08-07T23:21:54.939Z","1501","I was down here sorting through the cables and power strips near the sun pillow. In the bedroom, where did you end up placing that white pillow you picked up from the bed?","[""On the green patterned rug"",""On the windowsill"",""Inside the pink bag"",""On the desk"",""On the floor next to the door""]","A","On the green patterned rug","Jake","https://huggingface.co/datasets/lmms-lab/EgoLife/resolve/main/A1_JAKE/DAY6/DAY6_A1_JAKE_10033000.mp4","Alice","https://huggingface.co/datasets/lmms-lab/EgoLife/resolve/main/A2_ALICE/DAY6/DAY6_A2_ALICE_10033000.mp4"
"egolife_rlhf_packet_ranking_v4","dbea4d3c4ab21c99f39c","day5_7_full_100","HM","completed","43","EGOLIFE2U_RANDOM_PAIR_CLIP_PRUNED_DAY6_10033000_A1_A2_0-1","3","EGOLIFE2U_RANDOM_PAIR_CLIP_PRUNED_DAY6_10033000_A1_A2_0-1::candidate_06","2","2","2","6","1","false","","","2026-08-06T19:43:10.762Z","2026-08-07T23:21:54.939Z","1501","I was busy picking up the power adapters from the floor, so I couldn't see what happened with the bedding. What did the person in the bedroom do with the white pillow?","[""They held the pillow up and examined it closely"",""They threw the pillow onto the floor"",""They placed the pillow back on the bed"",""They put the pillow inside a laundry basket"",""They sat on top of the pillow""]","A","They held the pillow up and examined it closely","Jake","https://huggingface.co/datasets/lmms-lab/EgoLife/resolve/main/A1_JAKE/DAY6/DAY6_A1_JAKE_10033000.mp4","Alice","https://huggingface.co/datasets/lmms-lab/EgoLife/resolve/main/A2_ALICE/DAY6/DAY6_A2_ALICE_10033000.mp4"
"egolife_rlhf_packet_ranking_v4","dbea4d3c4ab21c99f39c","day5_7_full_100","HM","completed","43","EGOLIFE2U_RANDOM_PAIR_CLIP_PRUNED_DAY6_10033000_A1_A2_0-1","4","EGOLIFE2U_RANDOM_PAIR_CLIP_PRUNED_DAY6_10033000_A1_A2_0-1::candidate_01","1","3","2","6","4","false","","","2026-08-06T19:43:10.762Z","2026-08-07T23:21:54.939Z","1501","I was fiddling with those white power strips and cables on the floor near the sun-shaped pillow. While I was doing that, I saw you in the bedroom near the window. What did you pick up and move from the bed?","[""A white pillow"",""A patterned blanket"",""A green rug"",""A pink bag"",""A small box""]","A","A white pillow","Jake","https://huggingface.co/datasets/lmms-lab/EgoLife/resolve/main/A1_JAKE/DAY6/DAY6_A1_JAKE_10033000.mp4","Alice","https://huggingface.co/datasets/lmms-lab/EgoLife/resolve/main/A2_ALICE/DAY6/DAY6_A2_ALICE_10033000.mp4"
"egolife_rlhf_packet_ranking_v4","dbea4d3c4ab21c99f39c","day5_7_full_100","HM","completed","43","EGOLIFE2U_RANDOM_PAIR_CLIP_PRUNED_DAY6_10033000_A1_A2_0-1","5","EGOLIFE2U_RANDOM_PAIR_CLIP_PRUNED_DAY6_10033000_A1_A2_0-1::candidate_05","2","2","2","6","1","false","","","2026-08-06T19:43:10.762Z","2026-08-07T23:21:54.939Z","1501","I was gathering the white power adapters off the floor, but I couldn't see what was happening over by the bed. What did the person in the bedroom do with the white pillow?","[""They held the pillow up and examined it closely"",""They threw the pillow onto the floor"",""They placed the pillow back on the bed"",""They put the pillow inside a laundry basket"",""They sat on top of the pillow""]","A","They held the pillow up and examined it closely","Jake","https://huggingface.co/datasets/lmms-lab/EgoLife/resolve/main/A1_JAKE/DAY6/DAY6_A1_JAKE_10033000.mp4","Alice","https://huggingface.co/datasets/lmms-lab/EgoLife/resolve/main/A2_ALICE/DAY6/DAY6_A2_ALICE_10033000.mp4"
"egolife_rlhf_packet_ranking_v4","dbea4d3c4ab21c99f39c","day5_7_full_100","HM","completed","43","EGOLIFE2U_RANDOM_PAIR_CLIP_PRUNED_DAY6_10033000_A1_A2_0-1","6","EGOLIFE2U_RANDOM_PAIR_CLIP_PRUNED_DAY6_10033000_A1_A2_0-1::candidate_02","1","3","2","6","4","false","","","2026-08-06T19:43:10.762Z","2026-08-07T23:21:54.939Z","1501","I was down here fiddling with the white power strips and cables near the sun-shaped pillow. Meanwhile, you were in the bedroom. What specific item did you pick up from the bed and move?","[""A white pillow"",""A green patterned rug"",""A pink bag on the windowsill"",""A laptop on the desk"",""A framed picture on the wall""]","A","A white pillow","Jake","https://huggingface.co/datasets/lmms-lab/EgoLife/resolve/main/A1_JAKE/DAY6/DAY6_A1_JAKE_10033000.mp4","Alice","https://huggingface.co/datasets/lmms-lab/EgoLife/resolve/main/A2_ALICE/DAY6/DAY6_A2_ALICE_10033000.mp4"
"egolife_rlhf_packet_ranking_v4","dbea4d3c4ab21c99f39c","day5_7_full_100","HM","completed","44","EGOLIFE2U_RANDOM_PAIR_CLIP_PRUNED_DAY6_10113000_A1_A5_0-1","1","EGOLIFE2U_RANDOM_PAIR_CLIP_PRUNED_DAY6_10113000_A1_A5_0-1::candidate_03","2","1","1","4","6","false","","","2026-08-06T19:43:10.926Z","2026-08-07T23:31:30.452Z","571","I was just sitting in the bedroom with the computer screens and noticed the person in the green shirt walking through the doorway. Which room were they walking into?","[""The bedroom with the computer screens"",""The living room with the projector screen"",""The kitchen with the sink and window"",""The bathroom with the shower curtain"",""The hallway with the coat rack""]","B","The living room with the projector screen","Jake","https://huggingface.co/datasets/lmms-lab/EgoLife/resolve/main/A1_JAKE/DAY6/DAY6_A1_JAKE_10113000.mp4","Katrina","https://huggingface.co/datasets/lmms-lab/EgoLife/resolve/main/A5_KATRINA/DAY6/DAY6_A5_KATRINA_10113000.mp4"
"egolife_rlhf_packet_ranking_v4","dbea4d3c4ab21c99f39c","day5_7_full_100","HM","completed","44","EGOLIFE2U_RANDOM_PAIR_CLIP_PRUNED_DAY6_10113000_A1_A5_0-1","2","EGOLIFE2U_RANDOM_PAIR_CLIP_PRUNED_DAY6_10113000_A1_A5_0-1::candidate_04","2","1","2","5","6","false","","","2026-08-06T19:43:10.926Z","2026-08-07T23:31:30.452Z","571","I'm looking at the table with the checkered tablecloth that's covered in boxes and a hairdryer. What is the large white object mounted on the wall in the background of that room?","[""a large projection screen"",""a white kitchen cabinet"",""a folded paper fan"",""a framed mirror"",""a large painting""]","A","a large projection screen","Jake","https://huggingface.co/datasets/lmms-lab/EgoLife/resolve/main/A1_JAKE/DAY6/DAY6_A1_JAKE_10113000.mp4","Katrina","https://huggingface.co/datasets/lmms-lab/EgoLife/resolve/main/A5_KATRINA/DAY6/DAY6_A5_KATRINA_10113000.mp4"
"egolife_rlhf_packet_ranking_v4","dbea4d3c4ab21c99f39c","day5_7_full_100","HM","completed","44","EGOLIFE2U_RANDOM_PAIR_CLIP_PRUNED_DAY6_10113000_A1_A5_0-1","3","EGOLIFE2U_RANDOM_PAIR_CLIP_PRUNED_DAY6_10113000_A1_A5_0-1::candidate_06","3","2","1","6","4","false","","","2026-08-06T19:43:10.926Z","2026-08-07T23:31:30.452Z","571","I'm looking out the window in the kitchen at the patio, but I can't see what's on the table in the living room area. What kind of tablecloth is covering the table there?","[""A red and white checkered tablecloth"",""A plain white tablecloth"",""A blue floral patterned tablecloth"",""A solid brown wooden table surface"",""A black and white striped tablecloth""]","A","A red and white checkered tablecloth","Jake","https://huggingface.co/datasets/lmms-lab/EgoLife/resolve/main/A1_JAKE/DAY6/DAY6_A1_JAKE_10113000.mp4","Katrina","https://huggingface.co/datasets/lmms-lab/EgoLife/resolve/main/A5_KATRINA/DAY6/DAY6_A5_KATRINA_10113000.mp4"
"egolife_rlhf_packet_ranking_v4","dbea4d3c4ab21c99f39c","day5_7_full_100","HM","completed","44","EGOLIFE2U_RANDOM_PAIR_CLIP_PRUNED_DAY6_10113000_A1_A5_0-1","4","EGOLIFE2U_RANDOM_PAIR_CLIP_PRUNED_DAY6_10113000_A1_A5_0-1::candidate_02","3","2","2","7","3","false","","","2026-08-06T19:43:10.926Z","2026-08-07T23:31:30.452Z","571","I'm sitting in the bedroom with all the computer screens and can't see what's going on in the living room. On that table with the red and white checkered tablecloth, is the hairdryer blue or white?","[""A light blue hairdryer"",""A white hairdryer"",""A black hairdryer"",""A pink hairdryer"",""A silver hairdryer""]","A","A light blue hairdryer","Jake","https://huggingface.co/datasets/lmms-lab/EgoLife/resolve/main/A1_JAKE/DAY6/DAY6_A1_JAKE_10113000.mp4","Katrina","https://huggingface.co/datasets/lmms-lab/EgoLife/resolve/main/A5_KATRINA/DAY6/DAY6_A5_KATRINA_10113000.mp4"
"egolife_rlhf_packet_ranking_v4","dbea4d3c4ab21c99f39c","day5_7_full_100","HM","completed","44","EGOLIFE2U_RANDOM_PAIR_CLIP_PRUNED_DAY6_10113000_A1_A5_0-1","5","EGOLIFE2U_RANDOM_PAIR_CLIP_PRUNED_DAY6_10113000_A1_A5_0-1::candidate_01","3","3","2","8","2","false","","","2026-08-06T19:43:10.926Z","2026-08-07T23:31:30.452Z","571","I was in the bedroom with the computers and couldn't see into the other room clearly. What large appliance was sitting on the checkered table in the room with the projector screen?","[""A blue hairdryer"",""A black microwave"",""A silver toaster"",""A white kettle"",""A glass blender""]","A","A blue hairdryer","Jake","https://huggingface.co/datasets/lmms-lab/EgoLife/resolve/main/A1_JAKE/DAY6/DAY6_A1_JAKE_10113000.mp4","Katrina","https://huggingface.co/datasets/lmms-lab/EgoLife/resolve/main/A5_KATRINA/DAY6/DAY6_A5_KATRINA_10113000.mp4"
"egolife_rlhf_packet_ranking_v4","dbea4d3c4ab21c99f39c","day5_7_full_100","HM","completed","44","EGOLIFE2U_RANDOM_PAIR_CLIP_PRUNED_DAY6_10113000_A1_A5_0-1","6","EGOLIFE2U_RANDOM_PAIR_CLIP_PRUNED_DAY6_10113000_A1_A5_0-1::candidate_05","3","3","2","8","1","false","","","2026-08-06T19:43:10.926Z","2026-08-07T23:31:30.452Z","571","I'm in the bedroom with all my laptops set up, and I can see the window behind the bed, but I can't see the view from the kitchen. Is there a large white umbrella visible outside the window in the kitchen area?","[""Yes, a large white umbrella is visible outside"",""No, there is no umbrella visible outside"",""Yes, a blue umbrella is visible outside"",""Yes, a red umbrella is visible outside"",""No, the window is covered by blinds""]","A","Yes, a large white umbrella is visible outside","Jake","https://huggingface.co/datasets/lmms-lab/EgoLife/resolve/main/A1_JAKE/DAY6/DAY6_A1_JAKE_10113000.mp4","Katrina","https://huggingface.co/datasets/lmms-lab/EgoLife/resolve/main/A5_KATRINA/DAY6/DAY6_A5_KATRINA_10113000.mp4"
"egolife_rlhf_packet_ranking_v4","dbea4d3c4ab21c99f39c","day5_7_full_100","HM","completed","45","EGOLIFE2U_RANDOM_PAIR_CLIP_PRUNED_DAY6_10140000_A1_A3_0-1","1","EGOLIFE2U_RANDOM_PAIR_CLIP_PRUNED_DAY6_10140000_A1_A3_0-1::candidate_05","1","1","1","3","5","false","","","2026-08-06T19:43:11.104Z","2026-08-08T13:31:33.296Z","3044","I was just standing by the counter in the kitchen handling a white charger and cable. Where did the person in the green shirt and beige shorts end up putting the orange bag with the yellow logo?","[""On top of the white appliance"",""Inside the microwave"",""On the wire rack next to the pot"",""Inside the red refrigerator"",""On the floor""]","C","On the wire rack next to the pot","Jake","https://huggingface.co/datasets/lmms-lab/EgoLife/resolve/main/A1_JAKE/DAY6/DAY6_A1_JAKE_10140000.mp4","Tasha","https://huggingface.co/datasets/lmms-lab/EgoLife/resolve/main/A3_TASHA/DAY6/DAY6_A3_TASHA_10140000.mp4"
"egolife_rlhf_packet_ranking_v4","dbea4d3c4ab21c99f39c","day5_7_full_100","HM","completed","45","EGOLIFE2U_RANDOM_PAIR_CLIP_PRUNED_DAY6_10140000_A1_A3_0-1","2","EGOLIFE2U_RANDOM_PAIR_CLIP_PRUNED_DAY6_10140000_A1_A3_0-1::candidate_04","1","2","1","4","6","false","","","2026-08-06T19:43:11.104Z","2026-08-08T13:31:33.296Z","3044","I was just looking at the white power adapter and cable in my hands while standing by the wire rack. Where did that person in the green shirt end up putting it?","[""On the white plate on the shelf"",""Inside the orange bag"",""On the wire rack next to the pot"",""Inside the white appliance"",""On the floor""]","C","On the wire rack next to the pot","Jake","https://huggingface.co/datasets/lmms-lab/EgoLife/resolve/main/A1_JAKE/DAY6/DAY6_A1_JAKE_10140000.mp4","Tasha","https://huggingface.co/datasets/lmms-lab/EgoLife/resolve/main/A3_TASHA/DAY6/DAY6_A3_TASHA_10140000.mp4"
"egolife_rlhf_packet_ranking_v4","dbea4d3c4ab21c99f39c","day5_7_full_100","HM","completed","45","EGOLIFE2U_RANDOM_PAIR_CLIP_PRUNED_DAY6_10140000_A1_A3_0-1","3","EGOLIFE2U_RANDOM_PAIR_CLIP_PRUNED_DAY6_10140000_A1_A3_0-1::candidate_01","3","1","1","5","4","false","","","2026-08-06T19:43:11.104Z","2026-08-08T13:31:33.296Z","3044","I was dealing with that white power strip in the small tiled area near the rice cooker. Did anyone else end up with one of those power strips later on in the room with the projector screen?","[""The person in the green shirt holding a power strip"",""The person in the floral dress holding a power strip"",""The person in the orange shirt holding a power strip"",""The person in the white shirt holding a power strip"",""Nobody was holding a power strip""]","A","The person in the green shirt holding a power strip","Jake","https://huggingface.co/datasets/lmms-lab/EgoLife/resolve/main/A1_JAKE/DAY6/DAY6_A1_JAKE_10140000.mp4","Tasha","https://huggingface.co/datasets/lmms-lab/EgoLife/resolve/main/A3_TASHA/DAY6/DAY6_A3_TASHA_10140000.mp4"
"egolife_rlhf_packet_ranking_v4","dbea4d3c4ab21c99f39c","day5_7_full_100","HM","completed","45","EGOLIFE2U_RANDOM_PAIR_CLIP_PRUNED_DAY6_10140000_A1_A3_0-1","4","EGOLIFE2U_RANDOM_PAIR_CLIP_PRUNED_DAY6_10140000_A1_A3_0-1::candidate_03","2","3","1","6","2","false","","","2026-08-06T19:43:11.104Z","2026-08-08T13:31:33.296Z","3044","I was in the small tiled kitchen area handling that white power strip and looking at the shelf with the orange package. Meanwhile, in the room with the checkered mat and projector screen, what was the person in the white shirt doing?","[""Standing by the counter near the window"",""Sitting on a round woven ottoman"",""Standing near the doorway holding a phone"",""Bending over a table with a red bag"",""Sitting on a wooden chair eating""]","B","Sitting on a round woven ottoman","Jake","https://huggingface.co/datasets/lmms-lab/EgoLife/resolve/main/A1_JAKE/DAY6/DAY6_A1_JAKE_10140000.mp4","Tasha","https://huggingface.co/datasets/lmms-lab/EgoLife/resolve/main/A3_TASHA/DAY6/DAY6_A3_TASHA_10140000.mp4"
"egolife_rlhf_packet_ranking_v4","dbea4d3c4ab21c99f39c","day5_7_full_100","HM","completed","45","EGOLIFE2U_RANDOM_PAIR_CLIP_PRUNED_DAY6_10140000_A1_A3_0-1","5","EGOLIFE2U_RANDOM_PAIR_CLIP_PRUNED_DAY6_10140000_A1_A3_0-1::candidate_06","2","3","1","6","3","false","","","2026-08-06T19:43:11.104Z","2026-08-08T13:31:33.296Z","3044","I was standing in the kitchen area near the counter. Who was the person sitting on the round woven pouf in the dining area?","[""The person with pink hair wearing a white apron"",""The person with dark curly hair in a peach t-shirt"",""The person with short blonde hair in a white shirt"",""The person with long dark hair in a green shirt"",""The person in a black shirt holding a phone""]","C","The person with short blonde hair in a white shirt","Jake","https://huggingface.co/datasets/lmms-lab/EgoLife/resolve/main/A1_JAKE/DAY6/DAY6_A1_JAKE_10140000.mp4","Tasha","https://huggingface.co/datasets/lmms-lab/EgoLife/resolve/main/A3_TASHA/DAY6/DAY6_A3_TASHA_10140000.mp4"
"egolife_rlhf_packet_ranking_v4","dbea4d3c4ab21c99f39c","day5_7_full_100","HM","completed","45","EGOLIFE2U_RANDOM_PAIR_CLIP_PRUNED_DAY6_10140000_A1_A3_0-1","6","EGOLIFE2U_RANDOM_PAIR_CLIP_PRUNED_DAY6_10140000_A1_A3_0-1::candidate_02","3","3","3","9","1","false","","","2026-08-06T19:43:11.104Z","2026-08-08T13:31:33.296Z","3044","I was handling that white power strip in the small tiled kitchen area. Later, in the room with the projector screen and checkered mat, did anyone end up holding that power strip?","[""The person in the floral dress was holding the power strip"",""The person in the orange shirt was holding the power strip"",""The person in the white shirt was holding the power strip"",""The person in the green shirt was holding the power strip"",""Nobody was holding the power strip""]","E","Nobody was holding the power strip","Jake","https://huggingface.co/datasets/lmms-lab/EgoLife/resolve/main/A1_JAKE/DAY6/DAY6_A1_JAKE_10140000.mp4","Tasha","https://huggingface.co/datasets/lmms-lab/EgoLife/resolve/main/A3_TASHA/DAY6/DAY6_A3_TASHA_10140000.mp4"
"egolife_rlhf_packet_ranking_v4","dbea4d3c4ab21c99f39c","day5_7_full_100","HM","completed","46","EGOLIFE2U_RANDOM_PAIR_CLIP_PRUNED_DAY6_10150000_A2_A3_0-1","1","EGOLIFE2U_RANDOM_PAIR_CLIP_PRUNED_DAY6_10150000_A2_A3_0-1::candidate_04","1","2","1","4","4","false","","","2026-08-06T19:43:11.292Z","2026-08-08T13:46:14.136Z","886","I was in the bedroom adjusting the bedding and looking around my room, but I didn't see anyone else in there. In the other room with the projector screen and the checkered tablecloth, what was the person in the green shirt doing?","[""Sitting at the table and eating a meal"",""Standing near the whiteboard and looking at a phone"",""Cooking food at a stove or counter"",""Sitting on the floor reading a book"",""Sleeping on a couch in the corner""]","B","Standing near the whiteboard and looking at a phone","Alice","https://huggingface.co/datasets/lmms-lab/EgoLife/resolve/main/A2_ALICE/DAY6/DAY6_A2_ALICE_10150000.mp4","Tasha","https://huggingface.co/datasets/lmms-lab/EgoLife/resolve/main/A3_TASHA/DAY6/DAY6_A3_TASHA_10150000.mp4"
"egolife_rlhf_packet_ranking_v4","dbea4d3c4ab21c99f39c","day5_7_full_100","HM","completed","46","EGOLIFE2U_RANDOM_PAIR_CLIP_PRUNED_DAY6_10150000_A2_A3_0-1","2","EGOLIFE2U_RANDOM_PAIR_CLIP_PRUNED_DAY6_10150000_A2_A3_0-1::candidate_05","1","3","1","5","3","false","","","2026-08-06T19:43:11.292Z","2026-08-08T13:46:14.136Z","886","I was just adjusting my bedding in the bedroom, but then I walked out into the living room and saw people gathering around the table. What kind of tablecloth is on that table?","[""a red and white checkered pattern"",""a solid beige fabric"",""a blue floral print"",""a grey and white striped pattern"",""a plain white plastic sheet""]","A","a red and white checkered pattern","Alice","https://huggingface.co/datasets/lmms-lab/EgoLife/resolve/main/A2_ALICE/DAY6/DAY6_A2_ALICE_10150000.mp4","Tasha","https://huggingface.co/datasets/lmms-lab/EgoLife/resolve/main/A3_TASHA/DAY6/DAY6_A3_TASHA_10150000.mp4"
"egolife_rlhf_packet_ranking_v4","dbea4d3c4ab21c99f39c","day5_7_full_100","HM","completed","46","EGOLIFE2U_RANDOM_PAIR_CLIP_PRUNED_DAY6_10150000_A2_A3_0-1","3","EGOLIFE2U_RANDOM_PAIR_CLIP_PRUNED_DAY6_10150000_A2_A3_0-1::candidate_06","3","3","2","8","1","false","","","2026-08-06T19:43:11.292Z","2026-08-08T13:46:14.136Z","886","I was just tidying up my bedding in the bedroom before heading out to join the others in the living room. I noticed a person standing by the large projection screen in the background, but I couldn't tell exactly what they were doing from where I was standing. What was the person standing near the screen doing with their hands?","[""holding a smartphone in front of them"",""clapping their hands together"",""holding a glass of milk"",""gesturing with both hands open"",""holding a piece of paper""]","A","holding a smartphone in front of them","Alice","https://huggingface.co/datasets/lmms-lab/EgoLife/resolve/main/A2_ALICE/DAY6/DAY6_A2_ALICE_10150000.mp4","Tasha","https://huggingface.co/datasets/lmms-lab/EgoLife/resolve/main/A3_TASHA/DAY6/DAY6_A3_TASHA_10150000.mp4"
"egolife_rlhf_packet_ranking_v4","dbea4d3c4ab21c99f39c","day5_7_full_100","HM","completed","46","EGOLIFE2U_RANDOM_PAIR_CLIP_PRUNED_DAY6_10150000_A2_A3_0-1","4","EGOLIFE2U_RANDOM_PAIR_CLIP_PRUNED_DAY6_10150000_A2_A3_0-1::candidate_03","2","2","1","5","5","false","","","2026-08-06T19:43:11.292Z","2026-08-08T13:46:14.136Z","886","I was in the bedroom making my bed and looking around the room. I noticed a lamp hanging from the ceiling, but I wasn't sure what kind it was. What kind of lamp is hanging above the bed?","[""A standard white dome ceiling light"",""A pleated white cone-shaped pendant lamp"",""A vintage brass chandelier"",""A modern spherical globe light"",""A colorful stained-glass hanging lamp""]","B","A pleated white cone-shaped pendant lamp","Alice","https://huggingface.co/datasets/lmms-lab/EgoLife/resolve/main/A2_ALICE/DAY6/DAY6_A2_ALICE_10150000.mp4","Tasha","https://huggingface.co/datasets/lmms-lab/EgoLife/resolve/main/A3_TASHA/DAY6/DAY6_A3_TASHA_10150000.mp4"
"egolife_rlhf_packet_ranking_v4","dbea4d3c4ab21c99f39c","day5_7_full_100","HM","completed","46","EGOLIFE2U_RANDOM_PAIR_CLIP_PRUNED_DAY6_10150000_A2_A3_0-1","5","EGOLIFE2U_RANDOM_PAIR_CLIP_PRUNED_DAY6_10150000_A2_A3_0-1::candidate_02","3","2","1","6","2","false","","","2026-08-06T19:43:11.292Z","2026-08-08T13:46:14.136Z","886","I was in the bedroom making my bed and just started walking out toward the living room. When I got there, I saw someone standing near the table, but the view was a bit blocked. Which person is standing by the table in the living room?","[""The person with pink hair wearing a patterned dress"",""The person with dark hair wearing a green t-shirt"",""The person with dark hair wearing a pink t-shirt"",""The person with dark hair wearing a white shirt"",""The person with red hair wearing a white shirt""]","B","The person with dark hair wearing a green t-shirt","Alice","https://huggingface.co/datasets/lmms-lab/EgoLife/resolve/main/A2_ALICE/DAY6/DAY6_A2_ALICE_10150000.mp4","Tasha","https://huggingface.co/datasets/lmms-lab/EgoLife/resolve/main/A3_TASHA/DAY6/DAY6_A3_TASHA_10150000.mp4"
"egolife_rlhf_packet_ranking_v4","dbea4d3c4ab21c99f39c","day5_7_full_100","HM","completed","46","EGOLIFE2U_RANDOM_PAIR_CLIP_PRUNED_DAY6_10150000_A2_A3_0-1","6","EGOLIFE2U_RANDOM_PAIR_CLIP_PRUNED_DAY6_10150000_A2_A3_0-1::candidate_01","1","1","1","3","6","false","","","2026-08-06T19:43:11.292Z","2026-08-08T13:46:14.136Z","886","While I was tidying up the bed in the bedroom, I walked out into the living room. Who was the person wearing the green shirt that I saw standing near the table?","[""The person with pink hair"",""The person holding the glass of milk"",""The person standing next to the projector screen"",""The person sitting on the couch"",""The person wearing a brown shirt""]","C","The person standing next to the projector screen","Alice","https://huggingface.co/datasets/lmms-lab/EgoLife/resolve/main/A2_ALICE/DAY6/DAY6_A2_ALICE_10150000.mp4","Tasha","https://huggingface.co/datasets/lmms-lab/EgoLife/resolve/main/A3_TASHA/DAY6/DAY6_A3_TASHA_10150000.mp4"
"egolife_rlhf_packet_ranking_v4","dbea4d3c4ab21c99f39c","day5_7_full_100","HM","completed","47","EGOLIFE2U_RANDOM_PAIR_CLIP_PRUNED_DAY6_10210000_A2_A5_0-1","1","EGOLIFE2U_RANDOM_PAIR_CLIP_PRUNED_DAY6_10210000_A2_A5_0-1::candidate_01","2","1","1","4","4","false","","","2026-08-06T19:43:11.465Z","2026-08-08T13:58:46.887Z","749","I'm holding this bowl of soup while standing near the table. Who else is holding a similar bowl of soup in the room?","[""The person in the white shirt sitting on the chair"",""The person in the orange shirt standing near the projector screen"",""The person in the green shirt standing by the wall"",""The person with pink hair standing near the kitchen"",""The person in the red shirt walking through the doorway""]","A","The person in the white shirt sitting on the chair","Alice","https://huggingface.co/datasets/lmms-lab/EgoLife/resolve/main/A2_ALICE/DAY6/DAY6_A2_ALICE_10210000.mp4","Katrina","https://huggingface.co/datasets/lmms-lab/EgoLife/resolve/main/A5_KATRINA/DAY6/DAY6_A5_KATRINA_10210000.mp4"
"egolife_rlhf_packet_ranking_v4","dbea4d3c4ab21c99f39c","day5_7_full_100","HM","completed","47","EGOLIFE2U_RANDOM_PAIR_CLIP_PRUNED_DAY6_10210000_A2_A5_0-1","2","EGOLIFE2U_RANDOM_PAIR_CLIP_PRUNED_DAY6_10210000_A2_A5_0-1::candidate_06","2","3","1","6","3","false","","","2026-08-06T19:43:11.465Z","2026-08-08T13:58:46.887Z","749","I was holding a bowl of soup with dark green chunks in it while standing by the table. Looking at the wider view of the room, what was the person in the white shirt sitting near the projector screen doing?","[""Looking at a smartphone"",""Eating from a bowl"",""Holding a camera"",""Cleaning the table"",""Reading a book""]","A","Looking at a smartphone","Alice","https://huggingface.co/datasets/lmms-lab/EgoLife/resolve/main/A2_ALICE/DAY6/DAY6_A2_ALICE_10210000.mp4","Katrina","https://huggingface.co/datasets/lmms-lab/EgoLife/resolve/main/A5_KATRINA/DAY6/DAY6_A5_KATRINA_10210000.mp4"
"egolife_rlhf_packet_ranking_v4","dbea4d3c4ab21c99f39c","day5_7_full_100","HM","completed","47","EGOLIFE2U_RANDOM_PAIR_CLIP_PRUNED_DAY6_10210000_A2_A5_0-1","3","EGOLIFE2U_RANDOM_PAIR_CLIP_PRUNED_DAY6_10210000_A2_A5_0-1::candidate_04","2","3","2","7","1","false","","","2026-08-06T19:43:11.465Z","2026-08-08T13:58:46.887Z","749","I was sitting at the table with a bowl of soup in my hand. In my view, there was a person with pink hair standing nearby, but I couldn't see the rest of the room. What was the person wearing a green shirt doing in the room with the projector screen?","[""Standing and looking at a phone"",""Sitting on a chair eating"",""Walking towards the kitchen"",""Adjusting the projector screen"",""Cleaning the table""]","A","Standing and looking at a phone","Alice","https://huggingface.co/datasets/lmms-lab/EgoLife/resolve/main/A2_ALICE/DAY6/DAY6_A2_ALICE_10210000.mp4","Katrina","https://huggingface.co/datasets/lmms-lab/EgoLife/resolve/main/A5_KATRINA/DAY6/DAY6_A5_KATRINA_10210000.mp4"
"egolife_rlhf_packet_ranking_v4","dbea4d3c4ab21c99f39c","day5_7_full_100","HM","completed","47","EGOLIFE2U_RANDOM_PAIR_CLIP_PRUNED_DAY6_10210000_A2_A5_0-1","4","EGOLIFE2U_RANDOM_PAIR_CLIP_PRUNED_DAY6_10210000_A2_A5_0-1::candidate_02","2","1","1","4","4","false","","","2026-08-06T19:43:11.465Z","2026-08-08T13:58:46.887Z","749","I'm holding a bowl of soup with green vegetables in it. Who else is holding a similar bowl of soup in the room?","[""The person with reddish hair sitting at the table"",""The person in the orange shirt standing near the projector screen"",""The person in the green shirt standing by the wall"",""The person with pink hair standing near the kitchen"",""The person in the red shirt walking through the doorway""]","A","The person with reddish hair sitting at the table","Alice","https://huggingface.co/datasets/lmms-lab/EgoLife/resolve/main/A2_ALICE/DAY6/DAY6_A2_ALICE_10210000.mp4","Katrina","https://huggingface.co/datasets/lmms-lab/EgoLife/resolve/main/A5_KATRINA/DAY6/DAY6_A5_KATRINA_10210000.mp4"
"egolife_rlhf_packet_ranking_v4","dbea4d3c4ab21c99f39c","day5_7_full_100","HM","completed","47","EGOLIFE2U_RANDOM_PAIR_CLIP_PRUNED_DAY6_10210000_A2_A5_0-1","5","EGOLIFE2U_RANDOM_PAIR_CLIP_PRUNED_DAY6_10210000_A2_A5_0-1::candidate_05","1","3","1","5","6","false","","","2026-08-06T19:43:11.465Z","2026-08-08T13:58:46.887Z","749","I was holding a bowl of soup while standing near the table. In my view, the person with pink hair was reaching for things, but I couldn't see the whole room. Which person was sitting on the chair near the projector screen?","[""The person wearing a white shirt"",""The person wearing a green shirt"",""The person wearing a pink shirt"",""The person wearing a blue shirt"",""The person wearing a black shirt""]","A","The person wearing a white shirt","Alice","https://huggingface.co/datasets/lmms-lab/EgoLife/resolve/main/A2_ALICE/DAY6/DAY6_A2_ALICE_10210000.mp4","Katrina","https://huggingface.co/datasets/lmms-lab/EgoLife/resolve/main/A5_KATRINA/DAY6/DAY6_A5_KATRINA_10210000.mp4"
"egolife_rlhf_packet_ranking_v4","dbea4d3c4ab21c99f39c","day5_7_full_100","HM","completed","47","EGOLIFE2U_RANDOM_PAIR_CLIP_PRUNED_DAY6_10210000_A2_A5_0-1","6","EGOLIFE2U_RANDOM_PAIR_CLIP_PRUNED_DAY6_10210000_A2_A5_0-1::candidate_03","2","2","1","5","2","false","","","2026-08-06T19:43:11.465Z","2026-08-08T13:58:46.887Z","749","I was standing by the table eating soup and saw the person in the green shirt looking at their phone. Where did that person move to next?","[""They walked over to the projector screen and stood in front of it"",""They sat down in the yellow chair near the table"",""They walked out the door into the kitchen area"",""They remained standing by the wall near the shelf"",""They sat down on the floor next to the person in the orange shirt""]","A","They walked over to the projector screen and stood in front of it","Alice","https://huggingface.co/datasets/lmms-lab/EgoLife/resolve/main/A2_ALICE/DAY6/DAY6_A2_ALICE_10210000.mp4","Katrina","https://huggingface.co/datasets/lmms-lab/EgoLife/resolve/main/A5_KATRINA/DAY6/DAY6_A5_KATRINA_10210000.mp4"
"egolife_rlhf_packet_ranking_v4","dbea4d3c4ab21c99f39c","day5_7_full_100","HM","completed","48","EGOLIFE2U_RANDOM_PAIR_CLIP_PRUNED_DAY6_10263000_A3_A5_0-1","1","EGOLIFE2U_RANDOM_PAIR_CLIP_PRUNED_DAY6_10263000_A3_A5_0-1::candidate_02","2","3","2","7","1","false","","","2026-08-06T19:43:11.634Z","2026-08-08T14:46:08.023Z","2853","I was just sitting on the couch scrolling through my phone. I remember seeing a whiteboard in the area where the other person was working. What was written on that whiteboard?","[""A timeline with a list of events"",""A mathematical equation"",""A grocery shopping list"",""A schedule for the week"",""A drawing of a house""]","A","A timeline with a list of events","Tasha","https://huggingface.co/datasets/lmms-lab/EgoLife/resolve/main/A3_TASHA/DAY6/DAY6_A3_TASHA_10263000.mp4","Katrina","https://huggingface.co/datasets/lmms-lab/EgoLife/resolve/main/A5_KATRINA/DAY6/DAY6_A5_KATRINA_10263000.mp4"
"egolife_rlhf_packet_ranking_v4","dbea4d3c4ab21c99f39c","day5_7_full_100","HM","completed","48","EGOLIFE2U_RANDOM_PAIR_CLIP_PRUNED_DAY6_10263000_A3_A5_0-1","2","EGOLIFE2U_RANDOM_PAIR_CLIP_PRUNED_DAY6_10263000_A3_A5_0-1::candidate_01","1","3","2","6","6","false","","","2026-08-06T19:43:11.634Z","2026-08-08T14:46:08.023Z","2853","While I was sitting on the couch scrolling through my phone, you were outside at the wooden table handling some items. Did you have any picture frames there?","[""Yes, a white rectangular picture frame"",""Yes, a round silver picture frame"",""Yes, a black square picture frame"",""Yes, a wooden oval picture frame"",""No, there were no picture frames""]","A","Yes, a white rectangular picture frame","Tasha","https://huggingface.co/datasets/lmms-lab/EgoLife/resolve/main/A3_TASHA/DAY6/DAY6_A3_TASHA_10263000.mp4","Katrina","https://huggingface.co/datasets/lmms-lab/EgoLife/resolve/main/A5_KATRINA/DAY6/DAY6_A5_KATRINA_10263000.mp4"
"egolife_rlhf_packet_ranking_v4","dbea4d3c4ab21c99f39c","day5_7_full_100","HM","completed","48","EGOLIFE2U_RANDOM_PAIR_CLIP_PRUNED_DAY6_10263000_A3_A5_0-1","3","EGOLIFE2U_RANDOM_PAIR_CLIP_PRUNED_DAY6_10263000_A3_A5_0-1::candidate_06","2","3","2","7","2","false","","","2026-08-06T19:43:11.634Z","2026-08-08T14:46:08.023Z","2853","I was sitting on the sofa scrolling through videos on my phone. I know we had some items out on the wooden table outside earlier, but I missed what was happening with them. Was the white wooden frame on that table still wrapped in plastic, or had it been opened?","[""The frame was still inside its plastic packaging"",""The frame was open and the protective film was being peeled off"",""The frame was completely assembled with a picture inside"",""The frame was disassembled into separate pieces"",""The frame was being painted with a brush""]","B","The frame was open and the protective film was being peeled off","Tasha","https://huggingface.co/datasets/lmms-lab/EgoLife/resolve/main/A3_TASHA/DAY6/DAY6_A3_TASHA_10263000.mp4","Katrina","https://huggingface.co/datasets/lmms-lab/EgoLife/resolve/main/A5_KATRINA/DAY6/DAY6_A5_KATRINA_10263000.mp4"
"egolife_rlhf_packet_ranking_v4","dbea4d3c4ab21c99f39c","day5_7_full_100","HM","completed","48","EGOLIFE2U_RANDOM_PAIR_CLIP_PRUNED_DAY6_10263000_A3_A5_0-1","4","EGOLIFE2U_RANDOM_PAIR_CLIP_PRUNED_DAY6_10263000_A3_A5_0-1::candidate_05","1","3","2","6","3","false","","","2026-08-06T19:43:11.634Z","2026-08-08T14:46:08.023Z","2853","I was just sitting on the sofa watching videos on my phone. While I was relaxing there, I wanted to know what that person with long pink hair was working on at the wooden table outside. Was she assembling a picture frame, writing on a whiteboard, or doing something else?","[""Assembling a white wooden frame and peeling off protective film"",""Writing a schedule on a large whiteboard with a marker"",""Eating a snack from a blue package on the table"",""Folding a green piece of clothing on a chair"",""Drinking from a clear plastic cup""]","A","Assembling a white wooden frame and peeling off protective film","Tasha","https://huggingface.co/datasets/lmms-lab/EgoLife/resolve/main/A3_TASHA/DAY6/DAY6_A3_TASHA_10263000.mp4","Katrina","https://huggingface.co/datasets/lmms-lab/EgoLife/resolve/main/A5_KATRINA/DAY6/DAY6_A5_KATRINA_10263000.mp4"
"egolife_rlhf_packet_ranking_v4","dbea4d3c4ab21c99f39c","day5_7_full_100","HM","completed","48","EGOLIFE2U_RANDOM_PAIR_CLIP_PRUNED_DAY6_10263000_A3_A5_0-1","5","EGOLIFE2U_RANDOM_PAIR_CLIP_PRUNED_DAY6_10263000_A3_A5_0-1::candidate_04","1","3","2","6","4","false","","","2026-08-06T19:43:11.634Z","2026-08-08T14:46:08.023Z","2853","I was scrolling through my phone and looking at the ceiling while sitting on the sofa. Since I couldn't see over there, what was the person with the long pink hair doing at the wooden table in the other area?","[""Assembling a white wooden frame and peeling off plastic film"",""Writing on a whiteboard with a black marker"",""Eating a snack from a blue package"",""Folding a green piece of clothing"",""Drinking from a clear plastic cup""]","A","Assembling a white wooden frame and peeling off plastic film","Tasha","https://huggingface.co/datasets/lmms-lab/EgoLife/resolve/main/A3_TASHA/DAY6/DAY6_A3_TASHA_10263000.mp4","Katrina","https://huggingface.co/datasets/lmms-lab/EgoLife/resolve/main/A5_KATRINA/DAY6/DAY6_A5_KATRINA_10263000.mp4"
"egolife_rlhf_packet_ranking_v4","dbea4d3c4ab21c99f39c","day5_7_full_100","HM","completed","48","EGOLIFE2U_RANDOM_PAIR_CLIP_PRUNED_DAY6_10263000_A3_A5_0-1","6","EGOLIFE2U_RANDOM_PAIR_CLIP_PRUNED_DAY6_10263000_A3_A5_0-1::candidate_03","1","2","2","5","6","false","","","2026-08-06T19:43:11.634Z","2026-08-08T14:46:08.023Z","2853","I was sitting on the couch looking at my phone. In the room with the slatted wooden table and the whiteboard, what was the person wearing on their upper body?","[""A green button-down shirt"",""A white textured sweater"",""A blue denim jacket"",""A grey hoodie"",""A black t-shirt""]","B","A white textured sweater","Tasha","https://huggingface.co/datasets/lmms-lab/EgoLife/resolve/main/A3_TASHA/DAY6/DAY6_A3_TASHA_10263000.mp4","Katrina","https://huggingface.co/datasets/lmms-lab/EgoLife/resolve/main/A5_KATRINA/DAY6/DAY6_A5_KATRINA_10263000.mp4"
"egolife_rlhf_packet_ranking_v4","dbea4d3c4ab21c99f39c","day5_7_full_100","HM","completed","49","EGOLIFE2U_RANDOM_PAIR_CLIP_PRUNED_DAY6_10270000_A3_A5_0-1","1","EGOLIFE2U_RANDOM_PAIR_CLIP_PRUNED_DAY6_10270000_A3_A5_0-1::candidate_03","1","3","2","6","4","false","","","2026-08-06T19:43:11.822Z","2026-08-08T20:48:38.602Z","21746","I was just sitting and scrolling on my phone, so I missed what was happening over at the table. Can you tell me what specific object the person at the table was handling while taking the wooden boards out of the plastic?","[""A clear plastic bag containing the wooden boards"",""A cardboard box with black tape"",""A paintbrush with green paint"",""A metal measuring tape"",""A trash bag""]","A","A clear plastic bag containing the wooden boards","Tasha","https://huggingface.co/datasets/lmms-lab/EgoLife/resolve/main/A3_TASHA/DAY6/DAY6_A3_TASHA_10270000.mp4","Katrina","https://huggingface.co/datasets/lmms-lab/EgoLife/resolve/main/A5_KATRINA/DAY6/DAY6_A5_KATRINA_10270000.mp4"
"egolife_rlhf_packet_ranking_v4","dbea4d3c4ab21c99f39c","day5_7_full_100","HM","completed","49","EGOLIFE2U_RANDOM_PAIR_CLIP_PRUNED_DAY6_10270000_A3_A5_0-1","2","EGOLIFE2U_RANDOM_PAIR_CLIP_PRUNED_DAY6_10270000_A3_A5_0-1::candidate_02","1","3","2","6","2","false","","","2026-08-06T19:43:11.822Z","2026-08-08T20:48:38.602Z","21746","I was sitting down and scrolling through videos on my phone, but I didn't see what was happening over at the table with the whiteboard. What was the person at that table doing with the wooden boards?","[""Removing them from a clear plastic bag"",""Stacking them inside a cardboard box"",""Painting them with a brush"",""Measuring them with a tape measure"",""Throwing them into a trash bin""]","A","Removing them from a clear plastic bag","Tasha","https://huggingface.co/datasets/lmms-lab/EgoLife/resolve/main/A3_TASHA/DAY6/DAY6_A3_TASHA_10270000.mp4","Katrina","https://huggingface.co/datasets/lmms-lab/EgoLife/resolve/main/A5_KATRINA/DAY6/DAY6_A5_KATRINA_10270000.mp4"
"egolife_rlhf_packet_ranking_v4","dbea4d3c4ab21c99f39c","day5_7_full_100","HM","completed","49","EGOLIFE2U_RANDOM_PAIR_CLIP_PRUNED_DAY6_10270000_A3_A5_0-1","3","EGOLIFE2U_RANDOM_PAIR_CLIP_PRUNED_DAY6_10270000_A3_A5_0-1::candidate_04","1","3","2","6","2","false","","","2026-08-06T19:43:11.822Z","2026-08-08T20:48:38.602Z","21746","While I was busy scrolling on my phone, what specific type of items was the person in the white sweater taking out of a plastic bag and arranging on the table?","[""small wooden trays with black handles"",""plastic food containers with lids"",""sets of colorful drinking glasses"",""flat cardboard boxes"",""bundles of paper napkins""]","A","small wooden trays with black handles","Tasha","https://huggingface.co/datasets/lmms-lab/EgoLife/resolve/main/A3_TASHA/DAY6/DAY6_A3_TASHA_10270000.mp4","Katrina","https://huggingface.co/datasets/lmms-lab/EgoLife/resolve/main/A5_KATRINA/DAY6/DAY6_A5_KATRINA_10270000.mp4"
"egolife_rlhf_packet_ranking_v4","dbea4d3c4ab21c99f39c","day5_7_full_100","HM","completed","49","EGOLIFE2U_RANDOM_PAIR_CLIP_PRUNED_DAY6_10270000_A3_A5_0-1","4","EGOLIFE2U_RANDOM_PAIR_CLIP_PRUNED_DAY6_10270000_A3_A5_0-1::candidate_05","1","1","2","4","6","false","","","2026-08-06T19:43:11.822Z","2026-08-08T20:48:38.602Z","21746","I was sitting in the room with the high ceiling and the guitar on the wall, scrolling through my phone. I noticed you were at a table next to a whiteboard covered in drawings. What specific items were you taking out of the clear plastic bags and arranging on that table?","[""small wooden trays with black straps"",""stacks of hardcover notebooks"",""several sets of clear drinking glasses"",""bundles of paper and pens"",""packets of dried food ingredients""]","A","small wooden trays with black straps","Tasha","https://huggingface.co/datasets/lmms-lab/EgoLife/resolve/main/A3_TASHA/DAY6/DAY6_A3_TASHA_10270000.mp4","Katrina","https://huggingface.co/datasets/lmms-lab/EgoLife/resolve/main/A5_KATRINA/DAY6/DAY6_A5_KATRINA_10270000.mp4"
"egolife_rlhf_packet_ranking_v4","dbea4d3c4ab21c99f39c","day5_7_full_100","HM","completed","49","EGOLIFE2U_RANDOM_PAIR_CLIP_PRUNED_DAY6_10270000_A3_A5_0-1","5","EGOLIFE2U_RANDOM_PAIR_CLIP_PRUNED_DAY6_10270000_A3_A5_0-1::candidate_06","1","2","2","5","5","false","","","2026-08-06T19:43:11.822Z","2026-08-08T20:48:38.602Z","21746","I was just scrolling through my phone in the room with the high ceiling. What was the main item you were unpacking from those plastic bags at the table?","[""a flat wooden board with a black strap"",""a stack of colorful hardcover notebooks"",""a set of clear glass drinking vessels"",""a bundle of paper and stationery"",""a package of dried food ingredients""]","A","a flat wooden board with a black strap","Tasha","https://huggingface.co/datasets/lmms-lab/EgoLife/resolve/main/A3_TASHA/DAY6/DAY6_A3_TASHA_10270000.mp4","Katrina","https://huggingface.co/datasets/lmms-lab/EgoLife/resolve/main/A5_KATRINA/DAY6/DAY6_A5_KATRINA_10270000.mp4"
"egolife_rlhf_packet_ranking_v4","dbea4d3c4ab21c99f39c","day5_7_full_100","HM","completed","49","EGOLIFE2U_RANDOM_PAIR_CLIP_PRUNED_DAY6_10270000_A3_A5_0-1","6","EGOLIFE2U_RANDOM_PAIR_CLIP_PRUNED_DAY6_10270000_A3_A5_0-1::candidate_01","3","3","2","8","1","false","","","2026-08-06T19:43:11.822Z","2026-08-08T20:48:38.602Z","21746","I was sitting down and looking at my phone, but I couldn't see what was happening at the table with the whiteboard nearby. What was the person with pink hair doing at that table?","[""Taking wooden boards out of a clear plastic bag"",""Writing a schedule on the whiteboard with a marker"",""Eating a snack from a blue wrapper"",""Sitting in a chair and resting"",""Painting the wooden boards yellow""]","A","Taking wooden boards out of a clear plastic bag","Tasha","https://huggingface.co/datasets/lmms-lab/EgoLife/resolve/main/A3_TASHA/DAY6/DAY6_A3_TASHA_10270000.mp4","Katrina","https://huggingface.co/datasets/lmms-lab/EgoLife/resolve/main/A5_KATRINA/DAY6/DAY6_A5_KATRINA_10270000.mp4"
"egolife_rlhf_packet_ranking_v4","dbea4d3c4ab21c99f39c","day5_7_full_100","HM","completed","50","EGOLIFE2U_RANDOM_PAIR_CLIP_PRUNED_DAY6_10303000_A1_A5_0-1","1","EGOLIFE2U_RANDOM_PAIR_CLIP_PRUNED_DAY6_10303000_A1_A5_0-1::candidate_06","3","3","2","8","1","false","","","2026-08-06T19:43:11.986Z","2026-08-08T21:09:38.721Z","1256","I was hanging out in the bedroom with the white sheets and the messy desk, but I couldn't see the outdoor area. What kind of ground surface was on the patio where the table was?","[""Gravel"",""Wooden decking"",""Concrete"",""Grass"",""Tile""]","A","Gravel","Jake","https://huggingface.co/datasets/lmms-lab/EgoLife/resolve/main/A1_JAKE/DAY6/DAY6_A1_JAKE_10303000.mp4","Katrina","https://huggingface.co/datasets/lmms-lab/EgoLife/resolve/main/A5_KATRINA/DAY6/DAY6_A5_KATRINA_10303000.mp4"
"egolife_rlhf_packet_ranking_v4","dbea4d3c4ab21c99f39c","day5_7_full_100","HM","completed","50","EGOLIFE2U_RANDOM_PAIR_CLIP_PRUNED_DAY6_10303000_A1_A5_0-1","2","EGOLIFE2U_RANDOM_PAIR_CLIP_PRUNED_DAY6_10303000_A1_A5_0-1::candidate_02","2","1","1","4","6","false","","","2026-08-06T19:43:11.986Z","2026-08-08T21:09:38.721Z","1256","I saw a yellow can sitting on the table outside; what was the name of the brand on it?","[""a can of Fanta"",""a can of Coke"",""a can of Sprite"",""a can of Pepsi"",""a can of Diet Coke""]","A","a can of Fanta","Jake","https://huggingface.co/datasets/lmms-lab/EgoLife/resolve/main/A1_JAKE/DAY6/DAY6_A1_JAKE_10303000.mp4","Katrina","https://huggingface.co/datasets/lmms-lab/EgoLife/resolve/main/A5_KATRINA/DAY6/DAY6_A5_KATRINA_10303000.mp4"
"egolife_rlhf_packet_ranking_v4","dbea4d3c4ab21c99f39c","day5_7_full_100","HM","completed","50","EGOLIFE2U_RANDOM_PAIR_CLIP_PRUNED_DAY6_10303000_A1_A5_0-1","3","EGOLIFE2U_RANDOM_PAIR_CLIP_PRUNED_DAY6_10303000_A1_A5_0-1::candidate_01","1","1","2","4","6","false","","","2026-08-06T19:43:11.986Z","2026-08-08T21:09:38.721Z","1256","I saw you holding that small white bottle at the table outside; what color label was on it?","[""a yellow label"",""a blue label"",""a red label"",""a green label"",""a white label""]","A","a yellow label","Jake","https://huggingface.co/datasets/lmms-lab/EgoLife/resolve/main/A1_JAKE/DAY6/DAY6_A1_JAKE_10303000.mp4","Katrina","https://huggingface.co/datasets/lmms-lab/EgoLife/resolve/main/A5_KATRINA/DAY6/DAY6_A5_KATRINA_10303000.mp4"
"egolife_rlhf_packet_ranking_v4","dbea4d3c4ab21c99f39c","day5_7_full_100","HM","completed","50","EGOLIFE2U_RANDOM_PAIR_CLIP_PRUNED_DAY6_10303000_A1_A5_0-1","4","EGOLIFE2U_RANDOM_PAIR_CLIP_PRUNED_DAY6_10303000_A1_A5_0-1::candidate_03","1","3","2","6","3","false","","","2026-08-06T19:43:11.986Z","2026-08-08T21:09:38.721Z","1256","I was just sitting on the bed with my phone and a white power bank, but I can't see what you were doing outside. What object were you holding and working with at the table?","[""a small white bottle with a nozzle tip"",""a black remote control"",""a yellow soda can"",""a blue snack bag"",""a pair of scissors""]","A","a small white bottle with a nozzle tip","Jake","https://huggingface.co/datasets/lmms-lab/EgoLife/resolve/main/A1_JAKE/DAY6/DAY6_A1_JAKE_10303000.mp4","Katrina","https://huggingface.co/datasets/lmms-lab/EgoLife/resolve/main/A5_KATRINA/DAY6/DAY6_A5_KATRINA_10303000.mp4"
"egolife_rlhf_packet_ranking_v4","dbea4d3c4ab21c99f39c","day5_7_full_100","HM","completed","50","EGOLIFE2U_RANDOM_PAIR_CLIP_PRUNED_DAY6_10303000_A1_A5_0-1","5","EGOLIFE2U_RANDOM_PAIR_CLIP_PRUNED_DAY6_10303000_A1_A5_0-1::candidate_05","1","3","2","6","3","false","","","2026-08-06T19:43:11.986Z","2026-08-08T21:09:38.721Z","1256","I was in the bedroom with the white sheets and the messy desk, but I couldn't see the outdoor area. What kind of ground surface was on the patio where you were working?","[""Gravel"",""Wooden decking"",""Concrete"",""Grass"",""Tile""]","A","Gravel","Jake","https://huggingface.co/datasets/lmms-lab/EgoLife/resolve/main/A1_JAKE/DAY6/DAY6_A1_JAKE_10303000.mp4","Katrina","https://huggingface.co/datasets/lmms-lab/EgoLife/resolve/main/A5_KATRINA/DAY6/DAY6_A5_KATRINA_10303000.mp4"
"egolife_rlhf_packet_ranking_v4","dbea4d3c4ab21c99f39c","day5_7_full_100","HM","completed","50","EGOLIFE2U_RANDOM_PAIR_CLIP_PRUNED_DAY6_10303000_A1_A5_0-1","6","EGOLIFE2U_RANDOM_PAIR_CLIP_PRUNED_DAY6_10303000_A1_A5_0-1::candidate_04","1","2","2","5","4","false","","","2026-08-06T19:43:11.986Z","2026-08-08T21:09:38.721Z","1256","I was holding a white bottle while looking at my phone and then headed out toward the patio. Did you catch what the label on that bottle looked like?","[""It had a yellow label"",""It had a red label"",""It had a blue label"",""It had a green label"",""It was plain white with no label""]","A","It had a yellow label","Jake","https://huggingface.co/datasets/lmms-lab/EgoLife/resolve/main/A1_JAKE/DAY6/DAY6_A1_JAKE_10303000.mp4","Katrina","https://huggingface.co/datasets/lmms-lab/EgoLife/resolve/main/A5_KATRINA/DAY6/DAY6_A5_KATRINA_10303000.mp4"
"egolife_rlhf_packet_ranking_v4","dbea4d3c4ab21c99f39c","day5_7_full_100","HM","pending","51","EGOLIFE2U_RANDOM_PAIR_CLIP_PRUNED_DAY6_10420000_A1_A2_0-1","1","EGOLIFE2U_RANDOM_PAIR_CLIP_PRUNED_DAY6_10420000_A1_A2_0-1::candidate_04","","","","","","false","","","2026-08-06T19:43:12.152Z","","4","I was looking in the mirror in the hallway while fixing my hair, and I noticed someone standing behind me. Where exactly was that person standing in the room?","[""Sitting on the bed in the room with the projector screen"",""Standing in the doorway of the room with the cartoon poster"",""Leaning against the wall near the sink"",""Sitting at the table under the umbrella outside"",""Standing next to the refrigerator in the kitchen""]","B","Standing in the doorway of the room with the cartoon poster","Jake","https://huggingface.co/datasets/lmms-lab/EgoLife/resolve/main/A1_JAKE/DAY6/DAY6_A1_JAKE_10420000.mp4","Alice","https://huggingface.co/datasets/lmms-lab/EgoLife/resolve/main/A2_ALICE/DAY6/DAY6_A2_ALICE_10420000.mp4"
"egolife_rlhf_packet_ranking_v4","dbea4d3c4ab21c99f39c","day5_7_full_100","HM","pending","51","EGOLIFE2U_RANDOM_PAIR_CLIP_PRUNED_DAY6_10420000_A1_A2_0-1","2","EGOLIFE2U_RANDOM_PAIR_CLIP_PRUNED_DAY6_10420000_A1_A2_0-1::candidate_01","","","","","","false","","","2026-08-06T19:43:12.152Z","","4","I was standing next to the microwave and talking to the person in the white shirt. What were they wearing on their head?","[""A pair of glasses"",""A baseball cap"",""A headband"",""A beanie"",""Nothing""]","A","A pair of glasses","Jake","https://huggingface.co/datasets/lmms-lab/EgoLife/resolve/main/A1_JAKE/DAY6/DAY6_A1_JAKE_10420000.mp4","Alice","https://huggingface.co/datasets/lmms-lab/EgoLife/resolve/main/A2_ALICE/DAY6/DAY6_A2_ALICE_10420000.mp4"
"egolife_rlhf_packet_ranking_v4","dbea4d3c4ab21c99f39c","day5_7_full_100","HM","pending","51","EGOLIFE2U_RANDOM_PAIR_CLIP_PRUNED_DAY6_10420000_A1_A2_0-1","3","EGOLIFE2U_RANDOM_PAIR_CLIP_PRUNED_DAY6_10420000_A1_A2_0-1::candidate_06","","","","","","false","","","2026-08-06T19:43:12.152Z","","4","I was standing by the wall next to the microwave, but I couldn't see the whole door behind me. What color was the door visible in the hallway?","[""A solid white door"",""A solid red door"",""A light brown wooden door"",""A dark blue door"",""A grey metal door""]","A","A solid white door","Jake","https://huggingface.co/datasets/lmms-lab/EgoLife/resolve/main/A1_JAKE/DAY6/DAY6_A1_JAKE_10420000.mp4","Alice","https://huggingface.co/datasets/lmms-lab/EgoLife/resolve/main/A2_ALICE/DAY6/DAY6_A2_ALICE_10420000.mp4"
"egolife_rlhf_packet_ranking_v4","dbea4d3c4ab21c99f39c","day5_7_full_100","HM","pending","51","EGOLIFE2U_RANDOM_PAIR_CLIP_PRUNED_DAY6_10420000_A1_A2_0-1","4","EGOLIFE2U_RANDOM_PAIR_CLIP_PRUNED_DAY6_10420000_A1_A2_0-1::candidate_03","","","","","","false","","","2026-08-06T19:43:12.152Z","","4","While I was standing in the kitchen area using my phone, did I see anyone else in the room with me?","[""Yes, the person with the denim jacket was in the kitchen"",""Yes, the person on the bed was in the kitchen"",""No, the kitchen area was empty of other people"",""Yes, someone was standing by the window"",""Yes, someone was cooking at the stove""]","C","No, the kitchen area was empty of other people","Jake","https://huggingface.co/datasets/lmms-lab/EgoLife/resolve/main/A1_JAKE/DAY6/DAY6_A1_JAKE_10420000.mp4","Alice","https://huggingface.co/datasets/lmms-lab/EgoLife/resolve/main/A2_ALICE/DAY6/DAY6_A2_ALICE_10420000.mp4"
"egolife_rlhf_packet_ranking_v4","dbea4d3c4ab21c99f39c","day5_7_full_100","HM","pending","51","EGOLIFE2U_RANDOM_PAIR_CLIP_PRUNED_DAY6_10420000_A1_A2_0-1","5","EGOLIFE2U_RANDOM_PAIR_CLIP_PRUNED_DAY6_10420000_A1_A2_0-1::candidate_05","","","","","","false","","","2026-08-06T19:43:12.152Z","","4","I noticed the person in the denim jacket looking into the full-length mirror in the hallway. What was I doing in the kitchen at that moment?","[""Adjusting a camera mounted high on the wall"",""Looking at the screen of my smartphone"",""Washing dishes in the sink"",""Cooking something in the microwave"",""Taking a picture of the outdoor patio""]","B","Looking at the screen of my smartphone","Jake","https://huggingface.co/datasets/lmms-lab/EgoLife/resolve/main/A1_JAKE/DAY6/DAY6_A1_JAKE_10420000.mp4","Alice","https://huggingface.co/datasets/lmms-lab/EgoLife/resolve/main/A2_ALICE/DAY6/DAY6_A2_ALICE_10420000.mp4"
"egolife_rlhf_packet_ranking_v4","dbea4d3c4ab21c99f39c","day5_7_full_100","HM","pending","51","EGOLIFE2U_RANDOM_PAIR_CLIP_PRUNED_DAY6_10420000_A1_A2_0-1","6","EGOLIFE2U_RANDOM_PAIR_CLIP_PRUNED_DAY6_10420000_A1_A2_0-1::candidate_02","","","","","","false","","","2026-08-06T19:43:12.152Z","","4","I was standing next to the microwave looking at my phone. The person in the white shirt was standing right beside me, but I couldn't see their hair well from my angle. What color was their hair?","[""Short blonde hair"",""Long black hair"",""Shoulder-length reddish-brown hair"",""Short black hair"",""Long blonde hair""]","C","Shoulder-length reddish-brown hair","Jake","https://huggingface.co/datasets/lmms-lab/EgoLife/resolve/main/A1_JAKE/DAY6/DAY6_A1_JAKE_10420000.mp4","Alice","https://huggingface.co/datasets/lmms-lab/EgoLife/resolve/main/A2_ALICE/DAY6/DAY6_A2_ALICE_10420000.mp4"
"egolife_rlhf_packet_ranking_v4","dbea4d3c4ab21c99f39c","day5_7_full_100","HM","pending","52","EGOLIFE2U_RANDOM_PAIR_CLIP_PRUNED_DAY6_10423000_A2_A3_0-1","1","EGOLIFE2U_RANDOM_PAIR_CLIP_PRUNED_DAY6_10423000_A2_A3_0-1::candidate_02","","","","","","false","","","2026-08-06T19:43:12.308Z","","0","I was just rummaging through my pink bag by the window in the bedroom. What were you doing while I was doing that?","[""Scrolling through a social media feed"",""Organizing items on a shelf"",""Taking a photo of the flowers"",""Watching a video on a tablet"",""Typing a long message""]","A","Scrolling through a social media feed","Alice","https://huggingface.co/datasets/lmms-lab/EgoLife/resolve/main/A2_ALICE/DAY6/DAY6_A2_ALICE_10423000.mp4","Tasha","https://huggingface.co/datasets/lmms-lab/EgoLife/resolve/main/A3_TASHA/DAY6/DAY6_A3_TASHA_10423000.mp4"
"egolife_rlhf_packet_ranking_v4","dbea4d3c4ab21c99f39c","day5_7_full_100","HM","pending","52","EGOLIFE2U_RANDOM_PAIR_CLIP_PRUNED_DAY6_10423000_A2_A3_0-1","2","EGOLIFE2U_RANDOM_PAIR_CLIP_PRUNED_DAY6_10423000_A2_A3_0-1::candidate_06","","","","","","false","","","2026-08-06T19:43:12.308Z","","0","I was just looking through my pink bag by the window in the bedroom with the green painting. While I was doing that, you were sitting on the patio near the blue house. What color was the case on the phone you were holding?","[""A solid black case"",""A bright pink case"",""A green case"",""A blue case"",""A yellow case""]","E","A yellow case","Alice","https://huggingface.co/datasets/lmms-lab/EgoLife/resolve/main/A2_ALICE/DAY6/DAY6_A2_ALICE_10423000.mp4","Tasha","https://huggingface.co/datasets/lmms-lab/EgoLife/resolve/main/A3_TASHA/DAY6/DAY6_A3_TASHA_10423000.mp4"
"egolife_rlhf_packet_ranking_v4","dbea4d3c4ab21c99f39c","day5_7_full_100","HM","pending","52","EGOLIFE2U_RANDOM_PAIR_CLIP_PRUNED_DAY6_10423000_A2_A3_0-1","3","EGOLIFE2U_RANDOM_PAIR_CLIP_PRUNED_DAY6_10423000_A2_A3_0-1::candidate_03","","","","","","false","","","2026-08-06T19:43:12.308Z","","0","I was rummaging through that pink bag on the windowsill in the bedroom. What were you doing while I was doing that?","[""Sitting outside on the patio and scrolling on a smartphone"",""Standing in the kitchen preparing a meal"",""Lying on the bed next to me reading a book"",""Walking through the living room carrying a box"",""Sitting at the desk working on a laptop""]","A","Sitting outside on the patio and scrolling on a smartphone","Alice","https://huggingface.co/datasets/lmms-lab/EgoLife/resolve/main/A2_ALICE/DAY6/DAY6_A2_ALICE_10423000.mp4","Tasha","https://huggingface.co/datasets/lmms-lab/EgoLife/resolve/main/A3_TASHA/DAY6/DAY6_A3_TASHA_10423000.mp4"
"egolife_rlhf_packet_ranking_v4","dbea4d3c4ab21c99f39c","day5_7_full_100","HM","pending","52","EGOLIFE2U_RANDOM_PAIR_CLIP_PRUNED_DAY6_10423000_A2_A3_0-1","4","EGOLIFE2U_RANDOM_PAIR_CLIP_PRUNED_DAY6_10423000_A2_A3_0-1::candidate_01","","","","","","false","","","2026-08-06T19:43:12.308Z","","0","I was just busy rummaging through my bag by the window. What was I doing with my phone while I was doing that?","[""Scrolling through a social media feed"",""Taking a photo of the flowers"",""Watching a video"",""Typing a long message"",""Checking the weather""]","A","Scrolling through a social media feed","Alice","https://huggingface.co/datasets/lmms-lab/EgoLife/resolve/main/A2_ALICE/DAY6/DAY6_A2_ALICE_10423000.mp4","Tasha","https://huggingface.co/datasets/lmms-lab/EgoLife/resolve/main/A3_TASHA/DAY6/DAY6_A3_TASHA_10423000.mp4"
"egolife_rlhf_packet_ranking_v4","dbea4d3c4ab21c99f39c","day5_7_full_100","HM","pending","52","EGOLIFE2U_RANDOM_PAIR_CLIP_PRUNED_DAY6_10423000_A2_A3_0-1","5","EGOLIFE2U_RANDOM_PAIR_CLIP_PRUNED_DAY6_10423000_A2_A3_0-1::candidate_05","","","","","","false","","","2026-08-06T19:43:12.308Z","","0","I was just digging through my pink bag by the bedroom window and pulled out my phone to check something. From where you were sitting outside, what color is the case on the phone I'm holding?","[""A solid black case"",""A bright pink case"",""A green case"",""A blue case"",""A yellow case""]","E","A yellow case","Alice","https://huggingface.co/datasets/lmms-lab/EgoLife/resolve/main/A2_ALICE/DAY6/DAY6_A2_ALICE_10423000.mp4","Tasha","https://huggingface.co/datasets/lmms-lab/EgoLife/resolve/main/A3_TASHA/DAY6/DAY6_A3_TASHA_10423000.mp4"
"egolife_rlhf_packet_ranking_v4","dbea4d3c4ab21c99f39c","day5_7_full_100","HM","pending","52","EGOLIFE2U_RANDOM_PAIR_CLIP_PRUNED_DAY6_10423000_A2_A3_0-1","6","EGOLIFE2U_RANDOM_PAIR_CLIP_PRUNED_DAY6_10423000_A2_A3_0-1::candidate_04","","","","","","false","","","2026-08-06T19:43:12.308Z","","0","While I was putting my phone away in the pink bag by the bedroom window, what was the other person doing outside?","[""Sorting through cardboard boxes at the table"",""Walking across the gravel towards the house"",""Sitting on a metal chair relaxing"",""Standing near the blue wall talking"",""Carrying a large package inside""]","A","Sorting through cardboard boxes at the table","Alice","https://huggingface.co/datasets/lmms-lab/EgoLife/resolve/main/A2_ALICE/DAY6/DAY6_A2_ALICE_10423000.mp4","Tasha","https://huggingface.co/datasets/lmms-lab/EgoLife/resolve/main/A3_TASHA/DAY6/DAY6_A3_TASHA_10423000.mp4"
"egolife_rlhf_packet_ranking_v4","dbea4d3c4ab21c99f39c","day5_7_full_100","HM","pending","53","EGOLIFE2U_RANDOM_PAIR_CLIP_PRUNED_DAY6_10463000_A1_A2_0-1","1","EGOLIFE2U_RANDOM_PAIR_CLIP_PRUNED_DAY6_10463000_A1_A2_0-1::candidate_06","","","","","","false","","","2026-08-06T19:43:12.469Z","","0","I was hanging out on the rooftop patio with the group, but I couldn't see inside the room next door. In the bedroom with the window and radiator, was the bed occupied with someone under the covers, or was it empty?","[""The bed was occupied with someone lying under the covers"",""The bed was empty with the sheets neatly made"",""The bed was empty with the sheets unmade"",""The bed had a pet sleeping on top of the blankets"",""The bed was covered with a large storage box""]","A","The bed was occupied with someone lying under the covers","Jake","https://huggingface.co/datasets/lmms-lab/EgoLife/resolve/main/A1_JAKE/DAY6/DAY6_A1_JAKE_10463000.mp4","Alice","https://huggingface.co/datasets/lmms-lab/EgoLife/resolve/main/A2_ALICE/DAY6/DAY6_A2_ALICE_10463000.mp4"
"egolife_rlhf_packet_ranking_v4","dbea4d3c4ab21c99f39c","day5_7_full_100","HM","pending","53","EGOLIFE2U_RANDOM_PAIR_CLIP_PRUNED_DAY6_10463000_A1_A2_0-1","2","EGOLIFE2U_RANDOM_PAIR_CLIP_PRUNED_DAY6_10463000_A1_A2_0-1::candidate_03","","","","","","false","","","2026-08-06T19:43:12.469Z","","0","I was out on the terrace eating a corn dog and hanging with the group, but I couldn't see what was happening in the bedroom with the floral bedspread. Was that room empty, or was someone there?","[""The room was empty and unoccupied"",""Someone was standing near the door"",""Someone was sitting on the floor by the window"",""Someone was lying in bed under the covers"",""Someone was packing a suitcase""]","D","Someone was lying in bed under the covers","Jake","https://huggingface.co/datasets/lmms-lab/EgoLife/resolve/main/A1_JAKE/DAY6/DAY6_A1_JAKE_10463000.mp4","Alice","https://huggingface.co/datasets/lmms-lab/EgoLife/resolve/main/A2_ALICE/DAY6/DAY6_A2_ALICE_10463000.mp4"
"egolife_rlhf_packet_ranking_v4","dbea4d3c4ab21c99f39c","day5_7_full_100","HM","pending","53","EGOLIFE2U_RANDOM_PAIR_CLIP_PRUNED_DAY6_10463000_A1_A2_0-1","3","EGOLIFE2U_RANDOM_PAIR_CLIP_PRUNED_DAY6_10463000_A1_A2_0-1::candidate_02","","","","","","false","","","2026-08-06T19:43:12.469Z","","0","I was out on the terrace eating a corn dog, but I couldn't see what was happening inside the room with the floral bedspread. Was anyone in that room at all?","[""Yes, someone was lying in bed under the covers"",""Yes, someone was standing by the window"",""Yes, someone was sitting on a chair near the door"",""No, the room was completely empty"",""No, the room was occupied by a pet""]","A","Yes, someone was lying in bed under the covers","Jake","https://huggingface.co/datasets/lmms-lab/EgoLife/resolve/main/A1_JAKE/DAY6/DAY6_A1_JAKE_10463000.mp4","Alice","https://huggingface.co/datasets/lmms-lab/EgoLife/resolve/main/A2_ALICE/DAY6/DAY6_A2_ALICE_10463000.mp4"
"egolife_rlhf_packet_ranking_v4","dbea4d3c4ab21c99f39c","day5_7_full_100","HM","pending","53","EGOLIFE2U_RANDOM_PAIR_CLIP_PRUNED_DAY6_10463000_A1_A2_0-1","4","EGOLIFE2U_RANDOM_PAIR_CLIP_PRUNED_DAY6_10463000_A1_A2_0-1::candidate_05","","","","","","false","","","2026-08-06T19:43:12.469Z","","0","I was sitting outside on the rooftop with the group, but I couldn't see the inside of the bedroom. Was the bed made with the covers neatly tucked in, or was it messy with someone lying under them?","[""The bed was messy with someone lying under the covers"",""The bed was neatly made with no one in it"",""The bed was partially made with pillows askew"",""The bed was covered with a large blanket instead of sheets"",""The bed was unmade with sheets pulled to the floor""]","A","The bed was messy with someone lying under the covers","Jake","https://huggingface.co/datasets/lmms-lab/EgoLife/resolve/main/A1_JAKE/DAY6/DAY6_A1_JAKE_10463000.mp4","Alice","https://huggingface.co/datasets/lmms-lab/EgoLife/resolve/main/A2_ALICE/DAY6/DAY6_A2_ALICE_10463000.mp4"
"egolife_rlhf_packet_ranking_v4","dbea4d3c4ab21c99f39c","day5_7_full_100","HM","pending","53","EGOLIFE2U_RANDOM_PAIR_CLIP_PRUNED_DAY6_10463000_A1_A2_0-1","5","EGOLIFE2U_RANDOM_PAIR_CLIP_PRUNED_DAY6_10463000_A1_A2_0-1::candidate_01","","","","","","false","","","2026-08-06T19:43:12.469Z","","0","I was out on the terrace under the umbrella, but I couldn't see what was happening inside. What was the person in the bedroom doing?","[""Sitting up and reading a book"",""Standing by the window"",""Lying in bed under the covers"",""Walking around the room"",""Cleaning the desk""]","C","Lying in bed under the covers","Jake","https://huggingface.co/datasets/lmms-lab/EgoLife/resolve/main/A1_JAKE/DAY6/DAY6_A1_JAKE_10463000.mp4","Alice","https://huggingface.co/datasets/lmms-lab/EgoLife/resolve/main/A2_ALICE/DAY6/DAY6_A2_ALICE_10463000.mp4"
"egolife_rlhf_packet_ranking_v4","dbea4d3c4ab21c99f39c","day5_7_full_100","HM","pending","53","EGOLIFE2U_RANDOM_PAIR_CLIP_PRUNED_DAY6_10463000_A1_A2_0-1","6","EGOLIFE2U_RANDOM_PAIR_CLIP_PRUNED_DAY6_10463000_A1_A2_0-1::candidate_04","","","","","","false","","","2026-08-06T19:43:12.469Z","","0","While I was hanging out on the rooftop with everyone else, I was curious what was going on in the bedroom. Were you sitting up doing something, or were you lying down under the covers?","[""Lying down under the covers"",""Sitting up against the headboard"",""Standing by the window"",""Sitting on the edge of the bed"",""Leaning over the bed""]","A","Lying down under the covers","Jake","https://huggingface.co/datasets/lmms-lab/EgoLife/resolve/main/A1_JAKE/DAY6/DAY6_A1_JAKE_10463000.mp4","Alice","https://huggingface.co/datasets/lmms-lab/EgoLife/resolve/main/A2_ALICE/DAY6/DAY6_A2_ALICE_10463000.mp4"
"egolife_rlhf_packet_ranking_v4","dbea4d3c4ab21c99f39c","day5_7_full_100","HM","pending","54","EGOLIFE2U_RANDOM_PAIR_CLIP_PRUNED_DAY6_10483000_A3_A4_0-1","1","EGOLIFE2U_RANDOM_PAIR_CLIP_PRUNED_DAY6_10483000_A3_A4_0-1::candidate_03","","","","","","false","","","2026-08-06T19:43:12.624Z","","0","I was walking down that narrow alleyway between the teal building and the red fence, and I saw a man in a light green shirt walking ahead of me. What kind of footwear was he wearing?","[""He was wearing dark-colored sneakers"",""He was wearing brown leather sandals"",""He was wearing light-colored flip-flops"",""He was wearing white athletic shoes"",""He was barefoot""]","C","He was wearing light-colored flip-flops","Tasha","https://huggingface.co/datasets/lmms-lab/EgoLife/resolve/main/A3_TASHA/DAY6/DAY6_A3_TASHA_10483000.mp4","Lucia","https://huggingface.co/datasets/lmms-lab/EgoLife/resolve/main/A4_LUCIA/DAY6/DAY6_A4_LUCIA_10483000.mp4"
"egolife_rlhf_packet_ranking_v4","dbea4d3c4ab21c99f39c","day5_7_full_100","HM","pending","54","EGOLIFE2U_RANDOM_PAIR_CLIP_PRUNED_DAY6_10483000_A3_A4_0-1","2","EGOLIFE2U_RANDOM_PAIR_CLIP_PRUNED_DAY6_10483000_A3_A4_0-1::candidate_06","","","","","","false","","","2026-08-06T19:43:12.624Z","","0","I was walking down the narrow alley and passed a teal building on my left. Was there anyone in the room with the green landscape tapestry while I was outside?","[""A person in a white shirt sitting on the bed"",""A person in a green shirt standing by the door"",""An empty room with no one inside"",""A person lying down on the floor"",""A person standing near the window""]","A","A person in a white shirt sitting on the bed","Tasha","https://huggingface.co/datasets/lmms-lab/EgoLife/resolve/main/A3_TASHA/DAY6/DAY6_A3_TASHA_10483000.mp4","Lucia","https://huggingface.co/datasets/lmms-lab/EgoLife/resolve/main/A4_LUCIA/DAY6/DAY6_A4_LUCIA_10483000.mp4"
"egolife_rlhf_packet_ranking_v4","dbea4d3c4ab21c99f39c","day5_7_full_100","HM","pending","54","EGOLIFE2U_RANDOM_PAIR_CLIP_PRUNED_DAY6_10483000_A3_A4_0-1","3","EGOLIFE2U_RANDOM_PAIR_CLIP_PRUNED_DAY6_10483000_A3_A4_0-1::candidate_01","","","","","","false","","","2026-08-06T19:43:12.624Z","","0","I saw a person in a light green shirt and shorts walking down the narrow alleyway near the teal building. Was that person barefoot or wearing footwear?","[""The person was barefoot"",""The person was wearing sneakers"",""The person was wearing flip-flops"",""The person was wearing sandals"",""The person was wearing boots""]","C","The person was wearing flip-flops","Tasha","https://huggingface.co/datasets/lmms-lab/EgoLife/resolve/main/A3_TASHA/DAY6/DAY6_A3_TASHA_10483000.mp4","Lucia","https://huggingface.co/datasets/lmms-lab/EgoLife/resolve/main/A4_LUCIA/DAY6/DAY6_A4_LUCIA_10483000.mp4"
"egolife_rlhf_packet_ranking_v4","dbea4d3c4ab21c99f39c","day5_7_full_100","HM","pending","54","EGOLIFE2U_RANDOM_PAIR_CLIP_PRUNED_DAY6_10483000_A3_A4_0-1","4","EGOLIFE2U_RANDOM_PAIR_CLIP_PRUNED_DAY6_10483000_A3_A4_0-1::candidate_02","","","","","","false","","","2026-08-06T19:43:12.624Z","","0","I was walking down the narrow alleyway with the red fence on one side and the teal building on the other. I noticed a man in a light green shirt walking ahead of me. What kind of footwear was he wearing?","[""He was wearing sneakers"",""He was wearing brown leather sandals"",""He was wearing light-colored flip-flops"",""He was wearing dark slip-on shoes"",""He was barefoot""]","C","He was wearing light-colored flip-flops","Tasha","https://huggingface.co/datasets/lmms-lab/EgoLife/resolve/main/A3_TASHA/DAY6/DAY6_A3_TASHA_10483000.mp4","Lucia","https://huggingface.co/datasets/lmms-lab/EgoLife/resolve/main/A4_LUCIA/DAY6/DAY6_A4_LUCIA_10483000.mp4"
"egolife_rlhf_packet_ranking_v4","dbea4d3c4ab21c99f39c","day5_7_full_100","HM","pending","54","EGOLIFE2U_RANDOM_PAIR_CLIP_PRUNED_DAY6_10483000_A3_A4_0-1","5","EGOLIFE2U_RANDOM_PAIR_CLIP_PRUNED_DAY6_10483000_A3_A4_0-1::candidate_04","","","","","","false","","","2026-08-06T19:43:12.624Z","","0","I saw a man in a light green shirt walking down the narrow alleyway with the teal building on the left. What was he holding in his hand?","[""A white smartphone"",""A red apple"",""A plastic bag"",""A pair of sunglasses"",""A small orange object""]","E","A small orange object","Tasha","https://huggingface.co/datasets/lmms-lab/EgoLife/resolve/main/A3_TASHA/DAY6/DAY6_A3_TASHA_10483000.mp4","Lucia","https://huggingface.co/datasets/lmms-lab/EgoLife/resolve/main/A4_LUCIA/DAY6/DAY6_A4_LUCIA_10483000.mp4"
"egolife_rlhf_packet_ranking_v4","dbea4d3c4ab21c99f39c","day5_7_full_100","HM","pending","54","EGOLIFE2U_RANDOM_PAIR_CLIP_PRUNED_DAY6_10483000_A3_A4_0-1","6","EGOLIFE2U_RANDOM_PAIR_CLIP_PRUNED_DAY6_10483000_A3_A4_0-1::candidate_05","","","","","","false","","","2026-08-06T19:43:12.624Z","","0","I saw a woman in a white shirt sitting on a bed in the room with the green landscape tapestry on the wall. What color was the suitcase on the floor next to the bed?","[""A large black suitcase"",""A light blue suitcase"",""A red suitcase"",""A patterned brown suitcase"",""A silver suitcase""]","B","A light blue suitcase","Tasha","https://huggingface.co/datasets/lmms-lab/EgoLife/resolve/main/A3_TASHA/DAY6/DAY6_A3_TASHA_10483000.mp4","Lucia","https://huggingface.co/datasets/lmms-lab/EgoLife/resolve/main/A4_LUCIA/DAY6/DAY6_A4_LUCIA_10483000.mp4"
"egolife_rlhf_packet_ranking_v4","dbea4d3c4ab21c99f39c","day5_7_full_100","HM","pending","55","EGOLIFE2U_RANDOM_PAIR_CLIP_PRUNED_DAY6_10560000_A2_A4_0-1","1","EGOLIFE2U_RANDOM_PAIR_CLIP_PRUNED_DAY6_10560000_A2_A4_0-1::candidate_02","","","","","","false","","","2026-08-06T19:43:12.796Z","","0","I noticed the person with long dark hair in the denim jacket was rummaging through the green utility cart. What was the specific orange item sitting on the top shelf of that cart that they were reaching near?","[""A red and white striped water bottle"",""A large white plastic storage bin"",""A wooden tray with the text CAFEDO BRASIL"",""A crumpled orange snack bag with a yellow smiley face"",""A clear plastic food container""]","D","A crumpled orange snack bag with a yellow smiley face","Alice","https://huggingface.co/datasets/lmms-lab/EgoLife/resolve/main/A2_ALICE/DAY6/DAY6_A2_ALICE_10560000.mp4","Lucia","https://huggingface.co/datasets/lmms-lab/EgoLife/resolve/main/A4_LUCIA/DAY6/DAY6_A4_LUCIA_10560000.mp4"
"egolife_rlhf_packet_ranking_v4","dbea4d3c4ab21c99f39c","day5_7_full_100","HM","pending","55","EGOLIFE2U_RANDOM_PAIR_CLIP_PRUNED_DAY6_10560000_A2_A4_0-1","2","EGOLIFE2U_RANDOM_PAIR_CLIP_PRUNED_DAY6_10560000_A2_A4_0-1::candidate_04","","","","","","false","","","2026-08-06T19:43:12.796Z","","0","I noticed someone else reaching into the middle shelf of that blue rolling cart with the wooden boxes on top. What specific item did they handle there?","[""a bottle of water with a red cap"",""a wooden tray labeled Cafedo Brasil"",""a small plastic food container"",""a white power strip"",""a package of instant noodles""]","C","a small plastic food container","Alice","https://huggingface.co/datasets/lmms-lab/EgoLife/resolve/main/A2_ALICE/DAY6/DAY6_A2_ALICE_10560000.mp4","Lucia","https://huggingface.co/datasets/lmms-lab/EgoLife/resolve/main/A4_LUCIA/DAY6/DAY6_A4_LUCIA_10560000.mp4"
"egolife_rlhf_packet_ranking_v4","dbea4d3c4ab21c99f39c","day5_7_full_100","HM","pending","55","EGOLIFE2U_RANDOM_PAIR_CLIP_PRUNED_DAY6_10560000_A2_A4_0-1","3","EGOLIFE2U_RANDOM_PAIR_CLIP_PRUNED_DAY6_10560000_A2_A4_0-1::candidate_01","","","","","","false","","","2026-08-06T19:43:12.796Z","","0","I saw someone in a denim jacket reaching for items on the green cart with the wooden trays. Did that person touch the white charger plugged into the top shelf, or did they just grab the clear plastic container on the bottom shelf?","[""They touched the white charger plugged into the top shelf"",""They grabbed the clear plastic container on the bottom shelf"",""They took the water bottle from the top shelf"",""They moved the wooden tray labeled CAFEDO BRASIL"",""They picked up the yellow stuffed toy from the floor""]","B","They grabbed the clear plastic container on the bottom shelf","Alice","https://huggingface.co/datasets/lmms-lab/EgoLife/resolve/main/A2_ALICE/DAY6/DAY6_A2_ALICE_10560000.mp4","Lucia","https://huggingface.co/datasets/lmms-lab/EgoLife/resolve/main/A4_LUCIA/DAY6/DAY6_A4_LUCIA_10560000.mp4"
"egolife_rlhf_packet_ranking_v4","dbea4d3c4ab21c99f39c","day5_7_full_100","HM","pending","55","EGOLIFE2U_RANDOM_PAIR_CLIP_PRUNED_DAY6_10560000_A2_A4_0-1","4","EGOLIFE2U_RANDOM_PAIR_CLIP_PRUNED_DAY6_10560000_A2_A4_0-1::candidate_05","","","","","","false","","","2026-08-06T19:43:12.796Z","","0","I was sitting at the dining table looking at the messy spread of bowls and food containers. Did the person in the denim jacket who was at the blue rolling cart take anything from the middle shelf?","[""a clear plastic food container"",""a bottle of water with a red cap"",""a wooden tray labeled Cafedo Brasil"",""a white power strip"",""a package of instant noodles""]","A","a clear plastic food container","Alice","https://huggingface.co/datasets/lmms-lab/EgoLife/resolve/main/A2_ALICE/DAY6/DAY6_A2_ALICE_10560000.mp4","Lucia","https://huggingface.co/datasets/lmms-lab/EgoLife/resolve/main/A4_LUCIA/DAY6/DAY6_A4_LUCIA_10560000.mp4"
"egolife_rlhf_packet_ranking_v4","dbea4d3c4ab21c99f39c","day5_7_full_100","HM","pending","55","EGOLIFE2U_RANDOM_PAIR_CLIP_PRUNED_DAY6_10560000_A2_A4_0-1","5","EGOLIFE2U_RANDOM_PAIR_CLIP_PRUNED_DAY6_10560000_A2_A4_0-1::candidate_03","","","","","","false","","","2026-08-06T19:43:12.796Z","","0","I was looking for the wooden tray with the words 'CAFEDO BRASIL' that I saw on the green utility cart. Did the person in the denim jacket move it to the wire rack in the kitchen, or is it still sitting on the cart?","[""It is still sitting on the top of the green utility cart"",""It was moved to the middle shelf of the wire rack"",""It was moved to the bottom shelf of the wire rack"",""It was placed on the kitchen counter"",""It was placed on the floor in the hallway""]","A","It is still sitting on the top of the green utility cart","Alice","https://huggingface.co/datasets/lmms-lab/EgoLife/resolve/main/A2_ALICE/DAY6/DAY6_A2_ALICE_10560000.mp4","Lucia","https://huggingface.co/datasets/lmms-lab/EgoLife/resolve/main/A4_LUCIA/DAY6/DAY6_A4_LUCIA_10560000.mp4"
"egolife_rlhf_packet_ranking_v4","dbea4d3c4ab21c99f39c","day5_7_full_100","HM","pending","55","EGOLIFE2U_RANDOM_PAIR_CLIP_PRUNED_DAY6_10560000_A2_A4_0-1","6","EGOLIFE2U_RANDOM_PAIR_CLIP_PRUNED_DAY6_10560000_A2_A4_0-1::candidate_06","","","","","","false","","","2026-08-06T19:43:12.796Z","","0","I saw a person with long dark hair wearing a denim jacket standing by the blue rolling cart with the wooden trays on top. Did that person take anything from the middle shelf of that cart?","[""a clear plastic food container"",""a bottle of water with a red cap"",""a wooden tray labeled Cafedo Brasil"",""a white power strip"",""a package of instant noodles""]","A","a clear plastic food container","Alice","https://huggingface.co/datasets/lmms-lab/EgoLife/resolve/main/A2_ALICE/DAY6/DAY6_A2_ALICE_10560000.mp4","Lucia","https://huggingface.co/datasets/lmms-lab/EgoLife/resolve/main/A4_LUCIA/DAY6/DAY6_A4_LUCIA_10560000.mp4"
"egolife_rlhf_packet_ranking_v4","dbea4d3c4ab21c99f39c","day5_7_full_100","HM","pending","56","EGOLIFE2U_RANDOM_PAIR_CLIP_PRUNED_DAY6_11000000_A5_A6_0-1","1","EGOLIFE2U_RANDOM_PAIR_CLIP_PRUNED_DAY6_11000000_A5_A6_0-1::candidate_01","","","","","","false","","","2026-08-06T19:43:13.139Z","","0","I was sitting at the slatted table with the whiteboard nearby. While I was working on my craft, what musical instrument did you hold up?","[""a guitar"",""a violin"",""a flute"",""a drum"",""a trumpet""]","A","a guitar","Katrina","https://huggingface.co/datasets/lmms-lab/EgoLife/resolve/main/A5_KATRINA/DAY6/DAY6_A5_KATRINA_11000000.mp4","Shure","https://huggingface.co/datasets/lmms-lab/EgoLife/resolve/main/A6_SHURE/DAY6/DAY6_A6_SHURE_11000000.mp4"
"egolife_rlhf_packet_ranking_v4","dbea4d3c4ab21c99f39c","day5_7_full_100","HM","pending","56","EGOLIFE2U_RANDOM_PAIR_CLIP_PRUNED_DAY6_11000000_A5_A6_0-1","2","EGOLIFE2U_RANDOM_PAIR_CLIP_PRUNED_DAY6_11000000_A5_A6_0-1::candidate_04","","","","","","false","","","2026-08-06T19:43:13.139Z","","0","I was busy arranging the dried flowers into that plastic frame we were working on, so I didn't notice what the other person was holding. What instrument did they have in their hand?","[""a tablet computer"",""a whiteboard marker"",""a red electric guitar"",""a cardboard box"",""a plastic bag of supplies""]","C","a red electric guitar","Katrina","https://huggingface.co/datasets/lmms-lab/EgoLife/resolve/main/A5_KATRINA/DAY6/DAY6_A5_KATRINA_11000000.mp4","Shure","https://huggingface.co/datasets/lmms-lab/EgoLife/resolve/main/A6_SHURE/DAY6/DAY6_A6_SHURE_11000000.mp4"
"egolife_rlhf_packet_ranking_v4","dbea4d3c4ab21c99f39c","day5_7_full_100","HM","pending","56","EGOLIFE2U_RANDOM_PAIR_CLIP_PRUNED_DAY6_11000000_A5_A6_0-1","3","EGOLIFE2U_RANDOM_PAIR_CLIP_PRUNED_DAY6_11000000_A5_A6_0-1::candidate_02","","","","","","false","","","2026-08-06T19:43:13.139Z","","0","I was sitting at the slatted table working on that flower craft. Looking back at what was on the table, what musical instrument did you have there?","[""a guitar"",""a violin"",""a flute"",""a drum"",""a trumpet""]","A","a guitar","Katrina","https://huggingface.co/datasets/lmms-lab/EgoLife/resolve/main/A5_KATRINA/DAY6/DAY6_A5_KATRINA_11000000.mp4","Shure","https://huggingface.co/datasets/lmms-lab/EgoLife/resolve/main/A6_SHURE/DAY6/DAY6_A6_SHURE_11000000.mp4"
"egolife_rlhf_packet_ranking_v4","dbea4d3c4ab21c99f39c","day5_7_full_100","HM","pending","56","EGOLIFE2U_RANDOM_PAIR_CLIP_PRUNED_DAY6_11000000_A5_A6_0-1","4","EGOLIFE2U_RANDOM_PAIR_CLIP_PRUNED_DAY6_11000000_A5_A6_0-1::candidate_03","","","","","","false","","","2026-08-06T19:43:13.139Z","","0","I was busy arranging the flower craft in the wooden frame on the table. Looking back at the same table from your angle, what musical instrument did you have with you?","[""a guitar"",""a violin"",""a flute"",""a drum"",""a trumpet""]","A","a guitar","Katrina","https://huggingface.co/datasets/lmms-lab/EgoLife/resolve/main/A5_KATRINA/DAY6/DAY6_A5_KATRINA_11000000.mp4","Shure","https://huggingface.co/datasets/lmms-lab/EgoLife/resolve/main/A6_SHURE/DAY6/DAY6_A6_SHURE_11000000.mp4"
"egolife_rlhf_packet_ranking_v4","dbea4d3c4ab21c99f39c","day5_7_full_100","HM","pending","56","EGOLIFE2U_RANDOM_PAIR_CLIP_PRUNED_DAY6_11000000_A5_A6_0-1","5","EGOLIFE2U_RANDOM_PAIR_CLIP_PRUNED_DAY6_11000000_A5_A6_0-1::candidate_06","","","","","","false","","","2026-08-06T19:43:13.139Z","","0","I was busy working on the dried flower arrangement on the table, but I noticed a whiteboard on a stand in the room. What kind of content was written on that whiteboard?","[""it was completely blank with no markings"",""it had colorful drawings and notes written on it"",""it had black handwritten text and diagrams on it"",""it was covered by a sheet of clear plastic"",""it was turned around so the back was facing us""]","C","it had black handwritten text and diagrams on it","Katrina","https://huggingface.co/datasets/lmms-lab/EgoLife/resolve/main/A5_KATRINA/DAY6/DAY6_A5_KATRINA_11000000.mp4","Shure","https://huggingface.co/datasets/lmms-lab/EgoLife/resolve/main/A6_SHURE/DAY6/DAY6_A6_SHURE_11000000.mp4"
"egolife_rlhf_packet_ranking_v4","dbea4d3c4ab21c99f39c","day5_7_full_100","HM","pending","56","EGOLIFE2U_RANDOM_PAIR_CLIP_PRUNED_DAY6_11000000_A5_A6_0-1","6","EGOLIFE2U_RANDOM_PAIR_CLIP_PRUNED_DAY6_11000000_A5_A6_0-1::candidate_05","","","","","","false","","","2026-08-06T19:43:13.139Z","","0","I was focused on gluing those dried flowers into the frame on the table and couldn't really see what was going on behind me. Was the whiteboard that was standing near the table empty, or did it have writing on it?","[""it was completely blank with no markings"",""it had colorful drawings and notes written on it"",""it had only a single word written in large letters"",""it was covered by a sheet of clear plastic"",""it was turned around so the back was facing us""]","B","it had colorful drawings and notes written on it","Katrina","https://huggingface.co/datasets/lmms-lab/EgoLife/resolve/main/A5_KATRINA/DAY6/DAY6_A5_KATRINA_11000000.mp4","Shure","https://huggingface.co/datasets/lmms-lab/EgoLife/resolve/main/A6_SHURE/DAY6/DAY6_A6_SHURE_11000000.mp4"
"egolife_rlhf_packet_ranking_v4","dbea4d3c4ab21c99f39c","day5_7_full_100","HM","pending","57","EGOLIFE2U_RANDOM_PAIR_CLIP_PRUNED_DAY6_11043000_A1_A3_0-1","1","EGOLIFE2U_RANDOM_PAIR_CLIP_PRUNED_DAY6_11043000_A1_A3_0-1::candidate_04","","","","","","false","","","2026-08-06T19:43:13.321Z","","0","I was walking down the sidewalk past the shops, but I couldn't see what was on the ground near the person in the green shirt. Was there a large cardboard box sitting on the pavement nearby?","[""A large cardboard box was sitting on the pavement."",""A blue plastic chair was sitting on the pavement."",""A black trash bag was sitting on the pavement."",""A metal bicycle rack was sitting on the pavement."",""A red shopping cart was sitting on the pavement.""]","A","A large cardboard box was sitting on the pavement.","Jake","https://huggingface.co/datasets/lmms-lab/EgoLife/resolve/main/A1_JAKE/DAY6/DAY6_A1_JAKE_11043000.mp4","Tasha","https://huggingface.co/datasets/lmms-lab/EgoLife/resolve/main/A3_TASHA/DAY6/DAY6_A3_TASHA_11043000.mp4"
"egolife_rlhf_packet_ranking_v4","dbea4d3c4ab21c99f39c","day5_7_full_100","HM","pending","57","EGOLIFE2U_RANDOM_PAIR_CLIP_PRUNED_DAY6_11043000_A1_A3_0-1","2","EGOLIFE2U_RANDOM_PAIR_CLIP_PRUNED_DAY6_11043000_A1_A3_0-1::candidate_01","","","","","","false","","","2026-08-06T19:43:13.321Z","","0","I saw a person in a light green t-shirt standing near the trash bin on the sidewalk. What kind of footwear was that person wearing?","[""Yellow slide sandals"",""Black athletic sneakers"",""White canvas shoes"",""Brown leather boots"",""Blue running shoes""]","A","Yellow slide sandals","Jake","https://huggingface.co/datasets/lmms-lab/EgoLife/resolve/main/A1_JAKE/DAY6/DAY6_A1_JAKE_11043000.mp4","Tasha","https://huggingface.co/datasets/lmms-lab/EgoLife/resolve/main/A3_TASHA/DAY6/DAY6_A3_TASHA_11043000.mp4"
"egolife_rlhf_packet_ranking_v4","dbea4d3c4ab21c99f39c","day5_7_full_100","HM","pending","57","EGOLIFE2U_RANDOM_PAIR_CLIP_PRUNED_DAY6_11043000_A1_A3_0-1","3","EGOLIFE2U_RANDOM_PAIR_CLIP_PRUNED_DAY6_11043000_A1_A3_0-1::candidate_06","","","","","","false","","","2026-08-06T19:43:13.321Z","","0","I saw a person in a light green t-shirt standing on the sidewalk near the trees, but I couldn't get a good look at what they were wearing on their feet. What kind of footwear did they have on?","[""Bright yellow slide sandals."",""Black athletic running shoes."",""White canvas sneakers."",""Brown leather boots."",""Grey slip-on loafers.""]","A","Bright yellow slide sandals.","Jake","https://huggingface.co/datasets/lmms-lab/EgoLife/resolve/main/A1_JAKE/DAY6/DAY6_A1_JAKE_11043000.mp4","Tasha","https://huggingface.co/datasets/lmms-lab/EgoLife/resolve/main/A3_TASHA/DAY6/DAY6_A3_TASHA_11043000.mp4"
"egolife_rlhf_packet_ranking_v4","dbea4d3c4ab21c99f39c","day5_7_full_100","HM","pending","57","EGOLIFE2U_RANDOM_PAIR_CLIP_PRUNED_DAY6_11043000_A1_A3_0-1","4","EGOLIFE2U_RANDOM_PAIR_CLIP_PRUNED_DAY6_11043000_A1_A3_0-1::candidate_05","","","","","","false","","","2026-08-06T19:43:13.321Z","","0","I saw a person in a white shirt and shorts standing on the sidewalk, but I couldn't tell what kind of footwear they were wearing. What were they wearing on their feet?","[""They were wearing bright yellow slide sandals."",""They were wearing black running shoes."",""They were wearing white canvas sneakers."",""They were wearing brown leather boots."",""They were wearing grey athletic trainers.""]","A","They were wearing bright yellow slide sandals.","Jake","https://huggingface.co/datasets/lmms-lab/EgoLife/resolve/main/A1_JAKE/DAY6/DAY6_A1_JAKE_11043000.mp4","Tasha","https://huggingface.co/datasets/lmms-lab/EgoLife/resolve/main/A3_TASHA/DAY6/DAY6_A3_TASHA_11043000.mp4"
"egolife_rlhf_packet_ranking_v4","dbea4d3c4ab21c99f39c","day5_7_full_100","HM","pending","57","EGOLIFE2U_RANDOM_PAIR_CLIP_PRUNED_DAY6_11043000_A1_A3_0-1","5","EGOLIFE2U_RANDOM_PAIR_CLIP_PRUNED_DAY6_11043000_A1_A3_0-1::candidate_02","","","","","","false","","","2026-08-06T19:43:13.321Z","","0","I noticed a person in a light green t-shirt standing near the trash bin on the sidewalk. What kind of footwear was that person wearing?","[""Yellow slide sandals"",""Black athletic sneakers"",""White canvas shoes"",""Brown leather boots"",""Blue running shoes""]","A","Yellow slide sandals","Jake","https://huggingface.co/datasets/lmms-lab/EgoLife/resolve/main/A1_JAKE/DAY6/DAY6_A1_JAKE_11043000.mp4","Tasha","https://huggingface.co/datasets/lmms-lab/EgoLife/resolve/main/A3_TASHA/DAY6/DAY6_A3_TASHA_11043000.mp4"
"egolife_rlhf_packet_ranking_v4","dbea4d3c4ab21c99f39c","day5_7_full_100","HM","pending","57","EGOLIFE2U_RANDOM_PAIR_CLIP_PRUNED_DAY6_11043000_A1_A3_0-1","6","EGOLIFE2U_RANDOM_PAIR_CLIP_PRUNED_DAY6_11043000_A1_A3_0-1::candidate_03","","","","","","false","","","2026-08-06T19:43:13.321Z","","0","I was walking down the sidewalk and saw a person in a white outfit standing near a black trash bin. What was the person in black clothing, who was standing right next to that same trash bin, doing with their hands?","[""Holding a white plastic bag in one hand"",""Holding a smartphone with both hands"",""Resting their hands on their hips"",""Waving at someone passing by"",""Pushing the trash bin forward""]","A","Holding a white plastic bag in one hand","Jake","https://huggingface.co/datasets/lmms-lab/EgoLife/resolve/main/A1_JAKE/DAY6/DAY6_A1_JAKE_11043000.mp4","Tasha","https://huggingface.co/datasets/lmms-lab/EgoLife/resolve/main/A3_TASHA/DAY6/DAY6_A3_TASHA_11043000.mp4"
"egolife_rlhf_packet_ranking_v4","dbea4d3c4ab21c99f39c","day5_7_full_100","HM","pending","58","EGOLIFE2U_RANDOM_PAIR_CLIP_PRUNED_DAY6_11103000_A1_A3_0-1","1","EGOLIFE2U_RANDOM_PAIR_CLIP_PRUNED_DAY6_11103000_A1_A3_0-1::candidate_05","","","","","","false","","","2026-08-06T19:43:13.498Z","","0","I noticed the person in the green shirt walking down the street near the parked cars, but I couldn't see their footwear from my angle. What kind of shoes were they wearing?","[""Yellow slide sandals"",""White athletic sneakers"",""Black leather boots"",""Blue canvas slip-ons"",""Red running shoes""]","A","Yellow slide sandals","Jake","https://huggingface.co/datasets/lmms-lab/EgoLife/resolve/main/A1_JAKE/DAY6/DAY6_A1_JAKE_11103000.mp4","Tasha","https://huggingface.co/datasets/lmms-lab/EgoLife/resolve/main/A3_TASHA/DAY6/DAY6_A3_TASHA_11103000.mp4"
"egolife_rlhf_packet_ranking_v4","dbea4d3c4ab21c99f39c","day5_7_full_100","HM","pending","58","EGOLIFE2U_RANDOM_PAIR_CLIP_PRUNED_DAY6_11103000_A1_A3_0-1","2","EGOLIFE2U_RANDOM_PAIR_CLIP_PRUNED_DAY6_11103000_A1_A3_0-1::candidate_01","","","","","","false","","","2026-08-06T19:43:13.498Z","","0","I was walking along the street near the red building, and I noticed a white car parked on the side of the road. What was the color of the car parked directly behind it?","[""A dark blue or black sedan"",""A bright yellow hatchback"",""A silver SUV"",""A red pickup truck"",""A white van""]","A","A dark blue or black sedan","Jake","https://huggingface.co/datasets/lmms-lab/EgoLife/resolve/main/A1_JAKE/DAY6/DAY6_A1_JAKE_11103000.mp4","Tasha","https://huggingface.co/datasets/lmms-lab/EgoLife/resolve/main/A3_TASHA/DAY6/DAY6_A3_TASHA_11103000.mp4"
"egolife_rlhf_packet_ranking_v4","dbea4d3c4ab21c99f39c","day5_7_full_100","HM","pending","58","EGOLIFE2U_RANDOM_PAIR_CLIP_PRUNED_DAY6_11103000_A1_A3_0-1","3","EGOLIFE2U_RANDOM_PAIR_CLIP_PRUNED_DAY6_11103000_A1_A3_0-1::candidate_06","","","","","","false","","","2026-08-06T19:43:13.498Z","","0","I saw a person in a light-colored shirt standing near the white and purple delivery tricycles, but from my angle I couldn't see what they were holding. What item were they holding in their hand?","[""A smartphone"",""A set of car keys"",""A pair of sunglasses"",""A plastic water bottle"",""A wallet""]","A","A smartphone","Jake","https://huggingface.co/datasets/lmms-lab/EgoLife/resolve/main/A1_JAKE/DAY6/DAY6_A1_JAKE_11103000.mp4","Tasha","https://huggingface.co/datasets/lmms-lab/EgoLife/resolve/main/A3_TASHA/DAY6/DAY6_A3_TASHA_11103000.mp4"
"egolife_rlhf_packet_ranking_v4","dbea4d3c4ab21c99f39c","day5_7_full_100","HM","pending","58","EGOLIFE2U_RANDOM_PAIR_CLIP_PRUNED_DAY6_11103000_A1_A3_0-1","4","EGOLIFE2U_RANDOM_PAIR_CLIP_PRUNED_DAY6_11103000_A1_A3_0-1::candidate_02","","","","","","false","","","2026-08-06T19:43:13.498Z","","0","When we were standing near the corner of the white building, I noticed a bicycle leaning against the wall. What was the color of that bicycle?","[""A blue bicycle"",""A silver bicycle"",""A red bicycle"",""A black bicycle"",""A white bicycle""]","C","A red bicycle","Jake","https://huggingface.co/datasets/lmms-lab/EgoLife/resolve/main/A1_JAKE/DAY6/DAY6_A1_JAKE_11103000.mp4","Tasha","https://huggingface.co/datasets/lmms-lab/EgoLife/resolve/main/A3_TASHA/DAY6/DAY6_A3_TASHA_11103000.mp4"
"egolife_rlhf_packet_ranking_v4","dbea4d3c4ab21c99f39c","day5_7_full_100","HM","pending","58","EGOLIFE2U_RANDOM_PAIR_CLIP_PRUNED_DAY6_11103000_A1_A3_0-1","5","EGOLIFE2U_RANDOM_PAIR_CLIP_PRUNED_DAY6_11103000_A1_A3_0-1::candidate_04","","","","","","false","","","2026-08-06T19:43:13.498Z","","0","I saw the person in the green shirt walking down the street near the parked cars, but I couldn't see their footwear from my angle. What kind of shoes were they wearing?","[""Brown shorts and sandals"",""Blue jeans and sneakers"",""Khaki pants and loafers"",""Black trousers and boots"",""White shorts and canvas shoes""]","A","Brown shorts and sandals","Jake","https://huggingface.co/datasets/lmms-lab/EgoLife/resolve/main/A1_JAKE/DAY6/DAY6_A1_JAKE_11103000.mp4","Tasha","https://huggingface.co/datasets/lmms-lab/EgoLife/resolve/main/A3_TASHA/DAY6/DAY6_A3_TASHA_11103000.mp4"
"egolife_rlhf_packet_ranking_v4","dbea4d3c4ab21c99f39c","day5_7_full_100","HM","pending","58","EGOLIFE2U_RANDOM_PAIR_CLIP_PRUNED_DAY6_11103000_A1_A3_0-1","6","EGOLIFE2U_RANDOM_PAIR_CLIP_PRUNED_DAY6_11103000_A1_A3_0-1::candidate_03","","","","","","false","","","2026-08-06T19:43:13.498Z","","0","I was looking at the group of white delivery tricycles parked by the building. What color was the logo or lettering on the side of those vehicles?","[""A purple logo"",""A blue logo"",""A red logo"",""A green logo"",""A black logo""]","A","A purple logo","Jake","https://huggingface.co/datasets/lmms-lab/EgoLife/resolve/main/A1_JAKE/DAY6/DAY6_A1_JAKE_11103000.mp4","Tasha","https://huggingface.co/datasets/lmms-lab/EgoLife/resolve/main/A3_TASHA/DAY6/DAY6_A3_TASHA_11103000.mp4"
"egolife_rlhf_packet_ranking_v4","dbea4d3c4ab21c99f39c","day5_7_full_100","HM","pending","59","EGOLIFE2U_RANDOM_PAIR_CLIP_PRUNED_DAY6_11130000_A1_A6_0-1","1","EGOLIFE2U_RANDOM_PAIR_CLIP_PRUNED_DAY6_11130000_A1_A6_0-1::candidate_02","","","","","","false","","","2026-08-06T19:43:13.683Z","","0","I was standing outside near the green recycling bin handling those packages, but I couldn't see what was going on at the table in the area behind me. Was there a whiteboard set up next to the table where we had the art supplies?","[""Yes, there was a large whiteboard with doodles and writing next to the table."",""No, the area next to the table was completely empty."",""Yes, but it was a blackboard with white chalk drawings."",""No, there was only a mirror hanging on the wall nearby."",""Yes, it was a poster board taped to the wall.""]","A","Yes, there was a large whiteboard with doodles and writing next to the table.","Jake","https://huggingface.co/datasets/lmms-lab/EgoLife/resolve/main/A1_JAKE/DAY6/DAY6_A1_JAKE_11130000.mp4","Shure","https://huggingface.co/datasets/lmms-lab/EgoLife/resolve/main/A6_SHURE/DAY6/DAY6_A6_SHURE_11130000.mp4"
"egolife_rlhf_packet_ranking_v4","dbea4d3c4ab21c99f39c","day5_7_full_100","HM","pending","59","EGOLIFE2U_RANDOM_PAIR_CLIP_PRUNED_DAY6_11130000_A1_A6_0-1","2","EGOLIFE2U_RANDOM_PAIR_CLIP_PRUNED_DAY6_11130000_A1_A6_0-1::candidate_03","","","","","","false","","","2026-08-06T19:43:13.683Z","","0","I was outside dealing with those packages near the green recycling bin, but I couldn't see what was set up in the area behind me. Was there a whiteboard with doodles and writing standing next to the table?","[""Yes, there was a large whiteboard with doodles and writing next to the table."",""No, the area next to the table was completely empty."",""Yes, but it was a blackboard with white chalk drawings."",""No, there was only a mirror hanging on the wall nearby."",""Yes, it was a poster board taped to the wall.""]","A","Yes, there was a large whiteboard with doodles and writing next to the table.","Jake","https://huggingface.co/datasets/lmms-lab/EgoLife/resolve/main/A1_JAKE/DAY6/DAY6_A1_JAKE_11130000.mp4","Shure","https://huggingface.co/datasets/lmms-lab/EgoLife/resolve/main/A6_SHURE/DAY6/DAY6_A6_SHURE_11130000.mp4"
"egolife_rlhf_packet_ranking_v4","dbea4d3c4ab21c99f39c","day5_7_full_100","HM","pending","59","EGOLIFE2U_RANDOM_PAIR_CLIP_PRUNED_DAY6_11130000_A1_A6_0-1","3","EGOLIFE2U_RANDOM_PAIR_CLIP_PRUNED_DAY6_11130000_A1_A6_0-1::candidate_04","","","","","","false","","","2026-08-06T19:43:13.683Z","","0","I was standing by the wooden counter near the green recycling bin. What was the large white board with drawings on it that I couldn't see from my angle?","[""a whiteboard with hand-drawn sketches and a list of numbered items"",""a poster board with printed advertisements and contact numbers"",""a piece of paper taped to the wall with a map drawn on it"",""a whiteboard with a calendar grid and dates marked in red"",""a placemat with a colorful pattern and text printed on it""]","A","a whiteboard with hand-drawn sketches and a list of numbered items","Jake","https://huggingface.co/datasets/lmms-lab/EgoLife/resolve/main/A1_JAKE/DAY6/DAY6_A1_JAKE_11130000.mp4","Shure","https://huggingface.co/datasets/lmms-lab/EgoLife/resolve/main/A6_SHURE/DAY6/DAY6_A6_SHURE_11130000.mp4"
"egolife_rlhf_packet_ranking_v4","dbea4d3c4ab21c99f39c","day5_7_full_100","HM","pending","59","EGOLIFE2U_RANDOM_PAIR_CLIP_PRUNED_DAY6_11130000_A1_A6_0-1","4","EGOLIFE2U_RANDOM_PAIR_CLIP_PRUNED_DAY6_11130000_A1_A6_0-1::candidate_01","","","","","","false","","","2026-08-06T19:43:13.683Z","","0","I was handling those packages near the entrance, and I remember seeing a whiteboard with some doodles nearby, but I couldn't quite tell what was sitting on the table next to it. Was there a tablet or some sort of electronic device on that table?","[""Yes, a black tablet was lying flat on the wooden table."",""No, there was only a whiteboard and a stack of papers."",""Yes, an open laptop computer was set up on the table."",""No, the table was completely empty and clear."",""Yes, a silver digital camera was resting on the table.""]","A","Yes, a black tablet was lying flat on the wooden table.","Jake","https://huggingface.co/datasets/lmms-lab/EgoLife/resolve/main/A1_JAKE/DAY6/DAY6_A1_JAKE_11130000.mp4","Shure","https://huggingface.co/datasets/lmms-lab/EgoLife/resolve/main/A6_SHURE/DAY6/DAY6_A6_SHURE_11130000.mp4"
"egolife_rlhf_packet_ranking_v4","dbea4d3c4ab21c99f39c","day5_7_full_100","HM","pending","59","EGOLIFE2U_RANDOM_PAIR_CLIP_PRUNED_DAY6_11130000_A1_A6_0-1","5","EGOLIFE2U_RANDOM_PAIR_CLIP_PRUNED_DAY6_11130000_A1_A6_0-1::candidate_06","","","","","","false","","","2026-08-06T19:43:13.683Z","","0","I was standing by the green recycling bin near the counter, but I couldn't see what was on the table in the area where the other person was sitting. What was the black rectangular device sitting right in the middle of that wooden table?","[""a tablet computer lying flat on the slats"",""a closed black laptop computer"",""a large smartphone with a cracked screen"",""a digital drawing board with a pen attached"",""a black hardcover notebook""]","A","a tablet computer lying flat on the slats","Jake","https://huggingface.co/datasets/lmms-lab/EgoLife/resolve/main/A1_JAKE/DAY6/DAY6_A1_JAKE_11130000.mp4","Shure","https://huggingface.co/datasets/lmms-lab/EgoLife/resolve/main/A6_SHURE/DAY6/DAY6_A6_SHURE_11130000.mp4"
"egolife_rlhf_packet_ranking_v4","dbea4d3c4ab21c99f39c","day5_7_full_100","HM","pending","59","EGOLIFE2U_RANDOM_PAIR_CLIP_PRUNED_DAY6_11130000_A1_A6_0-1","6","EGOLIFE2U_RANDOM_PAIR_CLIP_PRUNED_DAY6_11130000_A1_A6_0-1::candidate_05","","","","","","false","","","2026-08-06T19:43:13.683Z","","0","I was standing by the green recycling bin near the counter, but I couldn't see what was on the table in the area where you were sitting. What was the black rectangular device sitting right in the middle of that wooden table?","[""a tablet computer lying flat on the slats"",""a closed black laptop computer"",""a large smartphone with a cracked screen"",""a digital drawing board with a pen attached"",""a black hardcover notebook""]","A","a tablet computer lying flat on the slats","Jake","https://huggingface.co/datasets/lmms-lab/EgoLife/resolve/main/A1_JAKE/DAY6/DAY6_A1_JAKE_11130000.mp4","Shure","https://huggingface.co/datasets/lmms-lab/EgoLife/resolve/main/A6_SHURE/DAY6/DAY6_A6_SHURE_11130000.mp4"
"egolife_rlhf_packet_ranking_v4","dbea4d3c4ab21c99f39c","day5_7_full_100","HM","pending","60","EGOLIFE2U_RANDOM_PAIR_CLIP_PRUNED_DAY6_11413000_A4_A6_0-1","1","EGOLIFE2U_RANDOM_PAIR_CLIP_PRUNED_DAY6_11413000_A4_A6_0-1::candidate_01","","","","","","false","","","2026-08-06T19:43:13.863Z","","0","I'm trying to remember what the person with pink hair was doing while I was working on that lighthouse craft on the floor; were they focused on the same project or doing something completely different?","[""Working on a similar craft project at a table"",""Taking a video with a smartphone"",""Reading a book or magazine"",""Organizing items in a cardboard box"",""Sitting and waiting quietly""]","B","Taking a video with a smartphone","Lucia","https://huggingface.co/datasets/lmms-lab/EgoLife/resolve/main/A4_LUCIA/DAY6/DAY6_A4_LUCIA_11413000.mp4","Shure","https://huggingface.co/datasets/lmms-lab/EgoLife/resolve/main/A6_SHURE/DAY6/DAY6_A6_SHURE_11413000.mp4"
"egolife_rlhf_packet_ranking_v4","dbea4d3c4ab21c99f39c","day5_7_full_100","HM","pending","60","EGOLIFE2U_RANDOM_PAIR_CLIP_PRUNED_DAY6_11413000_A4_A6_0-1","2","EGOLIFE2U_RANDOM_PAIR_CLIP_PRUNED_DAY6_11413000_A4_A6_0-1::candidate_04","","","","","","false","","","2026-08-06T19:43:13.863Z","","0","I was working on the paper lighthouse project in the room with the dark marble floor, but I kept getting blocked by hair in my view. From where you were sitting at the outdoor table, what did the person sitting next to me in the white dress appear to be doing?","[""Cutting out paper shapes"",""Assembling a wooden frame"",""Writing on a piece of paper"",""Scrolling through a phone"",""Painting a cardboard box""]","C","Writing on a piece of paper","Lucia","https://huggingface.co/datasets/lmms-lab/EgoLife/resolve/main/A4_LUCIA/DAY6/DAY6_A4_LUCIA_11413000.mp4","Shure","https://huggingface.co/datasets/lmms-lab/EgoLife/resolve/main/A6_SHURE/DAY6/DAY6_A6_SHURE_11413000.mp4"
"egolife_rlhf_packet_ranking_v4","dbea4d3c4ab21c99f39c","day5_7_full_100","HM","pending","60","EGOLIFE2U_RANDOM_PAIR_CLIP_PRUNED_DAY6_11413000_A4_A6_0-1","3","EGOLIFE2U_RANDOM_PAIR_CLIP_PRUNED_DAY6_11413000_A4_A6_0-1::candidate_02","","","","","","false","","","2026-08-06T19:43:13.863Z","","0","I was sitting on the floor working on that lighthouse craft when I handed you my phone. What were you doing with it while I kept working?","[""Taking a photo of the craft on the floor"",""Scrolling through the photo gallery"",""Typing a message on the keyboard"",""Showing a video to someone else"",""Checking the phone settings""]","B","Scrolling through the photo gallery","Lucia","https://huggingface.co/datasets/lmms-lab/EgoLife/resolve/main/A4_LUCIA/DAY6/DAY6_A4_LUCIA_11413000.mp4","Shure","https://huggingface.co/datasets/lmms-lab/EgoLife/resolve/main/A6_SHURE/DAY6/DAY6_A6_SHURE_11413000.mp4"
"egolife_rlhf_packet_ranking_v4","dbea4d3c4ab21c99f39c","day5_7_full_100","HM","pending","60","EGOLIFE2U_RANDOM_PAIR_CLIP_PRUNED_DAY6_11413000_A4_A6_0-1","4","EGOLIFE2U_RANDOM_PAIR_CLIP_PRUNED_DAY6_11413000_A4_A6_0-1::candidate_03","","","","","","false","","","2026-08-06T19:43:13.863Z","","0","I was sitting on the floor building that lighthouse craft with scissors nearby. I noticed you were holding your phone and pointing it at me, but I couldn't see the screen. What were you doing with your phone?","[""Taking a photo of the craft on the floor"",""Scrolling through the photo gallery"",""Typing a message on the keyboard"",""Watching a video on YouTube"",""Checking the phone settings""]","B","Scrolling through the photo gallery","Lucia","https://huggingface.co/datasets/lmms-lab/EgoLife/resolve/main/A4_LUCIA/DAY6/DAY6_A4_LUCIA_11413000.mp4","Shure","https://huggingface.co/datasets/lmms-lab/EgoLife/resolve/main/A6_SHURE/DAY6/DAY6_A6_SHURE_11413000.mp4"
"egolife_rlhf_packet_ranking_v4","dbea4d3c4ab21c99f39c","day5_7_full_100","HM","pending","60","EGOLIFE2U_RANDOM_PAIR_CLIP_PRUNED_DAY6_11413000_A4_A6_0-1","5","EGOLIFE2U_RANDOM_PAIR_CLIP_PRUNED_DAY6_11413000_A4_A6_0-1::candidate_06","","","","","","false","","","2026-08-06T19:43:13.863Z","","0","I was on the floor assembling the paper house and my view was blocked by my hair, so I couldn't see what was on the table. What was the tablet propped up on the table displaying?","[""A video call grid with multiple participants"",""A photo gallery of landscape pictures"",""A map application for navigation"",""A paused movie scene"",""A whiteboard with handwritten notes""]","A","A video call grid with multiple participants","Lucia","https://huggingface.co/datasets/lmms-lab/EgoLife/resolve/main/A4_LUCIA/DAY6/DAY6_A4_LUCIA_11413000.mp4","Shure","https://huggingface.co/datasets/lmms-lab/EgoLife/resolve/main/A6_SHURE/DAY6/DAY6_A6_SHURE_11413000.mp4"
"egolife_rlhf_packet_ranking_v4","dbea4d3c4ab21c99f39c","day5_7_full_100","HM","pending","60","EGOLIFE2U_RANDOM_PAIR_CLIP_PRUNED_DAY6_11413000_A4_A6_0-1","6","EGOLIFE2U_RANDOM_PAIR_CLIP_PRUNED_DAY6_11413000_A4_A6_0-1::candidate_05","","","","","","false","","","2026-08-06T19:43:13.863Z","","0","I was sitting on the floor assembling the paper model, but my view was kind of obstructed. From your perspective at the outdoor table, what was the person in the white dress doing?","[""Scrolling through a smartphone"",""Cutting out paper pieces"",""Writing on a sheet of paper"",""Painting a wooden frame"",""Gluing cardboard parts together""]","C","Writing on a sheet of paper","Lucia","https://huggingface.co/datasets/lmms-lab/EgoLife/resolve/main/A4_LUCIA/DAY6/DAY6_A4_LUCIA_11413000.mp4","Shure","https://huggingface.co/datasets/lmms-lab/EgoLife/resolve/main/A6_SHURE/DAY6/DAY6_A6_SHURE_11413000.mp4"
"egolife_rlhf_packet_ranking_v4","dbea4d3c4ab21c99f39c","day5_7_full_100","HM","pending","61","EGOLIFE2U_RANDOM_PAIR_CLIP_PRUNED_DAY6_11430000_A3_A6_0-1","1","EGOLIFE2U_RANDOM_PAIR_CLIP_PRUNED_DAY6_11430000_A3_A6_0-1::candidate_06","","","","","","false","","","2026-08-06T19:43:14.037Z","","0","I saw the person in the white shirt carrying a pile of packages and pillows into the yard. Where did they end up placing them?","[""Inside the large cardboard box on the ground"",""On the wooden deck near the blue house"",""On the table under the umbrella"",""On the chair next to the whiteboard"",""In the black trash bin on the deck""]","C","On the table under the umbrella","Tasha","https://huggingface.co/datasets/lmms-lab/EgoLife/resolve/main/A3_TASHA/DAY6/DAY6_A3_TASHA_11430000.mp4","Shure","https://huggingface.co/datasets/lmms-lab/EgoLife/resolve/main/A6_SHURE/DAY6/DAY6_A6_SHURE_11430000.mp4"
"egolife_rlhf_packet_ranking_v4","dbea4d3c4ab21c99f39c","day5_7_full_100","HM","pending","61","EGOLIFE2U_RANDOM_PAIR_CLIP_PRUNED_DAY6_11430000_A3_A6_0-1","2","EGOLIFE2U_RANDOM_PAIR_CLIP_PRUNED_DAY6_11430000_A3_A6_0-1::candidate_05","","","","","","false","","","2026-08-06T19:43:14.037Z","","0","I noticed the person in the green shirt was carrying a bouquet of flowers into the backyard. Where did they end up putting that bouquet?","[""Inside the blue vase on the table"",""On the wooden deck near the blue house"",""On the table under the umbrella"",""On the chair next to the whiteboard"",""In the cardboard box""]","C","On the table under the umbrella","Tasha","https://huggingface.co/datasets/lmms-lab/EgoLife/resolve/main/A3_TASHA/DAY6/DAY6_A3_TASHA_11430000.mp4","Shure","https://huggingface.co/datasets/lmms-lab/EgoLife/resolve/main/A6_SHURE/DAY6/DAY6_A6_SHURE_11430000.mp4"
"egolife_rlhf_packet_ranking_v4","dbea4d3c4ab21c99f39c","day5_7_full_100","HM","pending","61","EGOLIFE2U_RANDOM_PAIR_CLIP_PRUNED_DAY6_11430000_A3_A6_0-1","3","EGOLIFE2U_RANDOM_PAIR_CLIP_PRUNED_DAY6_11430000_A3_A6_0-1::candidate_02","","","","","","false","","","2026-08-06T19:43:14.037Z","","0","When I walked into the yard carrying packages, I saw the person with the green jacket holding a bouquet of flowers. Did they end up keeping those flowers, or did they give them to someone else?","[""They kept the flowers for themselves"",""They gave the flowers to the person wearing the white shirt"",""They handed the flowers to the person with pink hair"",""They placed the flowers on the wooden table"",""They put the flowers inside the blue house""]","C","They handed the flowers to the person with pink hair","Tasha","https://huggingface.co/datasets/lmms-lab/EgoLife/resolve/main/A3_TASHA/DAY6/DAY6_A3_TASHA_11430000.mp4","Shure","https://huggingface.co/datasets/lmms-lab/EgoLife/resolve/main/A6_SHURE/DAY6/DAY6_A6_SHURE_11430000.mp4"
"egolife_rlhf_packet_ranking_v4","dbea4d3c4ab21c99f39c","day5_7_full_100","HM","pending","61","EGOLIFE2U_RANDOM_PAIR_CLIP_PRUNED_DAY6_11430000_A3_A6_0-1","4","EGOLIFE2U_RANDOM_PAIR_CLIP_PRUNED_DAY6_11430000_A3_A6_0-1::candidate_03","","","","","","false","","","2026-08-06T19:43:14.037Z","","0","I was holding a bouquet of flowers while standing near the table. Did I hand those flowers to anyone, or did I put them somewhere else?","[""I handed the flowers to the person with pink hair"",""I gave the flowers to the person in the white shirt"",""I placed the flowers on the wooden table"",""I handed the flowers to the person in the green shirt"",""I put the flowers inside the blue house""]","C","I placed the flowers on the wooden table","Tasha","https://huggingface.co/datasets/lmms-lab/EgoLife/resolve/main/A3_TASHA/DAY6/DAY6_A3_TASHA_11430000.mp4","Shure","https://huggingface.co/datasets/lmms-lab/EgoLife/resolve/main/A6_SHURE/DAY6/DAY6_A6_SHURE_11430000.mp4"
"egolife_rlhf_packet_ranking_v4","dbea4d3c4ab21c99f39c","day5_7_full_100","HM","pending","61","EGOLIFE2U_RANDOM_PAIR_CLIP_PRUNED_DAY6_11430000_A3_A6_0-1","5","EGOLIFE2U_RANDOM_PAIR_CLIP_PRUNED_DAY6_11430000_A3_A6_0-1::candidate_04","","","","","","false","","","2026-08-06T19:43:14.037Z","","0","After I walked out to the backyard with the cardboard boxes and packages, where did the person in the white shirt eventually place them?","[""On the wooden deck near the blue wall"",""On the wooden table under the umbrella"",""On the ground near the barbecue grill"",""In the white storage bin"",""On the chair next to the whiteboard""]","B","On the wooden table under the umbrella","Tasha","https://huggingface.co/datasets/lmms-lab/EgoLife/resolve/main/A3_TASHA/DAY6/DAY6_A3_TASHA_11430000.mp4","Shure","https://huggingface.co/datasets/lmms-lab/EgoLife/resolve/main/A6_SHURE/DAY6/DAY6_A6_SHURE_11430000.mp4"
"egolife_rlhf_packet_ranking_v4","dbea4d3c4ab21c99f39c","day5_7_full_100","HM","pending","61","EGOLIFE2U_RANDOM_PAIR_CLIP_PRUNED_DAY6_11430000_A3_A6_0-1","6","EGOLIFE2U_RANDOM_PAIR_CLIP_PRUNED_DAY6_11430000_A3_A6_0-1::candidate_01","","","","","","false","","","2026-08-06T19:43:14.037Z","","0","I was carrying a bunch of flowers to the table under the umbrella, but when I looked back at the wooden deck area near the blue house, I couldn't see the black grill anymore. Did someone move the grill while I was distracted?","[""Yes, the grill was moved to the other side of the deck"",""No, the grill remained in the same spot on the gravel"",""Yes, the grill was taken inside the house"",""No, the grill was covered with a tarp"",""Yes, the grill was replaced with a different one""]","B","No, the grill remained in the same spot on the gravel","Tasha","https://huggingface.co/datasets/lmms-lab/EgoLife/resolve/main/A3_TASHA/DAY6/DAY6_A3_TASHA_11430000.mp4","Shure","https://huggingface.co/datasets/lmms-lab/EgoLife/resolve/main/A6_SHURE/DAY6/DAY6_A6_SHURE_11430000.mp4"
"egolife_rlhf_packet_ranking_v4","dbea4d3c4ab21c99f39c","day5_7_full_100","HM","pending","62","EGOLIFE2U_RANDOM_PAIR_CLIP_PRUNED_DAY6_11463000_A1_A6_0-1","1","EGOLIFE2U_RANDOM_PAIR_CLIP_PRUNED_DAY6_11463000_A1_A6_0-1::candidate_04","","","","","","false","","","2026-08-06T19:43:14.212Z","","0","I was walking out to the patio with that white jar, and I saw a group gathered around the table under the umbrella. I noticed someone standing near the whiteboard holding a small card with a drawing on it, but I couldn't quite tell who it was from my angle. Which of these people was the one standing by the whiteboard holding the card?","[""The person with pinkish hair wearing a white sweater and a short patterned skirt"",""The person with blonde hair wearing a white shirt sitting in a chair"",""The person with long dark hair wearing a blue denim jacket"",""The person wearing a light green shirt and shorts"",""The person wearing a pink long-sleeved shirt and patterned shorts""]","A","The person with pinkish hair wearing a white sweater and a short patterned skirt","Jake","https://huggingface.co/datasets/lmms-lab/EgoLife/resolve/main/A1_JAKE/DAY6/DAY6_A1_JAKE_11463000.mp4","Shure","https://huggingface.co/datasets/lmms-lab/EgoLife/resolve/main/A6_SHURE/DAY6/DAY6_A6_SHURE_11463000.mp4"
"egolife_rlhf_packet_ranking_v4","dbea4d3c4ab21c99f39c","day5_7_full_100","HM","pending","62","EGOLIFE2U_RANDOM_PAIR_CLIP_PRUNED_DAY6_11463000_A1_A6_0-1","2","EGOLIFE2U_RANDOM_PAIR_CLIP_PRUNED_DAY6_11463000_A1_A6_0-1::candidate_06","","","","","","false","","","2026-08-06T19:43:14.212Z","","0","When I walked out to the patio with the white jar, I saw the group gathered under the umbrella, but I couldn't tell who was sitting down at the table. Which person was the one seated at the table?","[""The person with pinkish hair wearing a white sweater and patterned skirt"",""The person with dark hair wearing a blue denim jacket"",""The person wearing a light green shirt and shorts"",""The person with short blonde hair wearing a white shirt"",""The person wearing a pink long-sleeved shirt and patterned shorts""]","D","The person with short blonde hair wearing a white shirt","Jake","https://huggingface.co/datasets/lmms-lab/EgoLife/resolve/main/A1_JAKE/DAY6/DAY6_A1_JAKE_11463000.mp4","Shure","https://huggingface.co/datasets/lmms-lab/EgoLife/resolve/main/A6_SHURE/DAY6/DAY6_A6_SHURE_11463000.mp4"
"egolife_rlhf_packet_ranking_v4","dbea4d3c4ab21c99f39c","day5_7_full_100","HM","pending","62","EGOLIFE2U_RANDOM_PAIR_CLIP_PRUNED_DAY6_11463000_A1_A6_0-1","3","EGOLIFE2U_RANDOM_PAIR_CLIP_PRUNED_DAY6_11463000_A1_A6_0-1::candidate_01","","","","","","false","","","2026-08-06T19:43:14.212Z","","0","I walked out to the patio and joined the group under the umbrella. When I was handed a small card with a drawing on it, who was standing right next to the whiteboard holding a marker?","[""A person with pink hair wearing a white sweater and a patterned skirt"",""A person with short blonde hair wearing a white shirt"",""A person with dark hair wearing a blue denim jacket"",""A person with dark hair wearing a pink shirt and patterned shorts"",""A person with dark hair wearing a green shirt and shorts""]","A","A person with pink hair wearing a white sweater and a patterned skirt","Jake","https://huggingface.co/datasets/lmms-lab/EgoLife/resolve/main/A1_JAKE/DAY6/DAY6_A1_JAKE_11463000.mp4","Shure","https://huggingface.co/datasets/lmms-lab/EgoLife/resolve/main/A6_SHURE/DAY6/DAY6_A6_SHURE_11463000.mp4"
"egolife_rlhf_packet_ranking_v4","dbea4d3c4ab21c99f39c","day5_7_full_100","HM","pending","62","EGOLIFE2U_RANDOM_PAIR_CLIP_PRUNED_DAY6_11463000_A1_A6_0-1","4","EGOLIFE2U_RANDOM_PAIR_CLIP_PRUNED_DAY6_11463000_A1_A6_0-1::candidate_05","","","","","","false","","","2026-08-06T19:43:14.212Z","","0","When I walked out to the patio with the white jar, I saw the group gathered under the umbrella, but I couldn't tell who was sitting down at the table. Which person was the one seated at the table?","[""The person with pinkish hair wearing a white sweater and patterned skirt"",""The person with dark hair wearing a blue denim jacket"",""The person wearing a light green shirt and shorts"",""The person with short blonde hair wearing a white shirt"",""The person wearing a pink long-sleeved shirt and patterned shorts""]","D","The person with short blonde hair wearing a white shirt","Jake","https://huggingface.co/datasets/lmms-lab/EgoLife/resolve/main/A1_JAKE/DAY6/DAY6_A1_JAKE_11463000.mp4","Shure","https://huggingface.co/datasets/lmms-lab/EgoLife/resolve/main/A6_SHURE/DAY6/DAY6_A6_SHURE_11463000.mp4"
"egolife_rlhf_packet_ranking_v4","dbea4d3c4ab21c99f39c","day5_7_full_100","HM","pending","62","EGOLIFE2U_RANDOM_PAIR_CLIP_PRUNED_DAY6_11463000_A1_A6_0-1","5","EGOLIFE2U_RANDOM_PAIR_CLIP_PRUNED_DAY6_11463000_A1_A6_0-1::candidate_03","","","","","","false","","","2026-08-06T19:43:14.212Z","","0","I walked out to the patio and saw the group gathered under the umbrella. I noticed someone sitting at the table, but I couldn't clearly see what they were wearing. Which person was sitting at the table under the umbrella?","[""A person with pink hair wearing a white sweater and a patterned skirt"",""A person with short blonde hair wearing a white shirt"",""A person with dark hair wearing a blue denim jacket"",""A person with dark hair wearing a pink shirt and patterned shorts"",""A person with dark hair wearing a green shirt and shorts""]","B","A person with short blonde hair wearing a white shirt","Jake","https://huggingface.co/datasets/lmms-lab/EgoLife/resolve/main/A1_JAKE/DAY6/DAY6_A1_JAKE_11463000.mp4","Shure","https://huggingface.co/datasets/lmms-lab/EgoLife/resolve/main/A6_SHURE/DAY6/DAY6_A6_SHURE_11463000.mp4"
"egolife_rlhf_packet_ranking_v4","dbea4d3c4ab21c99f39c","day5_7_full_100","HM","pending","62","EGOLIFE2U_RANDOM_PAIR_CLIP_PRUNED_DAY6_11463000_A1_A6_0-1","6","EGOLIFE2U_RANDOM_PAIR_CLIP_PRUNED_DAY6_11463000_A1_A6_0-1::candidate_02","","","","","","false","","","2026-08-06T19:43:14.212Z","","0","I walked out to the patio and joined the group under the umbrella. When I was handed a small card with a drawing on it, who was standing right next to the whiteboard holding a marker?","[""A person with pink hair wearing a white sweater and a patterned skirt"",""A person with short blonde hair wearing a white shirt"",""A person with dark hair wearing a blue denim jacket"",""A person with dark hair wearing a pink shirt and patterned shorts"",""A person with dark hair wearing a green shirt and shorts""]","A","A person with pink hair wearing a white sweater and a patterned skirt","Jake","https://huggingface.co/datasets/lmms-lab/EgoLife/resolve/main/A1_JAKE/DAY6/DAY6_A1_JAKE_11463000.mp4","Shure","https://huggingface.co/datasets/lmms-lab/EgoLife/resolve/main/A6_SHURE/DAY6/DAY6_A6_SHURE_11463000.mp4"
"egolife_rlhf_packet_ranking_v4","dbea4d3c4ab21c99f39c","day5_7_full_100","HM","pending","63","EGOLIFE2U_RANDOM_PAIR_CLIP_PRUNED_DAY6_11510000_A3_A6_0-1","1","EGOLIFE2U_RANDOM_PAIR_CLIP_PRUNED_DAY6_11510000_A3_A6_0-1::candidate_02","","","","","","false","","","2026-08-06T19:43:14.383Z","","0","I was sorting through the items on the table and noticed the person with pink hair standing near the whiteboard. What kind of footwear was that person wearing?","[""Yellow slide sandals"",""Black athletic sneakers"",""White canvas shoes"",""Blue flip-flops"",""Brown leather boots""]","A","Yellow slide sandals","Tasha","https://huggingface.co/datasets/lmms-lab/EgoLife/resolve/main/A3_TASHA/DAY6/DAY6_A3_TASHA_11510000.mp4","Shure","https://huggingface.co/datasets/lmms-lab/EgoLife/resolve/main/A6_SHURE/DAY6/DAY6_A6_SHURE_11510000.mp4"
"egolife_rlhf_packet_ranking_v4","dbea4d3c4ab21c99f39c","day5_7_full_100","HM","pending","63","EGOLIFE2U_RANDOM_PAIR_CLIP_PRUNED_DAY6_11510000_A3_A6_0-1","2","EGOLIFE2U_RANDOM_PAIR_CLIP_PRUNED_DAY6_11510000_A3_A6_0-1::candidate_05","","","","","","false","","","2026-08-06T19:43:14.383Z","","0","I noticed the person with orange hair was standing by the whiteboard while I was unpacking. Where did they end up standing when they were looking over the table at the end?","[""They moved to stand next to the person sitting in the chair."",""They walked over to the wooden deck near the guitar case."",""They stayed standing in the same spot by the whiteboard."",""They moved to the far end of the table near the black package."",""They went inside the house through the blue door.""]","B","They walked over to the wooden deck near the guitar case.","Tasha","https://huggingface.co/datasets/lmms-lab/EgoLife/resolve/main/A3_TASHA/DAY6/DAY6_A3_TASHA_11510000.mp4","Shure","https://huggingface.co/datasets/lmms-lab/EgoLife/resolve/main/A6_SHURE/DAY6/DAY6_A6_SHURE_11510000.mp4"
"egolife_rlhf_packet_ranking_v4","dbea4d3c4ab21c99f39c","day5_7_full_100","HM","pending","63","EGOLIFE2U_RANDOM_PAIR_CLIP_PRUNED_DAY6_11510000_A3_A6_0-1","3","EGOLIFE2U_RANDOM_PAIR_CLIP_PRUNED_DAY6_11510000_A3_A6_0-1::candidate_01","","","","","","false","","","2026-08-06T19:43:14.383Z","","0","I was handling a black package on the table and noticed someone else working at the other end of the table near the whiteboard. What was that person wearing on their feet?","[""Yellow slide sandals"",""Black athletic sneakers"",""White canvas shoes"",""Blue flip-flops"",""Brown leather boots""]","A","Yellow slide sandals","Tasha","https://huggingface.co/datasets/lmms-lab/EgoLife/resolve/main/A3_TASHA/DAY6/DAY6_A3_TASHA_11510000.mp4","Shure","https://huggingface.co/datasets/lmms-lab/EgoLife/resolve/main/A6_SHURE/DAY6/DAY6_A6_SHURE_11510000.mp4"
"egolife_rlhf_packet_ranking_v4","dbea4d3c4ab21c99f39c","day5_7_full_100","HM","pending","63","EGOLIFE2U_RANDOM_PAIR_CLIP_PRUNED_DAY6_11510000_A3_A6_0-1","4","EGOLIFE2U_RANDOM_PAIR_CLIP_PRUNED_DAY6_11510000_A3_A6_0-1::candidate_03","","","","","","false","","","2026-08-06T19:43:14.383Z","","0","I was busy cutting open that long rolled package and handling the black shipping bags. While I was doing that, what was the person with pink hair wearing on their feet?","[""Yellow slide sandals"",""White athletic sneakers"",""Black leather boots"",""Blue canvas shoes"",""Brown loafers""]","A","Yellow slide sandals","Tasha","https://huggingface.co/datasets/lmms-lab/EgoLife/resolve/main/A3_TASHA/DAY6/DAY6_A3_TASHA_11510000.mp4","Shure","https://huggingface.co/datasets/lmms-lab/EgoLife/resolve/main/A6_SHURE/DAY6/DAY6_A6_SHURE_11510000.mp4"
"egolife_rlhf_packet_ranking_v4","dbea4d3c4ab21c99f39c","day5_7_full_100","HM","pending","63","EGOLIFE2U_RANDOM_PAIR_CLIP_PRUNED_DAY6_11510000_A3_A6_0-1","5","EGOLIFE2U_RANDOM_PAIR_CLIP_PRUNED_DAY6_11510000_A3_A6_0-1::candidate_04","","","","","","false","","","2026-08-06T19:43:14.383Z","","0","I was busy cutting open that long tube package on the table, but I couldn't see the person in the white shirt standing by the whiteboard. What color were the slippers they were wearing?","[""Bright yellow slides"",""White athletic sneakers"",""Black flip-flops"",""Navy blue sandals"",""Pink bunny slippers""]","A","Bright yellow slides","Tasha","https://huggingface.co/datasets/lmms-lab/EgoLife/resolve/main/A3_TASHA/DAY6/DAY6_A3_TASHA_11510000.mp4","Shure","https://huggingface.co/datasets/lmms-lab/EgoLife/resolve/main/A6_SHURE/DAY6/DAY6_A6_SHURE_11510000.mp4"
"egolife_rlhf_packet_ranking_v4","dbea4d3c4ab21c99f39c","day5_7_full_100","HM","pending","63","EGOLIFE2U_RANDOM_PAIR_CLIP_PRUNED_DAY6_11510000_A3_A6_0-1","6","EGOLIFE2U_RANDOM_PAIR_CLIP_PRUNED_DAY6_11510000_A3_A6_0-1::candidate_06","","","","","","false","","","2026-08-06T19:43:14.383Z","","0","I was cutting open a long rolled-up item while the person with orange hair was standing by the table. Where did they end up standing when they were looking over the table at the end?","[""They moved to stand next to the person sitting in the chair."",""They walked over to the wooden deck near the guitar case."",""They stayed standing in the same spot by the whiteboard."",""They moved to the far end of the table near the black package."",""They went inside the house through the blue door.""]","B","They walked over to the wooden deck near the guitar case.","Tasha","https://huggingface.co/datasets/lmms-lab/EgoLife/resolve/main/A3_TASHA/DAY6/DAY6_A3_TASHA_11510000.mp4","Shure","https://huggingface.co/datasets/lmms-lab/EgoLife/resolve/main/A6_SHURE/DAY6/DAY6_A6_SHURE_11510000.mp4"
"egolife_rlhf_packet_ranking_v4","dbea4d3c4ab21c99f39c","day5_7_full_100","HM","pending","64","EGOLIFE2U_RANDOM_PAIR_CLIP_PRUNED_DAY6_11540000_A1_A2_0-1","1","EGOLIFE2U_RANDOM_PAIR_CLIP_PRUNED_DAY6_11540000_A1_A2_0-1::candidate_04","","","","","","false","","","2026-08-06T19:43:14.572Z","","0","I was standing in the living room near the sofa and saw someone through the doorway to the bedroom, but I couldn't see what they were doing up close. What was that person doing up by the window frame?","[""Applying a strip of tape to the wall"",""Hanging a picture frame on the wall"",""Adjusting the curtain rod hardware"",""Measuring the width of the window"",""Cleaning the top of the door frame""]","A","Applying a strip of tape to the wall","Jake","https://huggingface.co/datasets/lmms-lab/EgoLife/resolve/main/A1_JAKE/DAY6/DAY6_A1_JAKE_11540000.mp4","Alice","https://huggingface.co/datasets/lmms-lab/EgoLife/resolve/main/A2_ALICE/DAY6/DAY6_A2_ALICE_11540000.mp4"
"egolife_rlhf_packet_ranking_v4","dbea4d3c4ab21c99f39c","day5_7_full_100","HM","pending","64","EGOLIFE2U_RANDOM_PAIR_CLIP_PRUNED_DAY6_11540000_A1_A2_0-1","2","EGOLIFE2U_RANDOM_PAIR_CLIP_PRUNED_DAY6_11540000_A1_A2_0-1::candidate_05","","","","","","false","","","2026-08-06T19:43:14.572Z","","0","I was looking toward the bedroom doorway and saw someone working on the wall above the window frame, but I couldn't quite tell what the white strip in their hands was. What kind of material was that person applying to the wall?","[""A roll of adhesive tape"",""A strip of wallpaper"",""A piece of cloth tape"",""A length of rope"",""A strip of painter's tape""]","A","A roll of adhesive tape","Jake","https://huggingface.co/datasets/lmms-lab/EgoLife/resolve/main/A1_JAKE/DAY6/DAY6_A1_JAKE_11540000.mp4","Alice","https://huggingface.co/datasets/lmms-lab/EgoLife/resolve/main/A2_ALICE/DAY6/DAY6_A2_ALICE_11540000.mp4"
"egolife_rlhf_packet_ranking_v4","dbea4d3c4ab21c99f39c","day5_7_full_100","HM","pending","64","EGOLIFE2U_RANDOM_PAIR_CLIP_PRUNED_DAY6_11540000_A1_A2_0-1","3","EGOLIFE2U_RANDOM_PAIR_CLIP_PRUNED_DAY6_11540000_A1_A2_0-1::candidate_06","","","","","","false","","","2026-08-06T19:43:14.572Z","","0","I was looking through the open doorway into the bedroom and noticed someone working on the bed. What specifically were they doing up there?","[""Making the bed and arranging the pillows"",""Sitting down to read a book"",""Hanging a curtain or installing something near the window"",""Cleaning the floor and picking up shoes"",""Using the laptop on the desk""]","C","Hanging a curtain or installing something near the window","Jake","https://huggingface.co/datasets/lmms-lab/EgoLife/resolve/main/A1_JAKE/DAY6/DAY6_A1_JAKE_11540000.mp4","Alice","https://huggingface.co/datasets/lmms-lab/EgoLife/resolve/main/A2_ALICE/DAY6/DAY6_A2_ALICE_11540000.mp4"
"egolife_rlhf_packet_ranking_v4","dbea4d3c4ab21c99f39c","day5_7_full_100","HM","pending","64","EGOLIFE2U_RANDOM_PAIR_CLIP_PRUNED_DAY6_11540000_A1_A2_0-1","4","EGOLIFE2U_RANDOM_PAIR_CLIP_PRUNED_DAY6_11540000_A1_A2_0-1::candidate_03","","","","","","false","","","2026-08-06T19:43:14.572Z","","0","I saw someone in the bedroom with the white bed and the projector screen, but I couldn't tell what they were handling. What kind of item was the person in the white shirt working with up by the window area?","[""a roll of white tape or adhesive strip"",""a cleaning cloth for the glass"",""a flower arrangement on the sill"",""a curtain rod or hanger"",""a window latch or handle""]","A","a roll of white tape or adhesive strip","Jake","https://huggingface.co/datasets/lmms-lab/EgoLife/resolve/main/A1_JAKE/DAY6/DAY6_A1_JAKE_11540000.mp4","Alice","https://huggingface.co/datasets/lmms-lab/EgoLife/resolve/main/A2_ALICE/DAY6/DAY6_A2_ALICE_11540000.mp4"
"egolife_rlhf_packet_ranking_v4","dbea4d3c4ab21c99f39c","day5_7_full_100","HM","pending","64","EGOLIFE2U_RANDOM_PAIR_CLIP_PRUNED_DAY6_11540000_A1_A2_0-1","5","EGOLIFE2U_RANDOM_PAIR_CLIP_PRUNED_DAY6_11540000_A1_A2_0-1::candidate_02","","","","","","false","","","2026-08-06T19:43:14.572Z","","0","I saw someone working in the room with the bed and a large projection screen, but I couldn't tell exactly what they were doing. What specific task was the person in the white shirt performing up by the window area?","[""hanging or adjusting something on the wall near the top of the window frame"",""folding laundry and placing it on the bed"",""cleaning the window glass with a cloth"",""opening the window to let in fresh air"",""watering the potted plant on the desk""]","A","hanging or adjusting something on the wall near the top of the window frame","Jake","https://huggingface.co/datasets/lmms-lab/EgoLife/resolve/main/A1_JAKE/DAY6/DAY6_A1_JAKE_11540000.mp4","Alice","https://huggingface.co/datasets/lmms-lab/EgoLife/resolve/main/A2_ALICE/DAY6/DAY6_A2_ALICE_11540000.mp4"
"egolife_rlhf_packet_ranking_v4","dbea4d3c4ab21c99f39c","day5_7_full_100","HM","pending","64","EGOLIFE2U_RANDOM_PAIR_CLIP_PRUNED_DAY6_11540000_A1_A2_0-1","6","EGOLIFE2U_RANDOM_PAIR_CLIP_PRUNED_DAY6_11540000_A1_A2_0-1::candidate_01","","","","","","false","","","2026-08-06T19:43:14.572Z","","0","I saw you in the bedroom area earlier near the bed, but I couldn't get a good look at what you were holding. What was the small white roll-like object you were handling with both hands near the window?","[""a roll of white adhesive tape"",""a roll of paper towels"",""a spool of thread"",""a roll of plastic wrap"",""a roll of wrapping paper""]","A","a roll of white adhesive tape","Jake","https://huggingface.co/datasets/lmms-lab/EgoLife/resolve/main/A1_JAKE/DAY6/DAY6_A1_JAKE_11540000.mp4","Alice","https://huggingface.co/datasets/lmms-lab/EgoLife/resolve/main/A2_ALICE/DAY6/DAY6_A2_ALICE_11540000.mp4"
"egolife_rlhf_packet_ranking_v4","dbea4d3c4ab21c99f39c","day5_7_full_100","HM","pending","65","EGOLIFE2U_RANDOM_PAIR_CLIP_PRUNED_DAY6_12353000_A4_A6_0-1","1","EGOLIFE2U_RANDOM_PAIR_CLIP_PRUNED_DAY6_12353000_A4_A6_0-1::candidate_04","","","","","","false","","","2026-08-06T19:43:14.741Z","","0","I was organizing the items on the cart near the blue cabinet, but I couldn't see who was sitting on the couch in the main living area with the piano. Which person was sitting on the couch with a laptop?","[""The person wearing a white dress"",""The person in the dark t-shirt and jeans"",""The person standing by the kitchen window"",""The person playing the keyboard"",""The person walking through the doorway""]","B","The person in the dark t-shirt and jeans","Lucia","https://huggingface.co/datasets/lmms-lab/EgoLife/resolve/main/A4_LUCIA/DAY6/DAY6_A4_LUCIA_12353000.mp4","Shure","https://huggingface.co/datasets/lmms-lab/EgoLife/resolve/main/A6_SHURE/DAY6/DAY6_A6_SHURE_12353000.mp4"
"egolife_rlhf_packet_ranking_v4","dbea4d3c4ab21c99f39c","day5_7_full_100","HM","pending","65","EGOLIFE2U_RANDOM_PAIR_CLIP_PRUNED_DAY6_12353000_A4_A6_0-1","2","EGOLIFE2U_RANDOM_PAIR_CLIP_PRUNED_DAY6_12353000_A4_A6_0-1::candidate_03","","","","","","false","","","2026-08-06T19:43:14.741Z","","0","I was in the bedroom near the blue table and couldn't see the living room. Was the person in the dark green t-shirt sitting on the sofa using a laptop?","[""Yes, they had a laptop open on their lap"",""No, they were holding a smartphone"",""No, they were holding a book"",""Yes, but they were holding a tablet"",""No, they were not holding any device""]","A","Yes, they had a laptop open on their lap","Lucia","https://huggingface.co/datasets/lmms-lab/EgoLife/resolve/main/A4_LUCIA/DAY6/DAY6_A4_LUCIA_12353000.mp4","Shure","https://huggingface.co/datasets/lmms-lab/EgoLife/resolve/main/A6_SHURE/DAY6/DAY6_A6_SHURE_12353000.mp4"
"egolife_rlhf_packet_ranking_v4","dbea4d3c4ab21c99f39c","day5_7_full_100","HM","pending","65","EGOLIFE2U_RANDOM_PAIR_CLIP_PRUNED_DAY6_12353000_A4_A6_0-1","3","EGOLIFE2U_RANDOM_PAIR_CLIP_PRUNED_DAY6_12353000_A4_A6_0-1::candidate_01","","","","","","false","","","2026-08-06T19:43:14.741Z","","0","I was just busy organizing my things in the bedroom, but I noticed someone was in the living room area. What was the person wearing the green shirt doing?","[""Playing the keyboard on the floor"",""Standing by the window in the kitchen"",""Sitting on the sofa using a laptop"",""Sitting on the sofa in a white dress"",""Cleaning up the table""]","C","Sitting on the sofa using a laptop","Lucia","https://huggingface.co/datasets/lmms-lab/EgoLife/resolve/main/A4_LUCIA/DAY6/DAY6_A4_LUCIA_12353000.mp4","Shure","https://huggingface.co/datasets/lmms-lab/EgoLife/resolve/main/A6_SHURE/DAY6/DAY6_A6_SHURE_12353000.mp4"
"egolife_rlhf_packet_ranking_v4","dbea4d3c4ab21c99f39c","day5_7_full_100","HM","pending","65","EGOLIFE2U_RANDOM_PAIR_CLIP_PRUNED_DAY6_12353000_A4_A6_0-1","4","EGOLIFE2U_RANDOM_PAIR_CLIP_PRUNED_DAY6_12353000_A4_A6_0-1::candidate_05","","","","","","false","","","2026-08-06T19:43:14.741Z","","0","I was organizing items on the small metal cart with the blue bag, but I couldn't see the rest of the room. Who was sitting on the brown sofa in the living room?","[""The person in the white dress"",""The person in the dark t-shirt and jeans"",""The person standing by the kitchen window"",""The person playing the keyboard"",""The person walking through the doorway""]","B","The person in the dark t-shirt and jeans","Lucia","https://huggingface.co/datasets/lmms-lab/EgoLife/resolve/main/A4_LUCIA/DAY6/DAY6_A4_LUCIA_12353000.mp4","Shure","https://huggingface.co/datasets/lmms-lab/EgoLife/resolve/main/A6_SHURE/DAY6/DAY6_A6_SHURE_12353000.mp4"
"egolife_rlhf_packet_ranking_v4","dbea4d3c4ab21c99f39c","day5_7_full_100","HM","pending","65","EGOLIFE2U_RANDOM_PAIR_CLIP_PRUNED_DAY6_12353000_A4_A6_0-1","5","EGOLIFE2U_RANDOM_PAIR_CLIP_PRUNED_DAY6_12353000_A4_A6_0-1::candidate_06","","","","","","false","","","2026-08-06T19:43:14.741Z","","0","I was just digging through my bag on that metal cart, and I couldn't see anyone else clearly. Who was sitting on the brown sofa in the living room?","[""The person in the white dress"",""The person in the dark t-shirt and jeans"",""The person standing by the kitchen window"",""The person playing the keyboard"",""The person walking through the doorway""]","B","The person in the dark t-shirt and jeans","Lucia","https://huggingface.co/datasets/lmms-lab/EgoLife/resolve/main/A4_LUCIA/DAY6/DAY6_A4_LUCIA_12353000.mp4","Shure","https://huggingface.co/datasets/lmms-lab/EgoLife/resolve/main/A6_SHURE/DAY6/DAY6_A6_SHURE_12353000.mp4"
"egolife_rlhf_packet_ranking_v4","dbea4d3c4ab21c99f39c","day5_7_full_100","HM","pending","65","EGOLIFE2U_RANDOM_PAIR_CLIP_PRUNED_DAY6_12353000_A4_A6_0-1","6","EGOLIFE2U_RANDOM_PAIR_CLIP_PRUNED_DAY6_12353000_A4_A6_0-1::candidate_02","","","","","","false","","","2026-08-06T19:43:14.741Z","","0","I was organizing my stuff in the bedroom and didn't see the main living area. In the room with the piano keyboard, who was the person sitting on the floor playing it?","[""A person wearing a white dress"",""A person wearing a dark green shirt"",""A person wearing a grey t-shirt"",""A person wearing a white shirt"",""A person wearing a black jacket""]","D","A person wearing a white shirt","Lucia","https://huggingface.co/datasets/lmms-lab/EgoLife/resolve/main/A4_LUCIA/DAY6/DAY6_A4_LUCIA_12353000.mp4","Shure","https://huggingface.co/datasets/lmms-lab/EgoLife/resolve/main/A6_SHURE/DAY6/DAY6_A6_SHURE_12353000.mp4"
"egolife_rlhf_packet_ranking_v4","dbea4d3c4ab21c99f39c","day5_7_full_100","HM","pending","66","EGOLIFE2U_RANDOM_PAIR_CLIP_PRUNED_DAY6_12580000_A1_A3_0-1","1","EGOLIFE2U_RANDOM_PAIR_CLIP_PRUNED_DAY6_12580000_A1_A3_0-1::candidate_03","","","","","","false","","","2026-08-06T19:43:14.911Z","","0","I was using the laptop in the room with the black marble floor before heading to the stairs. In the other room with the pink cartoon dog rug, what kind of fan did you use?","[""A handheld folding fan"",""A large standing floor fan"",""A small USB desk fan"",""An electric oscillating fan"",""A ceiling-mounted fan""]","A","A handheld folding fan","Jake","https://huggingface.co/datasets/lmms-lab/EgoLife/resolve/main/A1_JAKE/DAY6/DAY6_A1_JAKE_12580000.mp4","Tasha","https://huggingface.co/datasets/lmms-lab/EgoLife/resolve/main/A3_TASHA/DAY6/DAY6_A3_TASHA_12580000.mp4"
"egolife_rlhf_packet_ranking_v4","dbea4d3c4ab21c99f39c","day5_7_full_100","HM","pending","66","EGOLIFE2U_RANDOM_PAIR_CLIP_PRUNED_DAY6_12580000_A1_A3_0-1","2","EGOLIFE2U_RANDOM_PAIR_CLIP_PRUNED_DAY6_12580000_A1_A3_0-1::candidate_04","","","","","","false","","","2026-08-06T19:43:14.911Z","","0","I noticed a large pinkish stuffed toy on the bed in the bedroom with the yellow sheets. What kind of animal is it?","[""A pink octopus"",""A pink bear"",""A pink cat"",""A pink rabbit"",""A pink dog""]","A","A pink octopus","Jake","https://huggingface.co/datasets/lmms-lab/EgoLife/resolve/main/A1_JAKE/DAY6/DAY6_A1_JAKE_12580000.mp4","Tasha","https://huggingface.co/datasets/lmms-lab/EgoLife/resolve/main/A3_TASHA/DAY6/DAY6_A3_TASHA_12580000.mp4"
"egolife_rlhf_packet_ranking_v4","dbea4d3c4ab21c99f39c","day5_7_full_100","HM","pending","66","EGOLIFE2U_RANDOM_PAIR_CLIP_PRUNED_DAY6_12580000_A1_A3_0-1","3","EGOLIFE2U_RANDOM_PAIR_CLIP_PRUNED_DAY6_12580000_A1_A3_0-1::candidate_01","","","","","","false","","","2026-08-06T19:43:14.911Z","","0","After I left the room where the laptop was set up and started walking up the stairs, what did you do with that package you were holding?","[""I placed it inside a wooden shelf next to the bed"",""I put it down on the floor rug with the cartoon dogs"",""I left it on the windowsill by the curtains"",""I handed it to the person sitting on the sofa"",""I opened it and kept the contents in my hand""]","A","I placed it inside a wooden shelf next to the bed","Jake","https://huggingface.co/datasets/lmms-lab/EgoLife/resolve/main/A1_JAKE/DAY6/DAY6_A1_JAKE_12580000.mp4","Tasha","https://huggingface.co/datasets/lmms-lab/EgoLife/resolve/main/A3_TASHA/DAY6/DAY6_A3_TASHA_12580000.mp4"
"egolife_rlhf_packet_ranking_v4","dbea4d3c4ab21c99f39c","day5_7_full_100","HM","pending","66","EGOLIFE2U_RANDOM_PAIR_CLIP_PRUNED_DAY6_12580000_A1_A3_0-1","4","EGOLIFE2U_RANDOM_PAIR_CLIP_PRUNED_DAY6_12580000_A1_A3_0-1::candidate_02","","","","","","false","","","2026-08-06T19:43:14.911Z","","0","I saw you were holding a small plastic package with a pink item inside when I was passing through the hallway. Where did you end up putting that package?","[""Inside a wooden shelf or cubby next to the bed"",""On top of the bed with the floral patterned quilt"",""On the floor rug with the cartoon dog design"",""In a cardboard box near the window"",""On the windowsill near the curtains""]","A","Inside a wooden shelf or cubby next to the bed","Jake","https://huggingface.co/datasets/lmms-lab/EgoLife/resolve/main/A1_JAKE/DAY6/DAY6_A1_JAKE_12580000.mp4","Tasha","https://huggingface.co/datasets/lmms-lab/EgoLife/resolve/main/A3_TASHA/DAY6/DAY6_A3_TASHA_12580000.mp4"
"egolife_rlhf_packet_ranking_v4","dbea4d3c4ab21c99f39c","day5_7_full_100","HM","pending","66","EGOLIFE2U_RANDOM_PAIR_CLIP_PRUNED_DAY6_12580000_A1_A3_0-1","5","EGOLIFE2U_RANDOM_PAIR_CLIP_PRUNED_DAY6_12580000_A1_A3_0-1::candidate_05","","","","","","false","","","2026-08-06T19:43:14.911Z","","0","I saw a person sitting on the brown sofa in the living room while I was walking around. What were they wearing on their feet?","[""White sneakers"",""Pink slippers"",""Black boots"",""Blue sandals"",""Bare feet""]","A","White sneakers","Jake","https://huggingface.co/datasets/lmms-lab/EgoLife/resolve/main/A1_JAKE/DAY6/DAY6_A1_JAKE_12580000.mp4","Tasha","https://huggingface.co/datasets/lmms-lab/EgoLife/resolve/main/A3_TASHA/DAY6/DAY6_A3_TASHA_12580000.mp4"
"egolife_rlhf_packet_ranking_v4","dbea4d3c4ab21c99f39c","day5_7_full_100","HM","pending","66","EGOLIFE2U_RANDOM_PAIR_CLIP_PRUNED_DAY6_12580000_A1_A3_0-1","6","EGOLIFE2U_RANDOM_PAIR_CLIP_PRUNED_DAY6_12580000_A1_A3_0-1::candidate_06","","","","","","false","","","2026-08-06T19:43:14.911Z","","0","I remember seeing a rug with a cartoon character on it while I was in the living area. What text is written inside the oval shape on that rug?","[""The word 'Nice'"",""The word 'Love'"",""The word 'Hello'"",""The word 'Peace'"",""No text is visible""]","A","The word 'Nice'","Jake","https://huggingface.co/datasets/lmms-lab/EgoLife/resolve/main/A1_JAKE/DAY6/DAY6_A1_JAKE_12580000.mp4","Tasha","https://huggingface.co/datasets/lmms-lab/EgoLife/resolve/main/A3_TASHA/DAY6/DAY6_A3_TASHA_12580000.mp4"
"egolife_rlhf_packet_ranking_v4","dbea4d3c4ab21c99f39c","day5_7_full_100","HM","pending","67","EGOLIFE2U_RANDOM_PAIR_CLIP_PRUNED_DAY6_14440000_A2_A3_0-1","1","EGOLIFE2U_RANDOM_PAIR_CLIP_PRUNED_DAY6_14440000_A2_A3_0-1::candidate_06","","","","","","false","","","2026-08-06T19:43:15.083Z","","0","I was just looking at myself in the mirror near the projector screen and noticed I was holding a small black object. What is the large circular roll of yellow tape that was sitting on the desk in the other room?","[""A roll of packing tape with red lettering"",""A roll of clear scotch tape"",""A roll of wide black electrical tape"",""A roll of white masking tape"",""A roll of decorative washi tape""]","A","A roll of packing tape with red lettering","Alice","https://huggingface.co/datasets/lmms-lab/EgoLife/resolve/main/A2_ALICE/DAY6/DAY6_A2_ALICE_14440000.mp4","Tasha","https://huggingface.co/datasets/lmms-lab/EgoLife/resolve/main/A3_TASHA/DAY6/DAY6_A3_TASHA_14440000.mp4"
"egolife_rlhf_packet_ranking_v4","dbea4d3c4ab21c99f39c","day5_7_full_100","HM","pending","67","EGOLIFE2U_RANDOM_PAIR_CLIP_PRUNED_DAY6_14440000_A2_A3_0-1","2","EGOLIFE2U_RANDOM_PAIR_CLIP_PRUNED_DAY6_14440000_A2_A3_0-1::candidate_01","","","","","","false","","","2026-08-06T19:43:15.083Z","","0","I was helping with the setup in the living room and didn't get a good look at the workspace in the other room. What was sitting on the desk next to the laptop in the room with the octopus poster?","[""A roll of yellow tape"",""A black webcam"",""A stack of books"",""A white coffee mug"",""A pair of headphones""]","A","A roll of yellow tape","Alice","https://huggingface.co/datasets/lmms-lab/EgoLife/resolve/main/A2_ALICE/DAY6/DAY6_A2_ALICE_14440000.mp4","Tasha","https://huggingface.co/datasets/lmms-lab/EgoLife/resolve/main/A3_TASHA/DAY6/DAY6_A3_TASHA_14440000.mp4"
"egolife_rlhf_packet_ranking_v4","dbea4d3c4ab21c99f39c","day5_7_full_100","HM","pending","67","EGOLIFE2U_RANDOM_PAIR_CLIP_PRUNED_DAY6_14440000_A2_A3_0-1","3","EGOLIFE2U_RANDOM_PAIR_CLIP_PRUNED_DAY6_14440000_A2_A3_0-1::candidate_05","","","","","","false","","","2026-08-06T19:43:15.083Z","","0","I was in the living room dealing with the projector screen, but I couldn't see the desk in the bedroom with the bed and the cartoon poster. What was sitting on the desk to the left of the laptop?","[""a roll of yellow tape"",""a black external hard drive"",""a white desk lamp"",""a stack of books"",""a small potted plant""]","A","a roll of yellow tape","Alice","https://huggingface.co/datasets/lmms-lab/EgoLife/resolve/main/A2_ALICE/DAY6/DAY6_A2_ALICE_14440000.mp4","Tasha","https://huggingface.co/datasets/lmms-lab/EgoLife/resolve/main/A3_TASHA/DAY6/DAY6_A3_TASHA_14440000.mp4"
"egolife_rlhf_packet_ranking_v4","dbea4d3c4ab21c99f39c","day5_7_full_100","HM","pending","67","EGOLIFE2U_RANDOM_PAIR_CLIP_PRUNED_DAY6_14440000_A2_A3_0-1","4","EGOLIFE2U_RANDOM_PAIR_CLIP_PRUNED_DAY6_14440000_A2_A3_0-1::candidate_03","","","","","","false","","","2026-08-06T19:43:15.083Z","","0","I was in the room with the large projector screen and mirror, but I couldn't see into the other room. On the desk in that other room, what was sitting to the left of the laptop?","[""a black external hard drive"",""a silver printer"",""a small potted plant"",""a stack of books"",""a white desk lamp""]","B","a silver printer","Alice","https://huggingface.co/datasets/lmms-lab/EgoLife/resolve/main/A2_ALICE/DAY6/DAY6_A2_ALICE_14440000.mp4","Tasha","https://huggingface.co/datasets/lmms-lab/EgoLife/resolve/main/A3_TASHA/DAY6/DAY6_A3_TASHA_14440000.mp4"
"egolife_rlhf_packet_ranking_v4","dbea4d3c4ab21c99f39c","day5_7_full_100","HM","pending","67","EGOLIFE2U_RANDOM_PAIR_CLIP_PRUNED_DAY6_14440000_A2_A3_0-1","5","EGOLIFE2U_RANDOM_PAIR_CLIP_PRUNED_DAY6_14440000_A2_A3_0-1::candidate_02","","","","","","false","","","2026-08-06T19:43:15.083Z","","0","I was setting up the table and didn't get a good look at the workspace in the room with the octopus poster. What was sitting on the desk next to the laptop in that room?","[""A roll of yellow tape"",""A black webcam"",""A stack of books"",""A white coffee mug"",""A pair of headphones""]","A","A roll of yellow tape","Alice","https://huggingface.co/datasets/lmms-lab/EgoLife/resolve/main/A2_ALICE/DAY6/DAY6_A2_ALICE_14440000.mp4","Tasha","https://huggingface.co/datasets/lmms-lab/EgoLife/resolve/main/A3_TASHA/DAY6/DAY6_A3_TASHA_14440000.mp4"
"egolife_rlhf_packet_ranking_v4","dbea4d3c4ab21c99f39c","day5_7_full_100","HM","pending","67","EGOLIFE2U_RANDOM_PAIR_CLIP_PRUNED_DAY6_14440000_A2_A3_0-1","6","EGOLIFE2U_RANDOM_PAIR_CLIP_PRUNED_DAY6_14440000_A2_A3_0-1::candidate_04","","","","","","false","","","2026-08-06T19:43:15.083Z","","0","I was standing in the living room with the projector screen, but I couldn't see the desk in the bedroom with the bed and the cartoon poster. What was sitting on the desk to the left of the laptop?","[""a roll of yellow tape"",""a black external hard drive"",""a white desk lamp"",""a stack of books"",""a small potted plant""]","B","a black external hard drive","Alice","https://huggingface.co/datasets/lmms-lab/EgoLife/resolve/main/A2_ALICE/DAY6/DAY6_A2_ALICE_14440000.mp4","Tasha","https://huggingface.co/datasets/lmms-lab/EgoLife/resolve/main/A3_TASHA/DAY6/DAY6_A3_TASHA_14440000.mp4"
"egolife_rlhf_packet_ranking_v4","dbea4d3c4ab21c99f39c","day5_7_full_100","HM","pending","68","EGOLIFE2U_RANDOM_PAIR_CLIP_PRUNED_DAY6_15023000_A2_A3_0-1","1","EGOLIFE2U_RANDOM_PAIR_CLIP_PRUNED_DAY6_15023000_A2_A3_0-1::candidate_05","","","","","","false","","","2026-08-06T19:43:15.270Z","","0","I was busy handling the dough and looking at my phone near the table with the red fridge. I couldn't see the person in the green jacket who went to the kitchen area. What did they take out of the red refrigerator?","[""A silver packet or foil pouch"",""A carton of milk"",""A bag of frozen vegetables"",""A container of yogurt"",""A bottle of juice""]","A","A silver packet or foil pouch","Alice","https://huggingface.co/datasets/lmms-lab/EgoLife/resolve/main/A2_ALICE/DAY6/DAY6_A2_ALICE_15023000.mp4","Tasha","https://huggingface.co/datasets/lmms-lab/EgoLife/resolve/main/A3_TASHA/DAY6/DAY6_A3_TASHA_15023000.mp4"
"egolife_rlhf_packet_ranking_v4","dbea4d3c4ab21c99f39c","day5_7_full_100","HM","pending","68","EGOLIFE2U_RANDOM_PAIR_CLIP_PRUNED_DAY6_15023000_A2_A3_0-1","2","EGOLIFE2U_RANDOM_PAIR_CLIP_PRUNED_DAY6_15023000_A2_A3_0-1::candidate_02","","","","","","false","","","2026-08-06T19:43:15.270Z","","0","I was just holding a big lump of dough in my hands at the table, but I can't remember where it came from. Was it taken out of that red refrigerator?","[""Yes, it was taken out of the red refrigerator"",""No, it was brought in from the backyard"",""No, it was already on the kitchen counter"",""No, it was inside a plastic bag on the floor"",""Yes, it was taken out of a white microwave""]","A","Yes, it was taken out of the red refrigerator","Alice","https://huggingface.co/datasets/lmms-lab/EgoLife/resolve/main/A2_ALICE/DAY6/DAY6_A2_ALICE_15023000.mp4","Tasha","https://huggingface.co/datasets/lmms-lab/EgoLife/resolve/main/A3_TASHA/DAY6/DAY6_A3_TASHA_15023000.mp4"
"egolife_rlhf_packet_ranking_v4","dbea4d3c4ab21c99f39c","day5_7_full_100","HM","pending","68","EGOLIFE2U_RANDOM_PAIR_CLIP_PRUNED_DAY6_15023000_A2_A3_0-1","3","EGOLIFE2U_RANDOM_PAIR_CLIP_PRUNED_DAY6_15023000_A2_A3_0-1::candidate_03","","","","","","false","","","2026-08-06T19:43:15.270Z","","0","I was holding a large lump of dough in my hands while standing near the table with the projector screen. I can't remember where I got it from. Was it taken out of the red refrigerator?","[""Yes, it was taken out of the red refrigerator"",""No, it was brought in from the backyard"",""No, it was already on the kitchen counter"",""No, it was inside a plastic bag on the floor"",""Yes, it was taken out of a white microwave""]","A","Yes, it was taken out of the red refrigerator","Alice","https://huggingface.co/datasets/lmms-lab/EgoLife/resolve/main/A2_ALICE/DAY6/DAY6_A2_ALICE_15023000.mp4","Tasha","https://huggingface.co/datasets/lmms-lab/EgoLife/resolve/main/A3_TASHA/DAY6/DAY6_A3_TASHA_15023000.mp4"
"egolife_rlhf_packet_ranking_v4","dbea4d3c4ab21c99f39c","day5_7_full_100","HM","pending","68","EGOLIFE2U_RANDOM_PAIR_CLIP_PRUNED_DAY6_15023000_A2_A3_0-1","4","EGOLIFE2U_RANDOM_PAIR_CLIP_PRUNED_DAY6_15023000_A2_A3_0-1::candidate_04","","","","","","false","","","2026-08-06T19:43:15.270Z","","0","I was busy looking at my phone and holding a piece of dough near the table with the red fridge nearby, but I couldn't see what was happening in the kitchen area. Did the person wearing the green jacket in the kitchen manage to grab the ingredients they needed from the red refrigerator?","[""Yes, they opened the refrigerator and took out a silver packet"",""No, they looked inside but left the door open and walked away"",""Yes, they took out a carton of milk and closed the door"",""No, the refrigerator was empty and they went to the pantry"",""Yes, they retrieved a large bag of frozen vegetables""]","A","Yes, they opened the refrigerator and took out a silver packet","Alice","https://huggingface.co/datasets/lmms-lab/EgoLife/resolve/main/A2_ALICE/DAY6/DAY6_A2_ALICE_15023000.mp4","Tasha","https://huggingface.co/datasets/lmms-lab/EgoLife/resolve/main/A3_TASHA/DAY6/DAY6_A3_TASHA_15023000.mp4"
"egolife_rlhf_packet_ranking_v4","dbea4d3c4ab21c99f39c","day5_7_full_100","HM","pending","68","EGOLIFE2U_RANDOM_PAIR_CLIP_PRUNED_DAY6_15023000_A2_A3_0-1","5","EGOLIFE2U_RANDOM_PAIR_CLIP_PRUNED_DAY6_15023000_A2_A3_0-1::candidate_06","","","","","","false","","","2026-08-06T19:43:15.270Z","","0","I was holding a ball of dough and checking my phone while standing in the room with the red refrigerator. I couldn't see what the person in the green jacket was doing in the kitchen area. What did they take out of the red refrigerator?","[""A silver packet or foil pouch"",""A carton of milk"",""A bag of frozen vegetables"",""A container of yogurt"",""A bottle of juice""]","A","A silver packet or foil pouch","Alice","https://huggingface.co/datasets/lmms-lab/EgoLife/resolve/main/A2_ALICE/DAY6/DAY6_A2_ALICE_15023000.mp4","Tasha","https://huggingface.co/datasets/lmms-lab/EgoLife/resolve/main/A3_TASHA/DAY6/DAY6_A3_TASHA_15023000.mp4"
"egolife_rlhf_packet_ranking_v4","dbea4d3c4ab21c99f39c","day5_7_full_100","HM","pending","68","EGOLIFE2U_RANDOM_PAIR_CLIP_PRUNED_DAY6_15023000_A2_A3_0-1","6","EGOLIFE2U_RANDOM_PAIR_CLIP_PRUNED_DAY6_15023000_A2_A3_0-1::candidate_01","","","","","","false","","","2026-08-06T19:43:15.270Z","","0","I was just holding a big lump of dough in my hands at the table, but I can't remember where it came from. Was it taken out of that red refrigerator?","[""Yes, it was taken out of the red refrigerator"",""No, it was brought in from the backyard"",""No, it was already on the kitchen counter"",""No, it was inside a plastic bag on the floor"",""Yes, it was taken out of a white microwave""]","A","Yes, it was taken out of the red refrigerator","Alice","https://huggingface.co/datasets/lmms-lab/EgoLife/resolve/main/A2_ALICE/DAY6/DAY6_A2_ALICE_15023000.mp4","Tasha","https://huggingface.co/datasets/lmms-lab/EgoLife/resolve/main/A3_TASHA/DAY6/DAY6_A3_TASHA_15023000.mp4"
"egolife_rlhf_packet_ranking_v4","dbea4d3c4ab21c99f39c","day5_7_full_100","HM","pending","69","EGOLIFE2U_RANDOM_PAIR_CLIP_PRUNED_DAY6_15230000_A1_A6_0-1","1","EGOLIFE2U_RANDOM_PAIR_CLIP_PRUNED_DAY6_15230000_A1_A6_0-1::candidate_05","","","","","","false","","","2026-08-06T19:43:15.443Z","","0","I saw people gathering in the room with the window and the low wooden table. What were they gathered around?","[""A low wooden table with yellow snacks on it"",""A large white dining table with chairs"",""A coffee table with a board game"",""A desk with multiple computer monitors"",""A kitchen counter with fruit bowls""]","A","A low wooden table with yellow snacks on it","Jake","https://huggingface.co/datasets/lmms-lab/EgoLife/resolve/main/A1_JAKE/DAY6/DAY6_A1_JAKE_15230000.mp4","Shure","https://huggingface.co/datasets/lmms-lab/EgoLife/resolve/main/A6_SHURE/DAY6/DAY6_A6_SHURE_15230000.mp4"
"egolife_rlhf_packet_ranking_v4","dbea4d3c4ab21c99f39c","day5_7_full_100","HM","pending","69","EGOLIFE2U_RANDOM_PAIR_CLIP_PRUNED_DAY6_15230000_A1_A6_0-1","2","EGOLIFE2U_RANDOM_PAIR_CLIP_PRUNED_DAY6_15230000_A1_A6_0-1::candidate_06","","","","","","false","","","2026-08-06T19:43:15.443Z","","0","I noticed a group of people gathering around a low wooden table in the room with the window. What was the distinctive item on the wall in that room that I couldn't see from my spot?","[""A large framed artwork with black cat faces"",""A large checkered board leaning against the wall"",""A vintage map of the city"",""A poster for a music festival"",""A set of framed family photos""]","B","A large checkered board leaning against the wall","Jake","https://huggingface.co/datasets/lmms-lab/EgoLife/resolve/main/A1_JAKE/DAY6/DAY6_A1_JAKE_15230000.mp4","Shure","https://huggingface.co/datasets/lmms-lab/EgoLife/resolve/main/A6_SHURE/DAY6/DAY6_A6_SHURE_15230000.mp4"
"egolife_rlhf_packet_ranking_v4","dbea4d3c4ab21c99f39c","day5_7_full_100","HM","pending","69","EGOLIFE2U_RANDOM_PAIR_CLIP_PRUNED_DAY6_15230000_A1_A6_0-1","3","EGOLIFE2U_RANDOM_PAIR_CLIP_PRUNED_DAY6_15230000_A1_A6_0-1::candidate_03","","","","","","false","","","2026-08-06T19:43:15.443Z","","0","I was watching the screen with the keyboard and laptop, but I couldn't see what was going on in the other room with the wooden table. What was the person sitting on the left side of that table doing?","[""holding a phone up to take a picture"",""pouring a drink from a pitcher"",""eating a piece of yellow food"",""passing a white plastic bag"",""talking on a landline phone""]","C","eating a piece of yellow food","Jake","https://huggingface.co/datasets/lmms-lab/EgoLife/resolve/main/A1_JAKE/DAY6/DAY6_A1_JAKE_15230000.mp4","Shure","https://huggingface.co/datasets/lmms-lab/EgoLife/resolve/main/A6_SHURE/DAY6/DAY6_A6_SHURE_15230000.mp4"
"egolife_rlhf_packet_ranking_v4","dbea4d3c4ab21c99f39c","day5_7_full_100","HM","pending","69","EGOLIFE2U_RANDOM_PAIR_CLIP_PRUNED_DAY6_15230000_A1_A6_0-1","4","EGOLIFE2U_RANDOM_PAIR_CLIP_PRUNED_DAY6_15230000_A1_A6_0-1::candidate_01","","","","","","false","","","2026-08-06T19:43:15.443Z","","0","I was hanging out in the room with the projector and keyboard, but I couldn't see what was going on at the low wooden table in the other room. What was the person in the white shirt doing while sitting there?","[""standing and talking with the group"",""sitting down and eating food"",""moving a yellow chair"",""standing by the window"",""playing on a laptop""]","B","sitting down and eating food","Jake","https://huggingface.co/datasets/lmms-lab/EgoLife/resolve/main/A1_JAKE/DAY6/DAY6_A1_JAKE_15230000.mp4","Shure","https://huggingface.co/datasets/lmms-lab/EgoLife/resolve/main/A6_SHURE/DAY6/DAY6_A6_SHURE_15230000.mp4"
"egolife_rlhf_packet_ranking_v4","dbea4d3c4ab21c99f39c","day5_7_full_100","HM","pending","69","EGOLIFE2U_RANDOM_PAIR_CLIP_PRUNED_DAY6_15230000_A1_A6_0-1","5","EGOLIFE2U_RANDOM_PAIR_CLIP_PRUNED_DAY6_15230000_A1_A6_0-1::candidate_02","","","","","","false","","","2026-08-06T19:43:15.443Z","","0","I saw a group of people hanging out around the low table in the other room, but I couldn't see what was on it. What food was on the table?","[""a tray of yellow snacks"",""a bowl of red fruit"",""a plate of sandwiches"",""a box of chocolate cake"",""a tray of sushi rolls""]","A","a tray of yellow snacks","Jake","https://huggingface.co/datasets/lmms-lab/EgoLife/resolve/main/A1_JAKE/DAY6/DAY6_A1_JAKE_15230000.mp4","Shure","https://huggingface.co/datasets/lmms-lab/EgoLife/resolve/main/A6_SHURE/DAY6/DAY6_A6_SHURE_15230000.mp4"
"egolife_rlhf_packet_ranking_v4","dbea4d3c4ab21c99f39c","day5_7_full_100","HM","pending","69","EGOLIFE2U_RANDOM_PAIR_CLIP_PRUNED_DAY6_15230000_A1_A6_0-1","6","EGOLIFE2U_RANDOM_PAIR_CLIP_PRUNED_DAY6_15230000_A1_A6_0-1::candidate_04","","","","","","false","","","2026-08-06T19:43:15.443Z","","0","I was in the room with the projector and keyboard, and I saw people gathering in the other room near the table. What were they gathered around?","[""A low wooden table with yellow snacks on it"",""A large white dining table with chairs"",""A coffee table with a board game"",""A desk with multiple computer monitors"",""A kitchen counter with fruit bowls""]","A","A low wooden table with yellow snacks on it","Jake","https://huggingface.co/datasets/lmms-lab/EgoLife/resolve/main/A1_JAKE/DAY6/DAY6_A1_JAKE_15230000.mp4","Shure","https://huggingface.co/datasets/lmms-lab/EgoLife/resolve/main/A6_SHURE/DAY6/DAY6_A6_SHURE_15230000.mp4"
"egolife_rlhf_packet_ranking_v4","dbea4d3c4ab21c99f39c","day5_7_full_100","HM","pending","70","EGOLIFE2U_RANDOM_PAIR_CLIP_PRUNED_DAY6_15333000_A2_A3_0-1","1","EGOLIFE2U_RANDOM_PAIR_CLIP_PRUNED_DAY6_15333000_A2_A3_0-1::candidate_05","","","","","","false","","","2026-08-06T19:43:15.610Z","","0","I remember seeing the chocolate cake on the wooden chair, but from where I was standing, I couldn't quite make out the dark toppings scattered on it. What specific small items were placed on top of that cake?","[""Mini white marshmallows"",""Red heart sprinkles"",""Chocolate chips"",""Chopped walnuts"",""White sugar crystals""]","C","Chocolate chips","Alice","https://huggingface.co/datasets/lmms-lab/EgoLife/resolve/main/A2_ALICE/DAY6/DAY6_A2_ALICE_15333000.mp4","Tasha","https://huggingface.co/datasets/lmms-lab/EgoLife/resolve/main/A3_TASHA/DAY6/DAY6_A3_TASHA_15333000.mp4"
"egolife_rlhf_packet_ranking_v4","dbea4d3c4ab21c99f39c","day5_7_full_100","HM","pending","70","EGOLIFE2U_RANDOM_PAIR_CLIP_PRUNED_DAY6_15333000_A2_A3_0-1","2","EGOLIFE2U_RANDOM_PAIR_CLIP_PRUNED_DAY6_15333000_A2_A3_0-1::candidate_03","","","","","","false","","","2026-08-06T19:43:15.610Z","","0","I saw a person in a red sleeveless top standing by the kitchen counter area, but I couldn't clearly see what they were doing with their hands. What was that person holding?","[""a smartphone"",""a wooden spoon"",""a kitchen towel"",""a small bowl"",""a bottle of sauce""]","A","a smartphone","Alice","https://huggingface.co/datasets/lmms-lab/EgoLife/resolve/main/A2_ALICE/DAY6/DAY6_A2_ALICE_15333000.mp4","Tasha","https://huggingface.co/datasets/lmms-lab/EgoLife/resolve/main/A3_TASHA/DAY6/DAY6_A3_TASHA_15333000.mp4"
"egolife_rlhf_packet_ranking_v4","dbea4d3c4ab21c99f39c","day5_7_full_100","HM","pending","70","EGOLIFE2U_RANDOM_PAIR_CLIP_PRUNED_DAY6_15333000_A2_A3_0-1","3","EGOLIFE2U_RANDOM_PAIR_CLIP_PRUNED_DAY6_15333000_A2_A3_0-1::candidate_01","","","","","","false","","","2026-08-06T19:43:15.610Z","","0","I saw someone in a red sleeveless top standing in the kitchen area, but I couldn't make out the color of her pants from my angle. What color were the pants she was wearing?","[""light blue jeans"",""black trousers"",""white sweatpants"",""grey athletic pants"",""dark denim jeans""]","A","light blue jeans","Alice","https://huggingface.co/datasets/lmms-lab/EgoLife/resolve/main/A2_ALICE/DAY6/DAY6_A2_ALICE_15333000.mp4","Tasha","https://huggingface.co/datasets/lmms-lab/EgoLife/resolve/main/A3_TASHA/DAY6/DAY6_A3_TASHA_15333000.mp4"
"egolife_rlhf_packet_ranking_v4","dbea4d3c4ab21c99f39c","day5_7_full_100","HM","pending","70","EGOLIFE2U_RANDOM_PAIR_CLIP_PRUNED_DAY6_15333000_A2_A3_0-1","4","EGOLIFE2U_RANDOM_PAIR_CLIP_PRUNED_DAY6_15333000_A2_A3_0-1::candidate_02","","","","","","false","","","2026-08-06T19:43:15.610Z","","0","I remember seeing a rectangular chocolate cake on a chair near the table, but I couldn't see what was on top of it. What were the small dark toppings on that cake?","[""chocolate chips"",""raisins"",""sprinkles"",""cherry halves"",""coconut flakes""]","A","chocolate chips","Alice","https://huggingface.co/datasets/lmms-lab/EgoLife/resolve/main/A2_ALICE/DAY6/DAY6_A2_ALICE_15333000.mp4","Tasha","https://huggingface.co/datasets/lmms-lab/EgoLife/resolve/main/A3_TASHA/DAY6/DAY6_A3_TASHA_15333000.mp4"
"egolife_rlhf_packet_ranking_v4","dbea4d3c4ab21c99f39c","day5_7_full_100","HM","pending","70","EGOLIFE2U_RANDOM_PAIR_CLIP_PRUNED_DAY6_15333000_A2_A3_0-1","5","EGOLIFE2U_RANDOM_PAIR_CLIP_PRUNED_DAY6_15333000_A2_A3_0-1::candidate_04","","","","","","false","","","2026-08-06T19:43:15.610Z","","0","I remember seeing the chocolate cake resting on a chair while we were in the kitchen, but from my position at the table, I couldn't see the top of it clearly. What specific item did the person in the green shirt use to decorate the cake while it was sitting there?","[""Small white marshmallows"",""Chocolate chips"",""Red sprinkles"",""White frosting swirls"",""Chopped nuts""]","B","Chocolate chips","Alice","https://huggingface.co/datasets/lmms-lab/EgoLife/resolve/main/A2_ALICE/DAY6/DAY6_A2_ALICE_15333000.mp4","Tasha","https://huggingface.co/datasets/lmms-lab/EgoLife/resolve/main/A3_TASHA/DAY6/DAY6_A3_TASHA_15333000.mp4"
"egolife_rlhf_packet_ranking_v4","dbea4d3c4ab21c99f39c","day5_7_full_100","HM","pending","70","EGOLIFE2U_RANDOM_PAIR_CLIP_PRUNED_DAY6_15333000_A2_A3_0-1","6","EGOLIFE2U_RANDOM_PAIR_CLIP_PRUNED_DAY6_15333000_A2_A3_0-1::candidate_06","","","","","","false","","","2026-08-06T19:43:15.610Z","","0","I saw the chocolate cake resting on the wooden chair, but I couldn't make out exactly what was on top of it. What kind of topping was scattered on the cake?","[""Chocolate chips"",""Mini white marshmallows"",""Red heart sprinkles"",""Chopped walnuts"",""White sugar crystals""]","A","Chocolate chips","Alice","https://huggingface.co/datasets/lmms-lab/EgoLife/resolve/main/A2_ALICE/DAY6/DAY6_A2_ALICE_15333000.mp4","Tasha","https://huggingface.co/datasets/lmms-lab/EgoLife/resolve/main/A3_TASHA/DAY6/DAY6_A3_TASHA_15333000.mp4"
"egolife_rlhf_packet_ranking_v4","dbea4d3c4ab21c99f39c","day5_7_full_100","HM","pending","71","EGOLIFE2U_RANDOM_PAIR_CLIP_PRUNED_DAY6_15353000_A2_A5_0-1","1","EGOLIFE2U_RANDOM_PAIR_CLIP_PRUNED_DAY6_15353000_A2_A5_0-1::candidate_03","","","","","","false","","","2026-08-06T19:43:15.790Z","","0","I saw a group of people gathered in the room with the projection screen displaying 'Welcome to egolife'. One person in that group was wearing a dark blue shirt. What color shirt was the person standing directly to their left wearing?","[""A green shirt"",""A white shirt"",""A black shirt"",""A red shirt"",""A grey shirt""]","A","A green shirt","Alice","https://huggingface.co/datasets/lmms-lab/EgoLife/resolve/main/A2_ALICE/DAY6/DAY6_A2_ALICE_15353000.mp4","Katrina","https://huggingface.co/datasets/lmms-lab/EgoLife/resolve/main/A5_KATRINA/DAY6/DAY6_A5_KATRINA_15353000.mp4"
"egolife_rlhf_packet_ranking_v4","dbea4d3c4ab21c99f39c","day5_7_full_100","HM","pending","71","EGOLIFE2U_RANDOM_PAIR_CLIP_PRUNED_DAY6_15353000_A2_A5_0-1","2","EGOLIFE2U_RANDOM_PAIR_CLIP_PRUNED_DAY6_15353000_A2_A5_0-1::candidate_04","","","","","","false","","","2026-08-06T19:43:15.790Z","","0","I'm looking at the room where I was sitting at the table with the tart tray. In the room where you were standing near the projector screen that says 'Welcome to egolife', what color shirt was the person standing in the middle of the group wearing?","[""A dark blue shirt with white text"",""A solid white t-shirt"",""A green or olive-colored shirt"",""A black shirt with a graphic"",""A red shirt""]","A","A dark blue shirt with white text","Alice","https://huggingface.co/datasets/lmms-lab/EgoLife/resolve/main/A2_ALICE/DAY6/DAY6_A2_ALICE_15353000.mp4","Katrina","https://huggingface.co/datasets/lmms-lab/EgoLife/resolve/main/A5_KATRINA/DAY6/DAY6_A5_KATRINA_15353000.mp4"
"egolife_rlhf_packet_ranking_v4","dbea4d3c4ab21c99f39c","day5_7_full_100","HM","pending","71","EGOLIFE2U_RANDOM_PAIR_CLIP_PRUNED_DAY6_15353000_A2_A5_0-1","3","EGOLIFE2U_RANDOM_PAIR_CLIP_PRUNED_DAY6_15353000_A2_A5_0-1::candidate_06","","","","","","false","","","2026-08-06T19:43:15.790Z","","0","I was sitting by the table with the tart tray, but I couldn't see what was on the projector screen in the room with the wooden floor cushions. What text or image was displayed on the screen there?","[""A slide with 'Welcome to egolife' and a pair of glasses"",""A solid blue background with no text"",""A large map of the city"",""A video playing of a cooking tutorial"",""A blank white screen""]","A","A slide with 'Welcome to egolife' and a pair of glasses","Alice","https://huggingface.co/datasets/lmms-lab/EgoLife/resolve/main/A2_ALICE/DAY6/DAY6_A2_ALICE_15353000.mp4","Katrina","https://huggingface.co/datasets/lmms-lab/EgoLife/resolve/main/A5_KATRINA/DAY6/DAY6_A5_KATRINA_15353000.mp4"
"egolife_rlhf_packet_ranking_v4","dbea4d3c4ab21c99f39c","day5_7_full_100","HM","pending","71","EGOLIFE2U_RANDOM_PAIR_CLIP_PRUNED_DAY6_15353000_A2_A5_0-1","4","EGOLIFE2U_RANDOM_PAIR_CLIP_PRUNED_DAY6_15353000_A2_A5_0-1::candidate_02","","","","","","false","","","2026-08-06T19:43:15.790Z","","0","While I was sitting at the table with the food, there was someone standing in the other room near the projection screen wearing a green shirt. What color shirt was the person standing right next to them wearing?","[""A blue shirt"",""A white shirt"",""A black shirt"",""A red shirt"",""A grey shirt""]","A","A blue shirt","Alice","https://huggingface.co/datasets/lmms-lab/EgoLife/resolve/main/A2_ALICE/DAY6/DAY6_A2_ALICE_15353000.mp4","Katrina","https://huggingface.co/datasets/lmms-lab/EgoLife/resolve/main/A5_KATRINA/DAY6/DAY6_A5_KATRINA_15353000.mp4"
"egolife_rlhf_packet_ranking_v4","dbea4d3c4ab21c99f39c","day5_7_full_100","HM","pending","71","EGOLIFE2U_RANDOM_PAIR_CLIP_PRUNED_DAY6_15353000_A2_A5_0-1","5","EGOLIFE2U_RANDOM_PAIR_CLIP_PRUNED_DAY6_15353000_A2_A5_0-1::candidate_01","","","","","","false","","","2026-08-06T19:43:15.790Z","","0","In the other room where the group is gathered near the projection screen, what color shirt was the person standing on the far left wearing?","[""A green t-shirt"",""A blue t-shirt"",""A white t-shirt"",""A black t-shirt"",""A grey t-shirt""]","A","A green t-shirt","Alice","https://huggingface.co/datasets/lmms-lab/EgoLife/resolve/main/A2_ALICE/DAY6/DAY6_A2_ALICE_15353000.mp4","Katrina","https://huggingface.co/datasets/lmms-lab/EgoLife/resolve/main/A5_KATRINA/DAY6/DAY6_A5_KATRINA_15353000.mp4"
"egolife_rlhf_packet_ranking_v4","dbea4d3c4ab21c99f39c","day5_7_full_100","HM","pending","71","EGOLIFE2U_RANDOM_PAIR_CLIP_PRUNED_DAY6_15353000_A2_A5_0-1","6","EGOLIFE2U_RANDOM_PAIR_CLIP_PRUNED_DAY6_15353000_A2_A5_0-1::candidate_05","","","","","","false","","","2026-08-06T19:43:15.790Z","","0","I was sitting by the table with the tart tray, but I couldn't see what was on the projector screen in the other room. What text or image was displayed on the screen there?","[""A slide with 'Welcome to egolife' and a pair of glasses"",""A solid blue background with no text"",""A large map of the city"",""A video playing of a cooking tutorial"",""A blank white screen""]","A","A slide with 'Welcome to egolife' and a pair of glasses","Alice","https://huggingface.co/datasets/lmms-lab/EgoLife/resolve/main/A2_ALICE/DAY6/DAY6_A2_ALICE_15353000.mp4","Katrina","https://huggingface.co/datasets/lmms-lab/EgoLife/resolve/main/A5_KATRINA/DAY6/DAY6_A5_KATRINA_15353000.mp4"
"egolife_rlhf_packet_ranking_v4","dbea4d3c4ab21c99f39c","day5_7_full_100","HM","pending","72","EGOLIFE2U_RANDOM_PAIR_CLIP_PRUNED_DAY6_15473000_A2_A3_0-1","1","EGOLIFE2U_RANDOM_PAIR_CLIP_PRUNED_DAY6_15473000_A2_A3_0-1::candidate_03","","","","","","false","","","2026-08-06T19:43:15.962Z","","0","I saw the person in the white top and long skirt moving around the kitchen area while we were preparing things. What specific appliance were they standing right in front of?","[""A white microwave oven"",""A tall red refrigerator"",""A stainless steel sink"",""A wooden cabinet"",""A washing machine""]","A","A white microwave oven","Alice","https://huggingface.co/datasets/lmms-lab/EgoLife/resolve/main/A2_ALICE/DAY6/DAY6_A2_ALICE_15473000.mp4","Tasha","https://huggingface.co/datasets/lmms-lab/EgoLife/resolve/main/A3_TASHA/DAY6/DAY6_A3_TASHA_15473000.mp4"
"egolife_rlhf_packet_ranking_v4","dbea4d3c4ab21c99f39c","day5_7_full_100","HM","pending","72","EGOLIFE2U_RANDOM_PAIR_CLIP_PRUNED_DAY6_15473000_A2_A3_0-1","2","EGOLIFE2U_RANDOM_PAIR_CLIP_PRUNED_DAY6_15473000_A2_A3_0-1::candidate_06","","","","","","false","","","2026-08-06T19:43:15.962Z","","0","I saw the person in the green jacket at the table using a hand mixer in a bowl. What other kitchen appliance was sitting right next to where they were mixing?","[""a red refrigerator"",""a white microwave"",""a black toaster"",""a silver kettle"",""a yellow blender""]","B","a white microwave","Alice","https://huggingface.co/datasets/lmms-lab/EgoLife/resolve/main/A2_ALICE/DAY6/DAY6_A2_ALICE_15473000.mp4","Tasha","https://huggingface.co/datasets/lmms-lab/EgoLife/resolve/main/A3_TASHA/DAY6/DAY6_A3_TASHA_15473000.mp4"
"egolife_rlhf_packet_ranking_v4","dbea4d3c4ab21c99f39c","day5_7_full_100","HM","pending","72","EGOLIFE2U_RANDOM_PAIR_CLIP_PRUNED_DAY6_15473000_A2_A3_0-1","3","EGOLIFE2U_RANDOM_PAIR_CLIP_PRUNED_DAY6_15473000_A2_A3_0-1::candidate_05","","","","","","false","","","2026-08-06T19:43:15.962Z","","0","I saw the person in the green jacket standing by the table with the baking supplies. What were they doing with the metal bowl on the table?","[""Whisking a mixture with an electric hand mixer"",""Slicing fruit with a kitchen knife"",""Washing the bowl with water"",""Stirring the contents with a wooden spoon"",""Packing the bowl into a cardboard box""]","A","Whisking a mixture with an electric hand mixer","Alice","https://huggingface.co/datasets/lmms-lab/EgoLife/resolve/main/A2_ALICE/DAY6/DAY6_A2_ALICE_15473000.mp4","Tasha","https://huggingface.co/datasets/lmms-lab/EgoLife/resolve/main/A3_TASHA/DAY6/DAY6_A3_TASHA_15473000.mp4"
"egolife_rlhf_packet_ranking_v4","dbea4d3c4ab21c99f39c","day5_7_full_100","HM","pending","72","EGOLIFE2U_RANDOM_PAIR_CLIP_PRUNED_DAY6_15473000_A2_A3_0-1","4","EGOLIFE2U_RANDOM_PAIR_CLIP_PRUNED_DAY6_15473000_A2_A3_0-1::candidate_02","","","","","","false","","","2026-08-06T19:43:15.962Z","","0","I saw the person in the green jacket mixing ingredients in a metal bowl near the kitchen counter. Which appliance was sitting directly next to where they were mixing?","[""A white microwave"",""A red refrigerator"",""A black coffee maker"",""A silver toaster oven"",""A white blender""]","A","A white microwave","Alice","https://huggingface.co/datasets/lmms-lab/EgoLife/resolve/main/A2_ALICE/DAY6/DAY6_A2_ALICE_15473000.mp4","Tasha","https://huggingface.co/datasets/lmms-lab/EgoLife/resolve/main/A3_TASHA/DAY6/DAY6_A3_TASHA_15473000.mp4"
"egolife_rlhf_packet_ranking_v4","dbea4d3c4ab21c99f39c","day5_7_full_100","HM","pending","72","EGOLIFE2U_RANDOM_PAIR_CLIP_PRUNED_DAY6_15473000_A2_A3_0-1","5","EGOLIFE2U_RANDOM_PAIR_CLIP_PRUNED_DAY6_15473000_A2_A3_0-1::candidate_01","","","","","","false","","","2026-08-06T19:43:15.962Z","","0","I noticed someone mixing ingredients in a metal bowl while we were hanging out in the living room. Which appliance was sitting right next to where they were mixing?","[""A white microwave"",""A red refrigerator"",""A black coffee maker"",""A silver toaster oven"",""A white blender""]","A","A white microwave","Alice","https://huggingface.co/datasets/lmms-lab/EgoLife/resolve/main/A2_ALICE/DAY6/DAY6_A2_ALICE_15473000.mp4","Tasha","https://huggingface.co/datasets/lmms-lab/EgoLife/resolve/main/A3_TASHA/DAY6/DAY6_A3_TASHA_15473000.mp4"
"egolife_rlhf_packet_ranking_v4","dbea4d3c4ab21c99f39c","day5_7_full_100","HM","pending","72","EGOLIFE2U_RANDOM_PAIR_CLIP_PRUNED_DAY6_15473000_A2_A3_0-1","6","EGOLIFE2U_RANDOM_PAIR_CLIP_PRUNED_DAY6_15473000_A2_A3_0-1::candidate_04","","","","","","false","","","2026-08-06T19:43:15.962Z","","0","I saw the person in the green jacket standing by the table with the baking supplies. What were they doing with the metal bowl on the table?","[""Whisking a mixture with an electric hand mixer"",""Slicing fruit with a kitchen knife"",""Washing the bowl with water"",""Stirring the contents with a wooden spoon"",""Packing the bowl into a cardboard box""]","A","Whisking a mixture with an electric hand mixer","Alice","https://huggingface.co/datasets/lmms-lab/EgoLife/resolve/main/A2_ALICE/DAY6/DAY6_A2_ALICE_15473000.mp4","Tasha","https://huggingface.co/datasets/lmms-lab/EgoLife/resolve/main/A3_TASHA/DAY6/DAY6_A3_TASHA_15473000.mp4"
"egolife_rlhf_packet_ranking_v4","dbea4d3c4ab21c99f39c","day5_7_full_100","HM","pending","73","EGOLIFE2U_RANDOM_PAIR_CLIP_PRUNED_DAY6_16003000_A2_A3_0-1","1","EGOLIFE2U_RANDOM_PAIR_CLIP_PRUNED_DAY6_16003000_A2_A3_0-1::candidate_03","","","","","","false","","","2026-08-06T19:43:16.129Z","","1","I was focused on the baking tray and the oven mitt we were handling, but I couldn't see the full room layout. What was the large white screen setup in the corner of the room used for?","[""projecting a movie"",""displaying a presentation"",""serving as a backdrop for photos"",""hiding a closet door"",""acting as a painting canvas""]","C","serving as a backdrop for photos","Alice","https://huggingface.co/datasets/lmms-lab/EgoLife/resolve/main/A2_ALICE/DAY6/DAY6_A2_ALICE_16003000.mp4","Tasha","https://huggingface.co/datasets/lmms-lab/EgoLife/resolve/main/A3_TASHA/DAY6/DAY6_A3_TASHA_16003000.mp4"
"egolife_rlhf_packet_ranking_v4","dbea4d3c4ab21c99f39c","day5_7_full_100","HM","pending","73","EGOLIFE2U_RANDOM_PAIR_CLIP_PRUNED_DAY6_16003000_A2_A3_0-1","2","EGOLIFE2U_RANDOM_PAIR_CLIP_PRUNED_DAY6_16003000_A2_A3_0-1::candidate_05","","","","","","false","","","2026-08-06T19:43:16.129Z","","1","I was standing by the table with the checkered cloth looking at the tray of pastries, but I couldn't see what was sitting on the counter near the window. What appliance was on the kitchen counter?","[""a microwave oven"",""a toaster oven"",""a stand mixer"",""an electric kettle"",""a food processor""]","A","a microwave oven","Alice","https://huggingface.co/datasets/lmms-lab/EgoLife/resolve/main/A2_ALICE/DAY6/DAY6_A2_ALICE_16003000.mp4","Tasha","https://huggingface.co/datasets/lmms-lab/EgoLife/resolve/main/A3_TASHA/DAY6/DAY6_A3_TASHA_16003000.mp4"
"egolife_rlhf_packet_ranking_v4","dbea4d3c4ab21c99f39c","day5_7_full_100","HM","pending","73","EGOLIFE2U_RANDOM_PAIR_CLIP_PRUNED_DAY6_16003000_A2_A3_0-1","3","EGOLIFE2U_RANDOM_PAIR_CLIP_PRUNED_DAY6_16003000_A2_A3_0-1::candidate_06","","","","","","false","","","2026-08-06T19:43:16.129Z","","1","I was looking down at the table and saw the tray of pastries, but I couldn't see the item being placed on the table from the right. What was the person with the oven mitts holding?","[""a metal baking sheet"",""a rolled-out pie crust"",""a glass mixing bowl"",""a wooden rolling pin"",""a white kitchen towel""]","B","a rolled-out pie crust","Alice","https://huggingface.co/datasets/lmms-lab/EgoLife/resolve/main/A2_ALICE/DAY6/DAY6_A2_ALICE_16003000.mp4","Tasha","https://huggingface.co/datasets/lmms-lab/EgoLife/resolve/main/A3_TASHA/DAY6/DAY6_A3_TASHA_16003000.mp4"
"egolife_rlhf_packet_ranking_v4","dbea4d3c4ab21c99f39c","day5_7_full_100","HM","pending","73","EGOLIFE2U_RANDOM_PAIR_CLIP_PRUNED_DAY6_16003000_A2_A3_0-1","4","EGOLIFE2U_RANDOM_PAIR_CLIP_PRUNED_DAY6_16003000_A2_A3_0-1::candidate_01","","","","","","false","","","2026-08-06T19:43:16.129Z","","1","What was the person in the white shirt doing while we were working at the table with the yellow snacks?","[""standing near the door"",""washing dishes at the sink"",""sitting on a chair"",""looking out the window"",""carrying a tray""]","A","standing near the door","Alice","https://huggingface.co/datasets/lmms-lab/EgoLife/resolve/main/A2_ALICE/DAY6/DAY6_A2_ALICE_16003000.mp4","Tasha","https://huggingface.co/datasets/lmms-lab/EgoLife/resolve/main/A3_TASHA/DAY6/DAY6_A3_TASHA_16003000.mp4"
"egolife_rlhf_packet_ranking_v4","dbea4d3c4ab21c99f39c","day5_7_full_100","HM","pending","73","EGOLIFE2U_RANDOM_PAIR_CLIP_PRUNED_DAY6_16003000_A2_A3_0-1","5","EGOLIFE2U_RANDOM_PAIR_CLIP_PRUNED_DAY6_16003000_A2_A3_0-1::candidate_04","","","","","","false","","","2026-08-06T19:43:16.129Z","","1","I was looking at the tray of pastries on the table with the checkered tablecloth, but I couldn't see what was being used to handle the baking pan. What were we holding to grab the pan?","[""a pair of white quilted oven mitts"",""a thick folded kitchen towel"",""a wooden spoon and a spatula"",""a single silicone heat glove"",""a metal pot holder""]","A","a pair of white quilted oven mitts","Alice","https://huggingface.co/datasets/lmms-lab/EgoLife/resolve/main/A2_ALICE/DAY6/DAY6_A2_ALICE_16003000.mp4","Tasha","https://huggingface.co/datasets/lmms-lab/EgoLife/resolve/main/A3_TASHA/DAY6/DAY6_A3_TASHA_16003000.mp4"
"egolife_rlhf_packet_ranking_v4","dbea4d3c4ab21c99f39c","day5_7_full_100","HM","pending","73","EGOLIFE2U_RANDOM_PAIR_CLIP_PRUNED_DAY6_16003000_A2_A3_0-1","6","EGOLIFE2U_RANDOM_PAIR_CLIP_PRUNED_DAY6_16003000_A2_A3_0-1::candidate_02","","","","","","false","","","2026-08-06T19:43:16.129Z","","1","I remember we were handling the hot baking tray with a quilted oven mitt. What color was that mitt?","[""black"",""white"",""red"",""blue"",""green""]","B","white","Alice","https://huggingface.co/datasets/lmms-lab/EgoLife/resolve/main/A2_ALICE/DAY6/DAY6_A2_ALICE_16003000.mp4","Tasha","https://huggingface.co/datasets/lmms-lab/EgoLife/resolve/main/A3_TASHA/DAY6/DAY6_A3_TASHA_16003000.mp4"
"egolife_rlhf_packet_ranking_v4","dbea4d3c4ab21c99f39c","day5_7_full_100","HM","pending","74","EGOLIFE2U_RANDOM_PAIR_CLIP_PRUNED_DAY6_16193000_A4_A5_0-1","1","EGOLIFE2U_RANDOM_PAIR_CLIP_PRUNED_DAY6_16193000_A4_A5_0-1::candidate_03","","","","","","false","","","2026-08-06T19:43:16.677Z","","0","I was hanging up the blue net and decorations in my room, and I was wondering what that pink item I saw on the floor in the other room was. What object was the person sitting on the floor next to the bed with the hot air balloon design working with?","[""A pink piece of fabric or yarn"",""A pink plastic water bottle"",""A pink stuffed animal"",""A pink paper craft"",""A pink electronic device""]","A","A pink piece of fabric or yarn","Lucia","https://huggingface.co/datasets/lmms-lab/EgoLife/resolve/main/A4_LUCIA/DAY6/DAY6_A4_LUCIA_16193000.mp4","Katrina","https://huggingface.co/datasets/lmms-lab/EgoLife/resolve/main/A5_KATRINA/DAY6/DAY6_A5_KATRINA_16193000.mp4"
"egolife_rlhf_packet_ranking_v4","dbea4d3c4ab21c99f39c","day5_7_full_100","HM","pending","74","EGOLIFE2U_RANDOM_PAIR_CLIP_PRUNED_DAY6_16193000_A4_A5_0-1","2","EGOLIFE2U_RANDOM_PAIR_CLIP_PRUNED_DAY6_16193000_A4_A5_0-1::candidate_01","","","","","","false","","","2026-08-06T19:43:16.677Z","","0","I was hanging that small patterned bag in the blue net on the wall with the lighthouse decals. What was the other person doing in the room with the white rolling cart and the bed with the hot air balloon design?","[""Sitting on the floor and folding a pink piece of fabric"",""Standing by the window and cleaning the glass"",""Lying on the bed and reading a book"",""Sitting at a desk and typing on a laptop"",""Standing near the door and holding a phone""]","A","Sitting on the floor and folding a pink piece of fabric","Lucia","https://huggingface.co/datasets/lmms-lab/EgoLife/resolve/main/A4_LUCIA/DAY6/DAY6_A4_LUCIA_16193000.mp4","Katrina","https://huggingface.co/datasets/lmms-lab/EgoLife/resolve/main/A5_KATRINA/DAY6/DAY6_A5_KATRINA_16193000.mp4"
"egolife_rlhf_packet_ranking_v4","dbea4d3c4ab21c99f39c","day5_7_full_100","HM","pending","74","EGOLIFE2U_RANDOM_PAIR_CLIP_PRUNED_DAY6_16193000_A4_A5_0-1","3","EGOLIFE2U_RANDOM_PAIR_CLIP_PRUNED_DAY6_16193000_A4_A5_0-1::candidate_02","","","","","","false","","","2026-08-06T19:43:16.677Z","","0","I was organizing the blue net on the wall with the lighthouse decals, but I couldn't see what was happening in the other room. What was the person sitting on the floor near the bed with the hot air balloon design doing?","[""Sitting on the floor and manipulating a pink piece of fabric"",""Standing by the window and cleaning the glass"",""Lying on the bed and reading a book"",""Sitting at a desk and typing on a laptop"",""Standing near the door and holding a phone""]","A","Sitting on the floor and manipulating a pink piece of fabric","Lucia","https://huggingface.co/datasets/lmms-lab/EgoLife/resolve/main/A4_LUCIA/DAY6/DAY6_A4_LUCIA_16193000.mp4","Katrina","https://huggingface.co/datasets/lmms-lab/EgoLife/resolve/main/A5_KATRINA/DAY6/DAY6_A5_KATRINA_16193000.mp4"
"egolife_rlhf_packet_ranking_v4","dbea4d3c4ab21c99f39c","day5_7_full_100","HM","pending","74","EGOLIFE2U_RANDOM_PAIR_CLIP_PRUNED_DAY6_16193000_A4_A5_0-1","4","EGOLIFE2U_RANDOM_PAIR_CLIP_PRUNED_DAY6_16193000_A4_A5_0-1::candidate_05","","","","","","false","","","2026-08-06T19:43:16.677Z","","0","I was just setting up the blue fishing net on my wall. I remember seeing you working on something colorful in the room with the white rolling cart. What was the theme of those paper decorations you were handling?","[""Ocean animals and marine life"",""Hot air balloons and birds"",""Space planets and stars"",""Flowers and butterflies"",""Castles and knights""]","B","Hot air balloons and birds","Lucia","https://huggingface.co/datasets/lmms-lab/EgoLife/resolve/main/A4_LUCIA/DAY6/DAY6_A4_LUCIA_16193000.mp4","Katrina","https://huggingface.co/datasets/lmms-lab/EgoLife/resolve/main/A5_KATRINA/DAY6/DAY6_A5_KATRINA_16193000.mp4"
"egolife_rlhf_packet_ranking_v4","dbea4d3c4ab21c99f39c","day5_7_full_100","HM","pending","74","EGOLIFE2U_RANDOM_PAIR_CLIP_PRUNED_DAY6_16193000_A4_A5_0-1","5","EGOLIFE2U_RANDOM_PAIR_CLIP_PRUNED_DAY6_16193000_A4_A5_0-1::candidate_04","","","","","","false","","","2026-08-06T19:43:16.677Z","","0","I was hanging up that blue net on the wall in my room. What were you working on with those pink items while I was doing that?","[""Cutting out paper decorations"",""Attaching strings to paper cutouts"",""Folding a pair of jeans"",""Washing a small blue toy"",""Organizing a rolling cart""]","B","Attaching strings to paper cutouts","Lucia","https://huggingface.co/datasets/lmms-lab/EgoLife/resolve/main/A4_LUCIA/DAY6/DAY6_A4_LUCIA_16193000.mp4","Katrina","https://huggingface.co/datasets/lmms-lab/EgoLife/resolve/main/A5_KATRINA/DAY6/DAY6_A5_KATRINA_16193000.mp4"
"egolife_rlhf_packet_ranking_v4","dbea4d3c4ab21c99f39c","day5_7_full_100","HM","pending","74","EGOLIFE2U_RANDOM_PAIR_CLIP_PRUNED_DAY6_16193000_A4_A5_0-1","6","EGOLIFE2U_RANDOM_PAIR_CLIP_PRUNED_DAY6_16193000_A4_A5_0-1::candidate_06","","","","","","false","","","2026-08-06T19:43:16.677Z","","0","I was busy hanging that blue fishing net and arranging the wall decals in my room. I noticed you were sitting on the floor in the room with the rolling cart and white trash bin. What specific design was on the white bedsheet next to you?","[""A hot air balloon with a bird"",""A lighthouse and ocean waves"",""A large pink flamingo"",""A striped beach umbrella"",""A sailboat on the sea""]","A","A hot air balloon with a bird","Lucia","https://huggingface.co/datasets/lmms-lab/EgoLife/resolve/main/A4_LUCIA/DAY6/DAY6_A4_LUCIA_16193000.mp4","Katrina","https://huggingface.co/datasets/lmms-lab/EgoLife/resolve/main/A5_KATRINA/DAY6/DAY6_A5_KATRINA_16193000.mp4"
"egolife_rlhf_packet_ranking_v4","dbea4d3c4ab21c99f39c","day5_7_full_100","HM","pending","75","EGOLIFE2U_RANDOM_PAIR_CLIP_PRUNED_DAY6_16283000_A2_A3_0-1","1","EGOLIFE2U_RANDOM_PAIR_CLIP_PRUNED_DAY6_16283000_A2_A3_0-1::candidate_03","","","","","","false","","","2026-08-06T19:43:16.856Z","","0","I was looking at the presentation on the screen, but I couldn't see what was going on behind the group of us. Did the person in the green shirt eventually sit down or stay up?","[""Stayed standing near the tripod"",""Sat down on a chair next to the others"",""Left the room entirely"",""Sat down on the floor"",""Moved to the front of the room""]","A","Stayed standing near the tripod","Alice","https://huggingface.co/datasets/lmms-lab/EgoLife/resolve/main/A2_ALICE/DAY6/DAY6_A2_ALICE_16283000.mp4","Tasha","https://huggingface.co/datasets/lmms-lab/EgoLife/resolve/main/A3_TASHA/DAY6/DAY6_A3_TASHA_16283000.mp4"
"egolife_rlhf_packet_ranking_v4","dbea4d3c4ab21c99f39c","day5_7_full_100","HM","pending","75","EGOLIFE2U_RANDOM_PAIR_CLIP_PRUNED_DAY6_16283000_A2_A3_0-1","2","EGOLIFE2U_RANDOM_PAIR_CLIP_PRUNED_DAY6_16283000_A2_A3_0-1::candidate_05","","","","","","false","","","2026-08-06T19:43:16.856Z","","0","I was sitting in the room watching the presentation and looking at the screen, but I couldn't see what was happening with the person sitting right behind me. What was the person in the green shirt holding in their hands while they were looking down?","[""A white smartphone"",""A clear water bottle"",""A black camera"",""A folded piece of paper"",""A pair of glasses""]","A","A white smartphone","Alice","https://huggingface.co/datasets/lmms-lab/EgoLife/resolve/main/A2_ALICE/DAY6/DAY6_A2_ALICE_16283000.mp4","Tasha","https://huggingface.co/datasets/lmms-lab/EgoLife/resolve/main/A3_TASHA/DAY6/DAY6_A3_TASHA_16283000.mp4"
"egolife_rlhf_packet_ranking_v4","dbea4d3c4ab21c99f39c","day5_7_full_100","HM","pending","75","EGOLIFE2U_RANDOM_PAIR_CLIP_PRUNED_DAY6_16283000_A2_A3_0-1","3","EGOLIFE2U_RANDOM_PAIR_CLIP_PRUNED_DAY6_16283000_A2_A3_0-1::candidate_01","","","","","","false","","","2026-08-06T19:43:16.856Z","","0","While looking at the presentation on the screen, what is the person standing on the right side of the room wearing?","[""A white shirt and grey trousers"",""A blue plaid shirt"",""A green shirt and blue jeans"",""A black shirt and dark pants"",""A white shirt and black pants""]","C","A green shirt and blue jeans","Alice","https://huggingface.co/datasets/lmms-lab/EgoLife/resolve/main/A2_ALICE/DAY6/DAY6_A2_ALICE_16283000.mp4","Tasha","https://huggingface.co/datasets/lmms-lab/EgoLife/resolve/main/A3_TASHA/DAY6/DAY6_A3_TASHA_16283000.mp4"
"egolife_rlhf_packet_ranking_v4","dbea4d3c4ab21c99f39c","day5_7_full_100","HM","pending","75","EGOLIFE2U_RANDOM_PAIR_CLIP_PRUNED_DAY6_16283000_A2_A3_0-1","4","EGOLIFE2U_RANDOM_PAIR_CLIP_PRUNED_DAY6_16283000_A2_A3_0-1::candidate_04","","","","","","false","","","2026-08-06T19:43:16.856Z","","0","I was focused on the presentation screen and the people sitting in the chairs, but I couldn't see what was happening behind us. What was the person in the green shirt doing near the back of the room?","[""Standing and looking at a phone"",""Bending over a white bucket"",""Talking to the presenter"",""Sitting on a chair in the back row"",""Walking out of the room""]","B","Bending over a white bucket","Alice","https://huggingface.co/datasets/lmms-lab/EgoLife/resolve/main/A2_ALICE/DAY6/DAY6_A2_ALICE_16283000.mp4","Tasha","https://huggingface.co/datasets/lmms-lab/EgoLife/resolve/main/A3_TASHA/DAY6/DAY6_A3_TASHA_16283000.mp4"
"egolife_rlhf_packet_ranking_v4","dbea4d3c4ab21c99f39c","day5_7_full_100","HM","pending","75","EGOLIFE2U_RANDOM_PAIR_CLIP_PRUNED_DAY6_16283000_A2_A3_0-1","5","EGOLIFE2U_RANDOM_PAIR_CLIP_PRUNED_DAY6_16283000_A2_A3_0-1::candidate_02","","","","","","false","","","2026-08-06T19:43:16.856Z","","0","I'm looking at the person in the green shirt standing near the tripod in the room with the projector screen. What kind of footwear are they wearing?","[""Black and white sneakers"",""Yellow flip-flops"",""White slide sandals"",""Brown leather boots"",""Blue canvas shoes""]","C","White slide sandals","Alice","https://huggingface.co/datasets/lmms-lab/EgoLife/resolve/main/A2_ALICE/DAY6/DAY6_A2_ALICE_16283000.mp4","Tasha","https://huggingface.co/datasets/lmms-lab/EgoLife/resolve/main/A3_TASHA/DAY6/DAY6_A3_TASHA_16283000.mp4"
"egolife_rlhf_packet_ranking_v4","dbea4d3c4ab21c99f39c","day5_7_full_100","HM","pending","75","EGOLIFE2U_RANDOM_PAIR_CLIP_PRUNED_DAY6_16283000_A2_A3_0-1","6","EGOLIFE2U_RANDOM_PAIR_CLIP_PRUNED_DAY6_16283000_A2_A3_0-1::candidate_06","","","","","","false","","","2026-08-06T19:43:16.856Z","","0","I'm looking at the white bucket sitting on the floor in the corner of the room, but I can't quite make out the red writing on the side from my angle. What does the text on that bucket say?","[""Respect"",""Warning"",""Caution"",""Do Not Touch"",""Keep Clear""]","A","Respect","Alice","https://huggingface.co/datasets/lmms-lab/EgoLife/resolve/main/A2_ALICE/DAY6/DAY6_A2_ALICE_16283000.mp4","Tasha","https://huggingface.co/datasets/lmms-lab/EgoLife/resolve/main/A3_TASHA/DAY6/DAY6_A3_TASHA_16283000.mp4"
"egolife_rlhf_packet_ranking_v4","dbea4d3c4ab21c99f39c","day5_7_full_100","HM","pending","76","EGOLIFE2U_RANDOM_PAIR_CLIP_PRUNED_DAY6_16390000_A1_A5_0-1","1","EGOLIFE2U_RANDOM_PAIR_CLIP_PRUNED_DAY6_16390000_A1_A5_0-1::candidate_03","","","","","","false","","","2026-08-06T19:43:17.042Z","","0","I saw the person in the dark blue long-sleeve shirt standing near the group of chairs. What was the shirt design of the person sitting on the chair closest to them?","[""A white t-shirt with a black graphic"",""A light blue button-down shirt"",""A patterned flannel shirt"",""A black t-shirt"",""A grey hoodie""]","A","A white t-shirt with a black graphic","Jake","https://huggingface.co/datasets/lmms-lab/EgoLife/resolve/main/A1_JAKE/DAY6/DAY6_A1_JAKE_16390000.mp4","Katrina","https://huggingface.co/datasets/lmms-lab/EgoLife/resolve/main/A5_KATRINA/DAY6/DAY6_A5_KATRINA_16390000.mp4"
"egolife_rlhf_packet_ranking_v4","dbea4d3c4ab21c99f39c","day5_7_full_100","HM","pending","76","EGOLIFE2U_RANDOM_PAIR_CLIP_PRUNED_DAY6_16390000_A1_A5_0-1","2","EGOLIFE2U_RANDOM_PAIR_CLIP_PRUNED_DAY6_16390000_A1_A5_0-1::candidate_06","","","","","","false","","","2026-08-06T19:43:17.042Z","","0","I saw the person in the dark blue long-sleeved shirt standing up and looking at a screen in the living room, but from my angle, I couldn't tell what the screen was showing. What was the large projection screen displaying while they were standing there?","[""A video game menu interface with circular icons"",""A colorful abstract painting"",""A white presentation slide with bullet points"",""A paused movie scene with subtitles"",""A black screen with a loading spinner""]","A","A video game menu interface with circular icons","Jake","https://huggingface.co/datasets/lmms-lab/EgoLife/resolve/main/A1_JAKE/DAY6/DAY6_A1_JAKE_16390000.mp4","Katrina","https://huggingface.co/datasets/lmms-lab/EgoLife/resolve/main/A5_KATRINA/DAY6/DAY6_A5_KATRINA_16390000.mp4"
"egolife_rlhf_packet_ranking_v4","dbea4d3c4ab21c99f39c","day5_7_full_100","HM","pending","76","EGOLIFE2U_RANDOM_PAIR_CLIP_PRUNED_DAY6_16390000_A1_A5_0-1","3","EGOLIFE2U_RANDOM_PAIR_CLIP_PRUNED_DAY6_16390000_A1_A5_0-1::candidate_01","","","","","","false","","","2026-08-06T19:43:17.042Z","","0","I just came back from the stairs and saw someone in a dark blue shirt standing in the middle of the room. Which of the people sitting on the chairs were they standing next to?","[""The person wearing a white t-shirt and glasses"",""The person wearing a patterned shirt"",""The person wearing a light blue shirt"",""The person wearing a black shirt"",""The person wearing a dark grey shirt""]","A","The person wearing a white t-shirt and glasses","Jake","https://huggingface.co/datasets/lmms-lab/EgoLife/resolve/main/A1_JAKE/DAY6/DAY6_A1_JAKE_16390000.mp4","Katrina","https://huggingface.co/datasets/lmms-lab/EgoLife/resolve/main/A5_KATRINA/DAY6/DAY6_A5_KATRINA_16390000.mp4"
"egolife_rlhf_packet_ranking_v4","dbea4d3c4ab21c99f39c","day5_7_full_100","HM","pending","76","EGOLIFE2U_RANDOM_PAIR_CLIP_PRUNED_DAY6_16390000_A1_A5_0-1","4","EGOLIFE2U_RANDOM_PAIR_CLIP_PRUNED_DAY6_16390000_A1_A5_0-1::candidate_02","","","","","","false","","","2026-08-06T19:43:17.042Z","","0","I was moving around the living room and saw the person in the dark blue shirt standing near the group of chairs. What kind of shirt was the person sitting on the chair closest to them wearing?","[""A white t-shirt with a black graphic"",""A light blue button-down shirt"",""A patterned flannel shirt"",""A black t-shirt"",""A grey hoodie""]","A","A white t-shirt with a black graphic","Jake","https://huggingface.co/datasets/lmms-lab/EgoLife/resolve/main/A1_JAKE/DAY6/DAY6_A1_JAKE_16390000.mp4","Katrina","https://huggingface.co/datasets/lmms-lab/EgoLife/resolve/main/A5_KATRINA/DAY6/DAY6_A5_KATRINA_16390000.mp4"
"egolife_rlhf_packet_ranking_v4","dbea4d3c4ab21c99f39c","day5_7_full_100","HM","pending","76","EGOLIFE2U_RANDOM_PAIR_CLIP_PRUNED_DAY6_16390000_A1_A5_0-1","5","EGOLIFE2U_RANDOM_PAIR_CLIP_PRUNED_DAY6_16390000_A1_A5_0-1::candidate_05","","","","","","false","","","2026-08-06T19:43:17.042Z","","0","I saw the person in the dark blue long-sleeved shirt walking around the living room, but I couldn't get a good look at what they were holding. What object was the person in the dark blue shirt holding in their hand?","[""A black smartphone"",""A white game controller"",""A laptop computer"",""A black camera"",""A clear glass of water""]","A","A black smartphone","Jake","https://huggingface.co/datasets/lmms-lab/EgoLife/resolve/main/A1_JAKE/DAY6/DAY6_A1_JAKE_16390000.mp4","Katrina","https://huggingface.co/datasets/lmms-lab/EgoLife/resolve/main/A5_KATRINA/DAY6/DAY6_A5_KATRINA_16390000.mp4"
"egolife_rlhf_packet_ranking_v4","dbea4d3c4ab21c99f39c","day5_7_full_100","HM","pending","76","EGOLIFE2U_RANDOM_PAIR_CLIP_PRUNED_DAY6_16390000_A1_A5_0-1","6","EGOLIFE2U_RANDOM_PAIR_CLIP_PRUNED_DAY6_16390000_A1_A5_0-1::candidate_04","","","","","","false","","","2026-08-06T19:43:17.042Z","","0","I saw the person in the dark blue long-sleeved shirt walking around the living room and interacting with the group, but I couldn't tell what he was carrying. What was the person in the dark blue long-sleeved shirt holding in their hand?","[""A black smartphone"",""A laptop computer"",""A white game controller"",""A black camera"",""A clear glass of water""]","A","A black smartphone","Jake","https://huggingface.co/datasets/lmms-lab/EgoLife/resolve/main/A1_JAKE/DAY6/DAY6_A1_JAKE_16390000.mp4","Katrina","https://huggingface.co/datasets/lmms-lab/EgoLife/resolve/main/A5_KATRINA/DAY6/DAY6_A5_KATRINA_16390000.mp4"
"egolife_rlhf_packet_ranking_v4","dbea4d3c4ab21c99f39c","day5_7_full_100","HM","pending","77","EGOLIFE2U_RANDOM_PAIR_CLIP_PRUNED_DAY6_16450000_A1_A2_0-1","1","EGOLIFE2U_RANDOM_PAIR_CLIP_PRUNED_DAY6_16450000_A1_A2_0-1::candidate_03","","","","","","false","","","2026-08-06T19:43:17.248Z","","0","When I walked into the living room where the projector screen was on, I noticed a person sitting on the sofa, but I couldn't get a clear look at them from the doorway. Which person was the one sitting on the sofa in that room?","[""The person wearing a black dress standing near the screen"",""The person with blonde hair wearing a patterned top"",""The person in the white t-shirt holding a camera"",""The person in the blue denim jacket sitting on a chair"",""The person in the green shirt standing near the window""]","B","The person with blonde hair wearing a patterned top","Jake","https://huggingface.co/datasets/lmms-lab/EgoLife/resolve/main/A1_JAKE/DAY6/DAY6_A1_JAKE_16450000.mp4","Alice","https://huggingface.co/datasets/lmms-lab/EgoLife/resolve/main/A2_ALICE/DAY6/DAY6_A2_ALICE_16450000.mp4"
"egolife_rlhf_packet_ranking_v4","dbea4d3c4ab21c99f39c","day5_7_full_100","HM","pending","77","EGOLIFE2U_RANDOM_PAIR_CLIP_PRUNED_DAY6_16450000_A1_A2_0-1","2","EGOLIFE2U_RANDOM_PAIR_CLIP_PRUNED_DAY6_16450000_A1_A2_0-1::candidate_04","","","","","","false","","","2026-08-06T19:43:17.248Z","","0","I saw the person in the black dress standing near the projector screen in the living room, but I couldn't tell what they were holding. What item was she interacting with while standing there?","[""A white mug"",""A smartphone"",""A remote control"",""A pair of sunglasses"",""A bottle of water""]","A","A white mug","Jake","https://huggingface.co/datasets/lmms-lab/EgoLife/resolve/main/A1_JAKE/DAY6/DAY6_A1_JAKE_16450000.mp4","Alice","https://huggingface.co/datasets/lmms-lab/EgoLife/resolve/main/A2_ALICE/DAY6/DAY6_A2_ALICE_16450000.mp4"
"egolife_rlhf_packet_ranking_v4","dbea4d3c4ab21c99f39c","day5_7_full_100","HM","pending","77","EGOLIFE2U_RANDOM_PAIR_CLIP_PRUNED_DAY6_16450000_A1_A2_0-1","3","EGOLIFE2U_RANDOM_PAIR_CLIP_PRUNED_DAY6_16450000_A1_A2_0-1::candidate_05","","","","","","false","","","2026-08-06T19:43:17.248Z","","0","I remember seeing the person in the black dress standing near the projector screen in the living room, but I couldn't quite tell what item they were holding. What object was she holding in her hand?","[""A white mug"",""A smartphone"",""A remote control"",""A pair of sunglasses"",""A bottle of water""]","A","A white mug","Jake","https://huggingface.co/datasets/lmms-lab/EgoLife/resolve/main/A1_JAKE/DAY6/DAY6_A1_JAKE_16450000.mp4","Alice","https://huggingface.co/datasets/lmms-lab/EgoLife/resolve/main/A2_ALICE/DAY6/DAY6_A2_ALICE_16450000.mp4"
"egolife_rlhf_packet_ranking_v4","dbea4d3c4ab21c99f39c","day5_7_full_100","HM","pending","77","EGOLIFE2U_RANDOM_PAIR_CLIP_PRUNED_DAY6_16450000_A1_A2_0-1","4","EGOLIFE2U_RANDOM_PAIR_CLIP_PRUNED_DAY6_16450000_A1_A2_0-1::candidate_01","","","","","","false","","","2026-08-06T19:43:17.248Z","","0","I walked into the living room where everyone was gathered. There was a woman standing near the projector screen in a black dress. What was she doing with the person sitting on the sofa?","[""She was handing a cup to the person on the sofa"",""She was touching or adjusting something on the person's head"",""She was pointing at the projection on the screen"",""She was sitting down on the sofa next to the person"",""She was holding a camera and taking a picture""]","B","She was touching or adjusting something on the person's head","Jake","https://huggingface.co/datasets/lmms-lab/EgoLife/resolve/main/A1_JAKE/DAY6/DAY6_A1_JAKE_16450000.mp4","Alice","https://huggingface.co/datasets/lmms-lab/EgoLife/resolve/main/A2_ALICE/DAY6/DAY6_A2_ALICE_16450000.mp4"
"egolife_rlhf_packet_ranking_v4","dbea4d3c4ab21c99f39c","day5_7_full_100","HM","pending","77","EGOLIFE2U_RANDOM_PAIR_CLIP_PRUNED_DAY6_16450000_A1_A2_0-1","5","EGOLIFE2U_RANDOM_PAIR_CLIP_PRUNED_DAY6_16450000_A1_A2_0-1::candidate_02","","","","","","false","","","2026-08-06T19:43:17.248Z","","0","I walked into the living room where the projector screen was on, but I couldn't see the sofa well from the doorway. Who was the person sitting on the sofa in that room?","[""The person in the white t-shirt holding a camera"",""The person wearing a black dress standing near the screen"",""The person with blonde hair wearing a patterned top"",""The person in the blue denim jacket sitting on a chair"",""The person in the green shirt walking near the window""]","C","The person with blonde hair wearing a patterned top","Jake","https://huggingface.co/datasets/lmms-lab/EgoLife/resolve/main/A1_JAKE/DAY6/DAY6_A1_JAKE_16450000.mp4","Alice","https://huggingface.co/datasets/lmms-lab/EgoLife/resolve/main/A2_ALICE/DAY6/DAY6_A2_ALICE_16450000.mp4"
"egolife_rlhf_packet_ranking_v4","dbea4d3c4ab21c99f39c","day5_7_full_100","HM","pending","77","EGOLIFE2U_RANDOM_PAIR_CLIP_PRUNED_DAY6_16450000_A1_A2_0-1","6","EGOLIFE2U_RANDOM_PAIR_CLIP_PRUNED_DAY6_16450000_A1_A2_0-1::candidate_06","","","","","","false","","","2026-08-06T19:43:17.248Z","","0","I saw the woman in the black dress standing next to the projector screen in the living room, but I couldn't quite tell what she was holding. What object was she holding in her hand?","[""A white mug"",""A smartphone"",""A remote control"",""A pair of sunglasses"",""A bottle of water""]","A","A white mug","Jake","https://huggingface.co/datasets/lmms-lab/EgoLife/resolve/main/A1_JAKE/DAY6/DAY6_A1_JAKE_16450000.mp4","Alice","https://huggingface.co/datasets/lmms-lab/EgoLife/resolve/main/A2_ALICE/DAY6/DAY6_A2_ALICE_16450000.mp4"
"egolife_rlhf_packet_ranking_v4","dbea4d3c4ab21c99f39c","day5_7_full_100","HM","pending","78","EGOLIFE2U_RANDOM_PAIR_CLIP_PRUNED_DAY6_16493000_A3_A4_0-1","1","EGOLIFE2U_RANDOM_PAIR_CLIP_PRUNED_DAY6_16493000_A3_A4_0-1::candidate_03","","","","","","false","","","2026-08-06T19:43:17.438Z","","0","I was sitting in the room with the projector screen and holding a smartphone, but I couldn't see what the person in the white shirt with long hair was holding while standing near the table. What was she holding?","[""a stack of playing cards"",""a red ribbon-like object"",""a pair of sunglasses"",""a bottle of water"",""a small black electronic device""]","A","a stack of playing cards","Tasha","https://huggingface.co/datasets/lmms-lab/EgoLife/resolve/main/A3_TASHA/DAY6/DAY6_A3_TASHA_16493000.mp4","Lucia","https://huggingface.co/datasets/lmms-lab/EgoLife/resolve/main/A4_LUCIA/DAY6/DAY6_A4_LUCIA_16493000.mp4"
"egolife_rlhf_packet_ranking_v4","dbea4d3c4ab21c99f39c","day5_7_full_100","HM","pending","78","EGOLIFE2U_RANDOM_PAIR_CLIP_PRUNED_DAY6_16493000_A3_A4_0-1","2","EGOLIFE2U_RANDOM_PAIR_CLIP_PRUNED_DAY6_16493000_A3_A4_0-1::candidate_01","","","","","","false","","","2026-08-06T19:43:17.438Z","","0","I was looking at the person standing in front of the projector screen with the microphone, and I could only see them from behind. What kind of footwear were they wearing?","[""bright orange and green sneakers"",""black high-top canvas shoes"",""plain white slip-on shoes"",""brown leather loafers"",""black ankle boots""]","A","bright orange and green sneakers","Tasha","https://huggingface.co/datasets/lmms-lab/EgoLife/resolve/main/A3_TASHA/DAY6/DAY6_A3_TASHA_16493000.mp4","Lucia","https://huggingface.co/datasets/lmms-lab/EgoLife/resolve/main/A4_LUCIA/DAY6/DAY6_A4_LUCIA_16493000.mp4"
"egolife_rlhf_packet_ranking_v4","dbea4d3c4ab21c99f39c","day5_7_full_100","HM","pending","78","EGOLIFE2U_RANDOM_PAIR_CLIP_PRUNED_DAY6_16493000_A3_A4_0-1","3","EGOLIFE2U_RANDOM_PAIR_CLIP_PRUNED_DAY6_16493000_A3_A4_0-1::candidate_05","","","","","","false","","","2026-08-06T19:43:17.438Z","","0","I noticed the person with the microphone standing next to the projection screen, but I couldn't tell what they were wearing on their legs. What kind of pants was the person in the white shirt holding the microphone wearing?","[""Light-colored loose trousers"",""Black skinny jeans"",""Blue denim shorts"",""A long black skirt"",""Khaki cargo pants""]","A","Light-colored loose trousers","Tasha","https://huggingface.co/datasets/lmms-lab/EgoLife/resolve/main/A3_TASHA/DAY6/DAY6_A3_TASHA_16493000.mp4","Lucia","https://huggingface.co/datasets/lmms-lab/EgoLife/resolve/main/A4_LUCIA/DAY6/DAY6_A4_LUCIA_16493000.mp4"
"egolife_rlhf_packet_ranking_v4","dbea4d3c4ab21c99f39c","day5_7_full_100","HM","pending","78","EGOLIFE2U_RANDOM_PAIR_CLIP_PRUNED_DAY6_16493000_A3_A4_0-1","4","EGOLIFE2U_RANDOM_PAIR_CLIP_PRUNED_DAY6_16493000_A3_A4_0-1::candidate_06","","","","","","false","","","2026-08-06T19:43:17.438Z","","0","I saw the person with pink hair standing by the projector table holding a red object, but I couldn't see what they were wearing on their legs. What kind of skirt was the person with pink hair wearing?","[""A short white patterned skirt"",""A long black denim skirt"",""A gray plaid midi skirt"",""A white lace maxi skirt"",""A floral print wrap skirt""]","A","A short white patterned skirt","Tasha","https://huggingface.co/datasets/lmms-lab/EgoLife/resolve/main/A3_TASHA/DAY6/DAY6_A3_TASHA_16493000.mp4","Lucia","https://huggingface.co/datasets/lmms-lab/EgoLife/resolve/main/A4_LUCIA/DAY6/DAY6_A4_LUCIA_16493000.mp4"
"egolife_rlhf_packet_ranking_v4","dbea4d3c4ab21c99f39c","day5_7_full_100","HM","pending","78","EGOLIFE2U_RANDOM_PAIR_CLIP_PRUNED_DAY6_16493000_A3_A4_0-1","5","EGOLIFE2U_RANDOM_PAIR_CLIP_PRUNED_DAY6_16493000_A3_A4_0-1::candidate_02","","","","","","false","","","2026-08-06T19:43:17.438Z","","0","I noticed the person with long blonde hair standing near the projector screen, but I couldn't see what they were holding in their hands. What was the person holding?","[""a stack of playing cards"",""a red ribbon-like object"",""a smartphone"",""a pair of sunglasses"",""a bottle of water""]","B","a red ribbon-like object","Tasha","https://huggingface.co/datasets/lmms-lab/EgoLife/resolve/main/A3_TASHA/DAY6/DAY6_A3_TASHA_16493000.mp4","Lucia","https://huggingface.co/datasets/lmms-lab/EgoLife/resolve/main/A4_LUCIA/DAY6/DAY6_A4_LUCIA_16493000.mp4"
"egolife_rlhf_packet_ranking_v4","dbea4d3c4ab21c99f39c","day5_7_full_100","HM","pending","78","EGOLIFE2U_RANDOM_PAIR_CLIP_PRUNED_DAY6_16493000_A3_A4_0-1","6","EGOLIFE2U_RANDOM_PAIR_CLIP_PRUNED_DAY6_16493000_A3_A4_0-1::candidate_04","","","","","","false","","","2026-08-06T19:43:17.438Z","","0","I saw someone standing by the projection screen holding something red, but I couldn't make out exactly what it was from my seat. What was the person in the white dress holding?","[""A pair of red glasses"",""A red plastic cup"",""A red gift bag"",""A red ribbon"",""A red smartphone""]","A","A pair of red glasses","Tasha","https://huggingface.co/datasets/lmms-lab/EgoLife/resolve/main/A3_TASHA/DAY6/DAY6_A3_TASHA_16493000.mp4","Lucia","https://huggingface.co/datasets/lmms-lab/EgoLife/resolve/main/A4_LUCIA/DAY6/DAY6_A4_LUCIA_16493000.mp4"
"egolife_rlhf_packet_ranking_v4","dbea4d3c4ab21c99f39c","day5_7_full_100","HM","pending","79","EGOLIFE2U_RANDOM_PAIR_CLIP_PRUNED_DAY6_17233000_A2_A4_0-1","1","EGOLIFE2U_RANDOM_PAIR_CLIP_PRUNED_DAY6_17233000_A2_A4_0-1::candidate_06","","","","","","false","","","2026-08-06T19:43:17.620Z","","0","I was filming the person in the white t-shirt with green letters standing near the wooden chairs, but I couldn't see the seating area clearly from my angle. Was anyone sitting on the brown sofa in that room?","[""Yes, a person in a white shirt was sitting on the brown sofa."",""No, the brown sofa was completely empty."",""Yes, a person in a black dress was sitting on the brown sofa."",""Yes, a person in a denim jacket was sitting on the brown sofa."",""Yes, a person in a white t-shirt was sitting on the brown sofa.""]","A","Yes, a person in a white shirt was sitting on the brown sofa.","Alice","https://huggingface.co/datasets/lmms-lab/EgoLife/resolve/main/A2_ALICE/DAY6/DAY6_A2_ALICE_17233000.mp4","Lucia","https://huggingface.co/datasets/lmms-lab/EgoLife/resolve/main/A4_LUCIA/DAY6/DAY6_A4_LUCIA_17233000.mp4"
"egolife_rlhf_packet_ranking_v4","dbea4d3c4ab21c99f39c","day5_7_full_100","HM","pending","79","EGOLIFE2U_RANDOM_PAIR_CLIP_PRUNED_DAY6_17233000_A2_A4_0-1","2","EGOLIFE2U_RANDOM_PAIR_CLIP_PRUNED_DAY6_17233000_A2_A4_0-1::candidate_01","","","","","","false","","","2026-08-06T19:43:17.620Z","","0","I was holding the camera and looking at the person in the white shirt with green letters standing near the chairs, but my view was blocked from seeing the other side of the room. Was there a musical instrument visible in the area where the person with pinkish hair was standing?","[""a large white keyboard or piano on a stand"",""a black acoustic guitar leaning against a wall"",""a set of drums near the window"",""a brass trumpet on a table"",""a violin case on the floor""]","A","a large white keyboard or piano on a stand","Alice","https://huggingface.co/datasets/lmms-lab/EgoLife/resolve/main/A2_ALICE/DAY6/DAY6_A2_ALICE_17233000.mp4","Lucia","https://huggingface.co/datasets/lmms-lab/EgoLife/resolve/main/A4_LUCIA/DAY6/DAY6_A4_LUCIA_17233000.mp4"
"egolife_rlhf_packet_ranking_v4","dbea4d3c4ab21c99f39c","day5_7_full_100","HM","pending","79","EGOLIFE2U_RANDOM_PAIR_CLIP_PRUNED_DAY6_17233000_A2_A4_0-1","3","EGOLIFE2U_RANDOM_PAIR_CLIP_PRUNED_DAY6_17233000_A2_A4_0-1::candidate_05","","","","","","false","","","2026-08-06T19:43:17.620Z","","0","I was filming the person in the white t-shirt standing near the wooden chairs, and I could see a keyboard in the room, but I couldn't see the seating area clearly from my angle. Was anyone sitting on the brown sofa in that room?","[""Yes, a person in a white shirt was sitting on the brown sofa."",""No, the brown sofa was completely empty."",""Yes, a person in a black dress was sitting on the brown sofa."",""Yes, a person in a denim jacket was sitting on the brown sofa."",""Yes, a person in a white t-shirt was sitting on the brown sofa.""]","A","Yes, a person in a white shirt was sitting on the brown sofa.","Alice","https://huggingface.co/datasets/lmms-lab/EgoLife/resolve/main/A2_ALICE/DAY6/DAY6_A2_ALICE_17233000.mp4","Lucia","https://huggingface.co/datasets/lmms-lab/EgoLife/resolve/main/A4_LUCIA/DAY6/DAY6_A4_LUCIA_17233000.mp4"
"egolife_rlhf_packet_ranking_v4","dbea4d3c4ab21c99f39c","day5_7_full_100","HM","pending","79","EGOLIFE2U_RANDOM_PAIR_CLIP_PRUNED_DAY6_17233000_A2_A4_0-1","4","EGOLIFE2U_RANDOM_PAIR_CLIP_PRUNED_DAY6_17233000_A2_A4_0-1::candidate_02","","","","","","false","","","2026-08-06T19:43:17.620Z","","0","I was in the room with the wooden chairs and the person in the white t-shirt, but I couldn't see the corner with the keyboard. Was there a large white cushion shaped like a fried egg visible near the person with pinkish hair?","[""a large white cushion shaped like a fried egg"",""a fluffy round pillow in bright blue"",""a star-shaped cushion in pink"",""a square cushion with a geometric pattern"",""a cylindrical bolster pillow in grey""]","A","a large white cushion shaped like a fried egg","Alice","https://huggingface.co/datasets/lmms-lab/EgoLife/resolve/main/A2_ALICE/DAY6/DAY6_A2_ALICE_17233000.mp4","Lucia","https://huggingface.co/datasets/lmms-lab/EgoLife/resolve/main/A4_LUCIA/DAY6/DAY6_A4_LUCIA_17233000.mp4"
"egolife_rlhf_packet_ranking_v4","dbea4d3c4ab21c99f39c","day5_7_full_100","HM","pending","79","EGOLIFE2U_RANDOM_PAIR_CLIP_PRUNED_DAY6_17233000_A2_A4_0-1","5","EGOLIFE2U_RANDOM_PAIR_CLIP_PRUNED_DAY6_17233000_A2_A4_0-1::candidate_03","","","","","","false","","","2026-08-06T19:43:17.620Z","","0","I was standing in the room with the wooden chairs and holding the camera, but I couldn't see the seating area near the air conditioner. What was the person sitting on the brown sofa wearing?","[""a white shirt and grey pants"",""a black dress and black shoes"",""a blue denim jacket and jeans"",""a white t-shirt with green text"",""a red blouse and black skirt""]","A","a white shirt and grey pants","Alice","https://huggingface.co/datasets/lmms-lab/EgoLife/resolve/main/A2_ALICE/DAY6/DAY6_A2_ALICE_17233000.mp4","Lucia","https://huggingface.co/datasets/lmms-lab/EgoLife/resolve/main/A4_LUCIA/DAY6/DAY6_A4_LUCIA_17233000.mp4"
"egolife_rlhf_packet_ranking_v4","dbea4d3c4ab21c99f39c","day5_7_full_100","HM","pending","79","EGOLIFE2U_RANDOM_PAIR_CLIP_PRUNED_DAY6_17233000_A2_A4_0-1","6","EGOLIFE2U_RANDOM_PAIR_CLIP_PRUNED_DAY6_17233000_A2_A4_0-1::candidate_04","","","","","","false","","","2026-08-06T19:43:17.620Z","","0","I was holding the camera and looking around the room with the wooden chairs and keyboard, and I noticed a few people in the background. From my angle, I could see the person in the white t-shirt clearly, but I couldn't quite tell who else was there or what they were doing. Was there anyone else in that room besides the person in the white t-shirt and the person in the black dress?","[""No, there were only the two of them in that room."",""Yes, there was also a person sitting on a brown sofa."",""Yes, there was a person standing by the white door."",""Yes, there was a person playing the keyboard."",""Yes, there was a person standing behind the white screen.""]","B","Yes, there was also a person sitting on a brown sofa.","Alice","https://huggingface.co/datasets/lmms-lab/EgoLife/resolve/main/A2_ALICE/DAY6/DAY6_A2_ALICE_17233000.mp4","Lucia","https://huggingface.co/datasets/lmms-lab/EgoLife/resolve/main/A4_LUCIA/DAY6/DAY6_A4_LUCIA_17233000.mp4"
"egolife_rlhf_packet_ranking_v4","dbea4d3c4ab21c99f39c","day5_7_full_100","HM","pending","80","EGOLIFE2U_RANDOM_PAIR_CLIP_PRUNED_DAY6_17240000_A1_A3_0-1","1","EGOLIFE2U_RANDOM_PAIR_CLIP_PRUNED_DAY6_17240000_A1_A3_0-1::candidate_04","","","","","","false","","","2026-08-06T19:43:17.796Z","","0","I was looking down at my legs and then saw people moving around the chairs, but I couldn't see who was sitting in the white wooden chair. Who ended up sitting in that chair?","[""The person in the light green sweater"",""The person in the black jacket and blue jeans"",""The person in the blue plaid shirt"",""The person in the white shirt"",""The person in the red top""]","C","The person in the blue plaid shirt","Jake","https://huggingface.co/datasets/lmms-lab/EgoLife/resolve/main/A1_JAKE/DAY6/DAY6_A1_JAKE_17240000.mp4","Tasha","https://huggingface.co/datasets/lmms-lab/EgoLife/resolve/main/A3_TASHA/DAY6/DAY6_A3_TASHA_17240000.mp4"
"egolife_rlhf_packet_ranking_v4","dbea4d3c4ab21c99f39c","day5_7_full_100","HM","pending","80","EGOLIFE2U_RANDOM_PAIR_CLIP_PRUNED_DAY6_17240000_A1_A3_0-1","2","EGOLIFE2U_RANDOM_PAIR_CLIP_PRUNED_DAY6_17240000_A1_A3_0-1::candidate_03","","","","","","false","","","2026-08-06T19:43:17.796Z","","0","I saw someone sitting in a wooden chair with vertical slats using a smartphone, but I couldn't clearly make out the case color from my angle. What color was the phone case?","[""A white phone case"",""A black phone case"",""A clear or transparent phone case"",""A blue phone case"",""A red phone case""]","B","A black phone case","Jake","https://huggingface.co/datasets/lmms-lab/EgoLife/resolve/main/A1_JAKE/DAY6/DAY6_A1_JAKE_17240000.mp4","Tasha","https://huggingface.co/datasets/lmms-lab/EgoLife/resolve/main/A3_TASHA/DAY6/DAY6_A3_TASHA_17240000.mp4"
"egolife_rlhf_packet_ranking_v4","dbea4d3c4ab21c99f39c","day5_7_full_100","HM","pending","80","EGOLIFE2U_RANDOM_PAIR_CLIP_PRUNED_DAY6_17240000_A1_A3_0-1","3","EGOLIFE2U_RANDOM_PAIR_CLIP_PRUNED_DAY6_17240000_A1_A3_0-1::candidate_01","","","","","","false","","","2026-08-06T19:43:17.796Z","","0","I remember seeing someone in a light green shirt squatting down near the floor while I was sitting on the couch with my legs crossed. What were they doing right at that moment?","[""Looking at a smartphone screen held in both hands"",""Adjusting the legs of a wooden chair"",""Writing or drawing on a piece of paper"",""Fixing the laces on a pair of shoes"",""Playing with a small toy on the floor""]","A","Looking at a smartphone screen held in both hands","Jake","https://huggingface.co/datasets/lmms-lab/EgoLife/resolve/main/A1_JAKE/DAY6/DAY6_A1_JAKE_17240000.mp4","Tasha","https://huggingface.co/datasets/lmms-lab/EgoLife/resolve/main/A3_TASHA/DAY6/DAY6_A3_TASHA_17240000.mp4"
"egolife_rlhf_packet_ranking_v4","dbea4d3c4ab21c99f39c","day5_7_full_100","HM","pending","80","EGOLIFE2U_RANDOM_PAIR_CLIP_PRUNED_DAY6_17240000_A1_A3_0-1","4","EGOLIFE2U_RANDOM_PAIR_CLIP_PRUNED_DAY6_17240000_A1_A3_0-1::candidate_05","","","","","","false","","","2026-08-06T19:43:17.796Z","","0","I saw someone in a blue plaid shirt sitting on one of the white wooden chairs near the projection screen. What kind of shoes were they wearing?","[""White sneakers"",""Black high-top shoes"",""Red and white sandals"",""Blue canvas slip-ons"",""Brown leather boots""]","B","Black high-top shoes","Jake","https://huggingface.co/datasets/lmms-lab/EgoLife/resolve/main/A1_JAKE/DAY6/DAY6_A1_JAKE_17240000.mp4","Tasha","https://huggingface.co/datasets/lmms-lab/EgoLife/resolve/main/A3_TASHA/DAY6/DAY6_A3_TASHA_17240000.mp4"
"egolife_rlhf_packet_ranking_v4","dbea4d3c4ab21c99f39c","day5_7_full_100","HM","pending","80","EGOLIFE2U_RANDOM_PAIR_CLIP_PRUNED_DAY6_17240000_A1_A3_0-1","5","EGOLIFE2U_RANDOM_PAIR_CLIP_PRUNED_DAY6_17240000_A1_A3_0-1::candidate_02","","","","","","false","","","2026-08-06T19:43:17.796Z","","0","I saw a group of people gathered in the room with the white projector screen, and I noticed someone sitting on a wooden chair with vertical slats. What color shirt was that person wearing?","[""A light blue denim shirt"",""A white t-shirt"",""A black leather jacket"",""A light green long-sleeve shirt"",""A dark red sweater""]","A","A light blue denim shirt","Jake","https://huggingface.co/datasets/lmms-lab/EgoLife/resolve/main/A1_JAKE/DAY6/DAY6_A1_JAKE_17240000.mp4","Tasha","https://huggingface.co/datasets/lmms-lab/EgoLife/resolve/main/A3_TASHA/DAY6/DAY6_A3_TASHA_17240000.mp4"
"egolife_rlhf_packet_ranking_v4","dbea4d3c4ab21c99f39c","day5_7_full_100","HM","pending","80","EGOLIFE2U_RANDOM_PAIR_CLIP_PRUNED_DAY6_17240000_A1_A3_0-1","6","EGOLIFE2U_RANDOM_PAIR_CLIP_PRUNED_DAY6_17240000_A1_A3_0-1::candidate_06","","","","","","false","","","2026-08-06T19:43:17.796Z","","0","In the room with the white projection screen, I noticed someone sitting on one of the white wooden chairs wearing a light blue plaid shirt. What kind of shoes were they wearing?","[""White sneakers"",""Black high-top shoes"",""Grey slip-on shoes"",""Red and white sandals"",""Brown leather boots""]","C","Grey slip-on shoes","Jake","https://huggingface.co/datasets/lmms-lab/EgoLife/resolve/main/A1_JAKE/DAY6/DAY6_A1_JAKE_17240000.mp4","Tasha","https://huggingface.co/datasets/lmms-lab/EgoLife/resolve/main/A3_TASHA/DAY6/DAY6_A3_TASHA_17240000.mp4"
"egolife_rlhf_packet_ranking_v4","dbea4d3c4ab21c99f39c","day5_7_full_100","HM","pending","81","EGOLIFE2U_RANDOM_PAIR_CLIP_PRUNED_DAY6_17343000_A2_A3_0-1","1","EGOLIFE2U_RANDOM_PAIR_CLIP_PRUNED_DAY6_17343000_A2_A3_0-1::candidate_01","","","","","","false","","","2026-08-06T19:43:17.970Z","","0","I remember looking at the person in the black jacket with the word 'CHANGE' on the back who was sitting in the living room area. Was there anyone else sitting right next to them on their left?","[""a person in a green shirt leaning in close"",""a person in a white shirt looking at a phone"",""a person in a blue shirt watching the screen"",""a person in a black dress standing up"",""no one was sitting next to them""]","A","a person in a green shirt leaning in close","Alice","https://huggingface.co/datasets/lmms-lab/EgoLife/resolve/main/A2_ALICE/DAY6/DAY6_A2_ALICE_17343000.mp4","Tasha","https://huggingface.co/datasets/lmms-lab/EgoLife/resolve/main/A3_TASHA/DAY6/DAY6_A3_TASHA_17343000.mp4"
"egolife_rlhf_packet_ranking_v4","dbea4d3c4ab21c99f39c","day5_7_full_100","HM","pending","81","EGOLIFE2U_RANDOM_PAIR_CLIP_PRUNED_DAY6_17343000_A2_A3_0-1","2","EGOLIFE2U_RANDOM_PAIR_CLIP_PRUNED_DAY6_17343000_A2_A3_0-1::candidate_04","","","","","","false","","","2026-08-06T19:43:17.970Z","","0","I noticed a tall black tripod stand set up near the projector screen while we were watching the presentation, but I couldn't quite tell what device was mounted on top of it. What was attached to that tripod?","[""A rectangular softbox light"",""A large camera lens"",""A wireless microphone"",""A ceiling fan remote"",""A laptop computer""]","A","A rectangular softbox light","Alice","https://huggingface.co/datasets/lmms-lab/EgoLife/resolve/main/A2_ALICE/DAY6/DAY6_A2_ALICE_17343000.mp4","Tasha","https://huggingface.co/datasets/lmms-lab/EgoLife/resolve/main/A3_TASHA/DAY6/DAY6_A3_TASHA_17343000.mp4"
"egolife_rlhf_packet_ranking_v4","dbea4d3c4ab21c99f39c","day5_7_full_100","HM","pending","81","EGOLIFE2U_RANDOM_PAIR_CLIP_PRUNED_DAY6_17343000_A2_A3_0-1","3","EGOLIFE2U_RANDOM_PAIR_CLIP_PRUNED_DAY6_17343000_A2_A3_0-1::candidate_06","","","","","","false","","","2026-08-06T19:43:17.970Z","","0","I was sitting on the floor watching the presentation and noticed someone standing near the tripod and the flower-shaped lamp. From my angle, I couldn't clearly see what they were wearing. What was the outfit of the person standing by the tripod?","[""A dark jacket and light-colored pants"",""A black sleeveless dress"",""A white t-shirt and green pants"",""A white long-sleeved shirt and grey pants"",""A blue t-shirt and jeans""]","B","A black sleeveless dress","Alice","https://huggingface.co/datasets/lmms-lab/EgoLife/resolve/main/A2_ALICE/DAY6/DAY6_A2_ALICE_17343000.mp4","Tasha","https://huggingface.co/datasets/lmms-lab/EgoLife/resolve/main/A3_TASHA/DAY6/DAY6_A3_TASHA_17343000.mp4"
"egolife_rlhf_packet_ranking_v4","dbea4d3c4ab21c99f39c","day5_7_full_100","HM","pending","81","EGOLIFE2U_RANDOM_PAIR_CLIP_PRUNED_DAY6_17343000_A2_A3_0-1","4","EGOLIFE2U_RANDOM_PAIR_CLIP_PRUNED_DAY6_17343000_A2_A3_0-1::candidate_05","","","","","","false","","","2026-08-06T19:43:17.970Z","","0","I was sitting on the floor in the living room watching the presentation and looking at my phone. I noticed someone standing near the flower-shaped lamp and tripod, but the view from my spot made it hard to tell exactly what they were wearing. What color was the dress of the person standing by the lamp?","[""A white blouse and grey pants"",""A black sleeveless dress"",""A blue t-shirt and jeans"",""A green shirt and shorts"",""A dark jacket and white pants""]","B","A black sleeveless dress","Alice","https://huggingface.co/datasets/lmms-lab/EgoLife/resolve/main/A2_ALICE/DAY6/DAY6_A2_ALICE_17343000.mp4","Tasha","https://huggingface.co/datasets/lmms-lab/EgoLife/resolve/main/A3_TASHA/DAY6/DAY6_A3_TASHA_17343000.mp4"
"egolife_rlhf_packet_ranking_v4","dbea4d3c4ab21c99f39c","day5_7_full_100","HM","pending","81","EGOLIFE2U_RANDOM_PAIR_CLIP_PRUNED_DAY6_17343000_A2_A3_0-1","5","EGOLIFE2U_RANDOM_PAIR_CLIP_PRUNED_DAY6_17343000_A2_A3_0-1::candidate_03","","","","","","false","","","2026-08-06T19:43:17.970Z","","0","I remember seeing a person in a black dress standing near the flower-shaped floor lamp while we were watching the presentation, but I couldn't see what they were doing with their hands. What was that person holding?","[""They were holding a smartphone in their hand."",""They were holding a white plastic bag."",""They were holding a camera on a tripod."",""They were holding a red beverage can."",""They were holding a pair of headphones.""]","A","They were holding a smartphone in their hand.","Alice","https://huggingface.co/datasets/lmms-lab/EgoLife/resolve/main/A2_ALICE/DAY6/DAY6_A2_ALICE_17343000.mp4","Tasha","https://huggingface.co/datasets/lmms-lab/EgoLife/resolve/main/A3_TASHA/DAY6/DAY6_A3_TASHA_17343000.mp4"
"egolife_rlhf_packet_ranking_v4","dbea4d3c4ab21c99f39c","day5_7_full_100","HM","pending","81","EGOLIFE2U_RANDOM_PAIR_CLIP_PRUNED_DAY6_17343000_A2_A3_0-1","6","EGOLIFE2U_RANDOM_PAIR_CLIP_PRUNED_DAY6_17343000_A2_A3_0-1::candidate_02","","","","","","false","","","2026-08-06T19:43:17.970Z","","0","I saw a woman in a black dress standing near the flower-shaped floor lamp while we were watching the presentation, but my view was blocked. Did she stay there, or did she move somewhere else?","[""She walked over to the sofa and sat down next to the person in the white shirt."",""She remained standing near the flower-shaped floor lamp and the tripod."",""She went to the back of the room and sat on the floor."",""She moved to the front of the room to stand next to the projector screen."",""She left the room entirely through the doorway on the left.""]","B","She remained standing near the flower-shaped floor lamp and the tripod.","Alice","https://huggingface.co/datasets/lmms-lab/EgoLife/resolve/main/A2_ALICE/DAY6/DAY6_A2_ALICE_17343000.mp4","Tasha","https://huggingface.co/datasets/lmms-lab/EgoLife/resolve/main/A3_TASHA/DAY6/DAY6_A3_TASHA_17343000.mp4"
"egolife_rlhf_packet_ranking_v4","dbea4d3c4ab21c99f39c","day5_7_full_100","HM","pending","82","EGOLIFE2U_RANDOM_PAIR_CLIP_PRUNED_DAY6_17440000_A2_A5_0-1","1","EGOLIFE2U_RANDOM_PAIR_CLIP_PRUNED_DAY6_17440000_A2_A5_0-1::candidate_03","","","","","","false","","","2026-08-06T19:43:18.141Z","","0","I was standing by the window with the floral curtains and holding a card. What color shirt was the person wearing who was standing near the bed in the room with the white air conditioner?","[""A white shirt with frog buttons"",""A dark blue shirt"",""A light green t-shirt"",""A white t-shirt with green lettering"",""A black shirt""]","A","A white shirt with frog buttons","Alice","https://huggingface.co/datasets/lmms-lab/EgoLife/resolve/main/A2_ALICE/DAY6/DAY6_A2_ALICE_17440000.mp4","Katrina","https://huggingface.co/datasets/lmms-lab/EgoLife/resolve/main/A5_KATRINA/DAY6/DAY6_A5_KATRINA_17440000.mp4"
"egolife_rlhf_packet_ranking_v4","dbea4d3c4ab21c99f39c","day5_7_full_100","HM","pending","82","EGOLIFE2U_RANDOM_PAIR_CLIP_PRUNED_DAY6_17440000_A2_A5_0-1","2","EGOLIFE2U_RANDOM_PAIR_CLIP_PRUNED_DAY6_17440000_A2_A5_0-1::candidate_02","","","","","","false","","","2026-08-06T19:43:18.141Z","","0","I was arranging some items on the small round table next to my bed. Can you tell me what color the shirt was on the person standing near the bed in the other room?","[""A white traditional shirt with frog buttons"",""A white t-shirt with green lettering"",""A dark blue shirt"",""A bright red shirt"",""A light green t-shirt""]","A","A white traditional shirt with frog buttons","Alice","https://huggingface.co/datasets/lmms-lab/EgoLife/resolve/main/A2_ALICE/DAY6/DAY6_A2_ALICE_17440000.mp4","Katrina","https://huggingface.co/datasets/lmms-lab/EgoLife/resolve/main/A5_KATRINA/DAY6/DAY6_A5_KATRINA_17440000.mp4"
"egolife_rlhf_packet_ranking_v4","dbea4d3c4ab21c99f39c","day5_7_full_100","HM","pending","82","EGOLIFE2U_RANDOM_PAIR_CLIP_PRUNED_DAY6_17440000_A2_A5_0-1","3","EGOLIFE2U_RANDOM_PAIR_CLIP_PRUNED_DAY6_17440000_A2_A5_0-1::candidate_06","","","","","","false","","","2026-08-06T19:43:18.141Z","","0","I found a green card on the windowsill in the room with the green lamp and placed it on the side table. I'm wondering about the other bedroom—the one with the blue painting and the white air conditioner. Is there a card sitting on the bed in that room?","[""No, the bed is completely clear"",""Yes, there is a card on the bed"",""Yes, but it is on the floor"",""Yes, but it is on the nightstand"",""No, there is no bed in that room""]","B","Yes, there is a card on the bed","Alice","https://huggingface.co/datasets/lmms-lab/EgoLife/resolve/main/A2_ALICE/DAY6/DAY6_A2_ALICE_17440000.mp4","Katrina","https://huggingface.co/datasets/lmms-lab/EgoLife/resolve/main/A5_KATRINA/DAY6/DAY6_A5_KATRINA_17440000.mp4"
"egolife_rlhf_packet_ranking_v4","dbea4d3c4ab21c99f39c","day5_7_full_100","HM","pending","82","EGOLIFE2U_RANDOM_PAIR_CLIP_PRUNED_DAY6_17440000_A2_A5_0-1","4","EGOLIFE2U_RANDOM_PAIR_CLIP_PRUNED_DAY6_17440000_A2_A5_0-1::candidate_05","","","","","","false","","","2026-08-06T19:43:18.141Z","","0","I just picked up a small green card from the windowsill in the room with the green lamp. I was wondering, did someone in the other bedroom—the one with the white bed and floral rugs—leave a card like that on their bed?","[""Yes, there is a card on the bed"",""Yes, but it is on the floor"",""No, the bed is completely clear"",""No, there is no bed in that room"",""Yes, but it is on the nightstand""]","A","Yes, there is a card on the bed","Alice","https://huggingface.co/datasets/lmms-lab/EgoLife/resolve/main/A2_ALICE/DAY6/DAY6_A2_ALICE_17440000.mp4","Katrina","https://huggingface.co/datasets/lmms-lab/EgoLife/resolve/main/A5_KATRINA/DAY6/DAY6_A5_KATRINA_17440000.mp4"
"egolife_rlhf_packet_ranking_v4","dbea4d3c4ab21c99f39c","day5_7_full_100","HM","pending","82","EGOLIFE2U_RANDOM_PAIR_CLIP_PRUNED_DAY6_17440000_A2_A5_0-1","5","EGOLIFE2U_RANDOM_PAIR_CLIP_PRUNED_DAY6_17440000_A2_A5_0-1::candidate_04","","","","","","false","","","2026-08-06T19:43:18.141Z","","0","I just finished arranging the little figurine and card on the windowsill in the room with the green lamp. When I went to leave, I noticed someone else was in the bedroom with the white bed and floral rugs. What were they doing in there?","[""Setting up a camera on the bed"",""Folding clothes near the closet"",""Packing a suitcase by the window"",""Reading a book on the chair"",""Watering the plants in the corner""]","A","Setting up a camera on the bed","Alice","https://huggingface.co/datasets/lmms-lab/EgoLife/resolve/main/A2_ALICE/DAY6/DAY6_A2_ALICE_17440000.mp4","Katrina","https://huggingface.co/datasets/lmms-lab/EgoLife/resolve/main/A5_KATRINA/DAY6/DAY6_A5_KATRINA_17440000.mp4"
"egolife_rlhf_packet_ranking_v4","dbea4d3c4ab21c99f39c","day5_7_full_100","HM","pending","82","EGOLIFE2U_RANDOM_PAIR_CLIP_PRUNED_DAY6_17440000_A2_A5_0-1","6","EGOLIFE2U_RANDOM_PAIR_CLIP_PRUNED_DAY6_17440000_A2_A5_0-1::candidate_01","","","","","","false","","","2026-08-06T19:43:18.141Z","","0","I was looking at the group of people standing in the room with the television and air conditioner. Can you tell me what color shirt the person standing right next to the person in the white traditional top was wearing?","[""A bright red shirt"",""A white t-shirt with green lettering"",""A solid black shirt"",""A light green t-shirt"",""A dark blue shirt""]","C","A solid black shirt","Alice","https://huggingface.co/datasets/lmms-lab/EgoLife/resolve/main/A2_ALICE/DAY6/DAY6_A2_ALICE_17440000.mp4","Katrina","https://huggingface.co/datasets/lmms-lab/EgoLife/resolve/main/A5_KATRINA/DAY6/DAY6_A5_KATRINA_17440000.mp4"
"egolife_rlhf_packet_ranking_v4","dbea4d3c4ab21c99f39c","day5_7_full_100","HM","pending","83","EGOLIFE2U_RANDOM_PAIR_CLIP_PRUNED_DAY7_12053000_A1_A6_0-1","1","EGOLIFE2U_RANDOM_PAIR_CLIP_PRUNED_DAY7_12053000_A1_A6_0-1::candidate_05","","","","","","false","","","2026-08-06T19:43:18.338Z","","0","I was holding a container with a lid earlier, but I couldn't see what was inside until I opened it. What was the food item in that container?","[""A bowl of white rice"",""A serving of fried chicken"",""A plate of vegetables"",""A dessert with fruit"",""A container of soup""]","A","A bowl of white rice","Jake","https://huggingface.co/datasets/lmms-lab/EgoLife/resolve/main/A1_JAKE/DAY7/DAY7_A1_JAKE_12053000.mp4","Shure","https://huggingface.co/datasets/lmms-lab/EgoLife/resolve/main/A6_SHURE/DAY7/DAY7_A6_SHURE_12053000.mp4"
"egolife_rlhf_packet_ranking_v4","dbea4d3c4ab21c99f39c","day5_7_full_100","HM","pending","83","EGOLIFE2U_RANDOM_PAIR_CLIP_PRUNED_DAY7_12053000_A1_A6_0-1","2","EGOLIFE2U_RANDOM_PAIR_CLIP_PRUNED_DAY7_12053000_A1_A6_0-1::candidate_04","","","","","","false","","","2026-08-06T19:43:18.338Z","","0","I was looking at the people sitting directly across from me at the table, but the view from my seat didn't show the whole group. What color shirt was the person on the far right of that group wearing?","[""A yellow shirt"",""A white shirt"",""A black shirt"",""A blue shirt"",""A red shirt""]","A","A yellow shirt","Jake","https://huggingface.co/datasets/lmms-lab/EgoLife/resolve/main/A1_JAKE/DAY7/DAY7_A1_JAKE_12053000.mp4","Shure","https://huggingface.co/datasets/lmms-lab/EgoLife/resolve/main/A6_SHURE/DAY7/DAY7_A6_SHURE_12053000.mp4"
"egolife_rlhf_packet_ranking_v4","dbea4d3c4ab21c99f39c","day5_7_full_100","HM","pending","83","EGOLIFE2U_RANDOM_PAIR_CLIP_PRUNED_DAY7_12053000_A1_A6_0-1","3","EGOLIFE2U_RANDOM_PAIR_CLIP_PRUNED_DAY7_12053000_A1_A6_0-1::candidate_03","","","","","","false","","","2026-08-06T19:43:18.338Z","","0","I was looking around the table while we were eating, but I couldn't see what was on the other side of the umbrella pole. What color shirt was the person sitting directly across from me wearing?","[""A yellow shirt"",""A white shirt"",""A black shirt"",""A blue shirt"",""A red shirt""]","A","A yellow shirt","Jake","https://huggingface.co/datasets/lmms-lab/EgoLife/resolve/main/A1_JAKE/DAY7/DAY7_A1_JAKE_12053000.mp4","Shure","https://huggingface.co/datasets/lmms-lab/EgoLife/resolve/main/A6_SHURE/DAY7/DAY7_A6_SHURE_12053000.mp4"
"egolife_rlhf_packet_ranking_v4","dbea4d3c4ab21c99f39c","day5_7_full_100","HM","pending","83","EGOLIFE2U_RANDOM_PAIR_CLIP_PRUNED_DAY7_12053000_A1_A6_0-1","4","EGOLIFE2U_RANDOM_PAIR_CLIP_PRUNED_DAY7_12053000_A1_A6_0-1::candidate_01","","","","","","false","","","2026-08-06T19:43:18.338Z","","0","While I was looking down at the table with all the food and drink bottles, I couldn't see what was right behind us. What is the main feature of the wall directly behind the people sitting across from me?","[""A plain beige wall with no windows"",""A wall with three small blue-framed windows"",""A large glass door leading inside"",""A wooden fence with climbing plants"",""A blue-painted wall with a large window""]","B","A wall with three small blue-framed windows","Jake","https://huggingface.co/datasets/lmms-lab/EgoLife/resolve/main/A1_JAKE/DAY7/DAY7_A1_JAKE_12053000.mp4","Shure","https://huggingface.co/datasets/lmms-lab/EgoLife/resolve/main/A6_SHURE/DAY7/DAY7_A6_SHURE_12053000.mp4"
"egolife_rlhf_packet_ranking_v4","dbea4d3c4ab21c99f39c","day5_7_full_100","HM","pending","83","EGOLIFE2U_RANDOM_PAIR_CLIP_PRUNED_DAY7_12053000_A1_A6_0-1","5","EGOLIFE2U_RANDOM_PAIR_CLIP_PRUNED_DAY7_12053000_A1_A6_0-1::candidate_02","","","","","","false","","","2026-08-06T19:43:18.338Z","","0","I was looking at the person sitting directly across from me wearing a dark patterned shirt, but I couldn't see what was behind them. What is visible on the wall right behind that person?","[""A light-colored wall with three small blue-framed windows"",""A bright blue exterior wall with a large glass window"",""A wooden fence with climbing green plants"",""A plain white wall with no features"",""A brick wall with a large hanging sign""]","A","A light-colored wall with three small blue-framed windows","Jake","https://huggingface.co/datasets/lmms-lab/EgoLife/resolve/main/A1_JAKE/DAY7/DAY7_A1_JAKE_12053000.mp4","Shure","https://huggingface.co/datasets/lmms-lab/EgoLife/resolve/main/A6_SHURE/DAY7/DAY7_A6_SHURE_12053000.mp4"
"egolife_rlhf_packet_ranking_v4","dbea4d3c4ab21c99f39c","day5_7_full_100","HM","pending","83","EGOLIFE2U_RANDOM_PAIR_CLIP_PRUNED_DAY7_12053000_A1_A6_0-1","6","EGOLIFE2U_RANDOM_PAIR_CLIP_PRUNED_DAY7_12053000_A1_A6_0-1::candidate_06","","","","","","false","","","2026-08-06T19:43:18.338Z","","0","I was looking at the group eating at the table, but I couldn't see what was in the white bowl that the person in the yellow shirt was holding. What was the food in that bowl?","[""A bowl of white rice"",""A serving of fried chicken"",""A plate of vegetables"",""A dessert with fruit"",""A container of soup""]","A","A bowl of white rice","Jake","https://huggingface.co/datasets/lmms-lab/EgoLife/resolve/main/A1_JAKE/DAY7/DAY7_A1_JAKE_12053000.mp4","Shure","https://huggingface.co/datasets/lmms-lab/EgoLife/resolve/main/A6_SHURE/DAY7/DAY7_A6_SHURE_12053000.mp4"
"egolife_rlhf_packet_ranking_v4","dbea4d3c4ab21c99f39c","day5_7_full_100","HM","pending","84","EGOLIFE2U_RANDOM_PAIR_CLIP_PRUNED_DAY7_12070000_A2_A6_0-1","1","EGOLIFE2U_RANDOM_PAIR_CLIP_PRUNED_DAY7_12070000_A2_A6_0-1::candidate_06","","","","","","false","","","2026-08-06T19:43:18.504Z","","0","I saw someone holding a blue snack bag at the table, but I couldn't catch what was written on it. What kind of snack was in that blue bag?","[""A bag of dried squid snacks"",""A bag of potato chips"",""A bag of spicy shrimp crackers"",""A bag of seaweed sheets"",""A bag of mixed nuts""]","A","A bag of dried squid snacks","Alice","https://huggingface.co/datasets/lmms-lab/EgoLife/resolve/main/A2_ALICE/DAY7/DAY7_A2_ALICE_12070000.mp4","Shure","https://huggingface.co/datasets/lmms-lab/EgoLife/resolve/main/A6_SHURE/DAY7/DAY7_A6_SHURE_12070000.mp4"
"egolife_rlhf_packet_ranking_v4","dbea4d3c4ab21c99f39c","day5_7_full_100","HM","pending","84","EGOLIFE2U_RANDOM_PAIR_CLIP_PRUNED_DAY7_12070000_A2_A6_0-1","2","EGOLIFE2U_RANDOM_PAIR_CLIP_PRUNED_DAY7_12070000_A2_A6_0-1::candidate_03","","","","","","false","","","2026-08-06T19:43:18.504Z","","0","I noticed the tablet propped up on the table, but I couldn't see who was actually looking at the screen from my angle. Which of us was the one checking the tablet?","[""The person in the dark jacket"",""The person in the white shirt"",""The person in the brown shirt"",""The person in the blue denim jacket"",""The person in the pink shirt""]","A","The person in the dark jacket","Alice","https://huggingface.co/datasets/lmms-lab/EgoLife/resolve/main/A2_ALICE/DAY7/DAY7_A2_ALICE_12070000.mp4","Shure","https://huggingface.co/datasets/lmms-lab/EgoLife/resolve/main/A6_SHURE/DAY7/DAY7_A6_SHURE_12070000.mp4"
"egolife_rlhf_packet_ranking_v4","dbea4d3c4ab21c99f39c","day5_7_full_100","HM","pending","84","EGOLIFE2U_RANDOM_PAIR_CLIP_PRUNED_DAY7_12070000_A2_A6_0-1","3","EGOLIFE2U_RANDOM_PAIR_CLIP_PRUNED_DAY7_12070000_A2_A6_0-1::candidate_01","","","","","","false","","","2026-08-06T19:43:18.504Z","","0","I was looking at the food on the table and saw a few plastic containers, but I couldn't quite tell what was in the big red rectangular dish near the edge. What food was in that red container?","[""Fried chicken pieces"",""A baked pasta or casserole dish"",""A green vegetable stir-fry"",""White rice with toppings"",""A fruit salad""]","B","A baked pasta or casserole dish","Alice","https://huggingface.co/datasets/lmms-lab/EgoLife/resolve/main/A2_ALICE/DAY7/DAY7_A2_ALICE_12070000.mp4","Shure","https://huggingface.co/datasets/lmms-lab/EgoLife/resolve/main/A6_SHURE/DAY7/DAY7_A6_SHURE_12070000.mp4"
"egolife_rlhf_packet_ranking_v4","dbea4d3c4ab21c99f39c","day5_7_full_100","HM","pending","84","EGOLIFE2U_RANDOM_PAIR_CLIP_PRUNED_DAY7_12070000_A2_A6_0-1","4","EGOLIFE2U_RANDOM_PAIR_CLIP_PRUNED_DAY7_12070000_A2_A6_0-1::candidate_05","","","","","","false","","","2026-08-06T19:43:18.504Z","","0","I was eating at the table and saw the person sitting across from me in the white shirt looking down at a device. What was that person actually doing with the device?","[""They were typing a message on their phone."",""They were watching a video on a tablet."",""They were holding their phone up to their ear to talk."",""They were reading a book next to the phone."",""They were using the phone to take a picture.""]","C","They were holding their phone up to their ear to talk.","Alice","https://huggingface.co/datasets/lmms-lab/EgoLife/resolve/main/A2_ALICE/DAY7/DAY7_A2_ALICE_12070000.mp4","Shure","https://huggingface.co/datasets/lmms-lab/EgoLife/resolve/main/A6_SHURE/DAY7/DAY7_A6_SHURE_12070000.mp4"
"egolife_rlhf_packet_ranking_v4","dbea4d3c4ab21c99f39c","day5_7_full_100","HM","pending","84","EGOLIFE2U_RANDOM_PAIR_CLIP_PRUNED_DAY7_12070000_A2_A6_0-1","5","EGOLIFE2U_RANDOM_PAIR_CLIP_PRUNED_DAY7_12070000_A2_A6_0-1::candidate_02","","","","","","false","","","2026-08-06T19:43:18.504Z","","0","I remember seeing a tablet on the table while we were eating, but I couldn't tell who was actually using it. Which of us was looking at the tablet screen?","[""The person wearing a pink shirt"",""The person wearing a dark jacket"",""The person wearing a white shirt"",""The person wearing a blue denim jacket"",""The person wearing a yellow shirt""]","B","The person wearing a dark jacket","Alice","https://huggingface.co/datasets/lmms-lab/EgoLife/resolve/main/A2_ALICE/DAY7/DAY7_A2_ALICE_12070000.mp4","Shure","https://huggingface.co/datasets/lmms-lab/EgoLife/resolve/main/A6_SHURE/DAY7/DAY7_A6_SHURE_12070000.mp4"
"egolife_rlhf_packet_ranking_v4","dbea4d3c4ab21c99f39c","day5_7_full_100","HM","pending","84","EGOLIFE2U_RANDOM_PAIR_CLIP_PRUNED_DAY7_12070000_A2_A6_0-1","6","EGOLIFE2U_RANDOM_PAIR_CLIP_PRUNED_DAY7_12070000_A2_A6_0-1::candidate_04","","","","","","false","","","2026-08-06T19:43:18.504Z","","0","I noticed the person sitting across from us in the white shirt was looking down at a phone. What did the person sitting to their right do with their phone?","[""They put their phone down on the table."",""They used both hands to type on their phone."",""They held their phone up to their ear to talk."",""They passed their phone to the person in the middle."",""They placed their phone inside a bag.""]","C","They held their phone up to their ear to talk.","Alice","https://huggingface.co/datasets/lmms-lab/EgoLife/resolve/main/A2_ALICE/DAY7/DAY7_A2_ALICE_12070000.mp4","Shure","https://huggingface.co/datasets/lmms-lab/EgoLife/resolve/main/A6_SHURE/DAY7/DAY7_A6_SHURE_12070000.mp4"
"egolife_rlhf_packet_ranking_v4","dbea4d3c4ab21c99f39c","day5_7_full_100","HM","pending","85","EGOLIFE2U_RANDOM_PAIR_CLIP_PRUNED_DAY7_12210000_A2_A3_0-1","1","EGOLIFE2U_RANDOM_PAIR_CLIP_PRUNED_DAY7_12210000_A2_A3_0-1::candidate_03","","","","","","false","","","2026-08-06T19:43:18.667Z","","0","I remember looking at my phone while we were eating, but I couldn't see the person sitting on my left. Was the person with long dark hair and wearing a denim jacket eating from a white bowl?","[""Yes, the person with long dark hair and wearing a denim jacket was eating from a white bowl"",""Yes, but the person with long dark hair and wearing a denim jacket was eating from a plastic container"",""No, the person with long dark hair and wearing a denim jacket was eating from a paper plate"",""No, the person with long dark hair and wearing a denim jacket was not eating at all"",""No, the person with long dark hair and wearing a denim jacket was drinking from a cup""]","A","Yes, the person with long dark hair and wearing a denim jacket was eating from a white bowl","Alice","https://huggingface.co/datasets/lmms-lab/EgoLife/resolve/main/A2_ALICE/DAY7/DAY7_A2_ALICE_12210000.mp4","Tasha","https://huggingface.co/datasets/lmms-lab/EgoLife/resolve/main/A3_TASHA/DAY7/DAY7_A3_TASHA_12210000.mp4"
"egolife_rlhf_packet_ranking_v4","dbea4d3c4ab21c99f39c","day5_7_full_100","HM","pending","85","EGOLIFE2U_RANDOM_PAIR_CLIP_PRUNED_DAY7_12210000_A2_A3_0-1","2","EGOLIFE2U_RANDOM_PAIR_CLIP_PRUNED_DAY7_12210000_A2_A3_0-1::candidate_04","","","","","","false","","","2026-08-06T19:43:18.667Z","","0","I can see the person with pink hair sitting across from me, but I can't see who is sitting right next to me on the left. Who is sitting there?","[""A person wearing a yellow shirt"",""A person wearing a blue shirt"",""A person wearing a black shirt"",""A person wearing a white shirt"",""A person wearing a red shirt""]","B","A person wearing a blue shirt","Alice","https://huggingface.co/datasets/lmms-lab/EgoLife/resolve/main/A2_ALICE/DAY7/DAY7_A2_ALICE_12210000.mp4","Tasha","https://huggingface.co/datasets/lmms-lab/EgoLife/resolve/main/A3_TASHA/DAY7/DAY7_A3_TASHA_12210000.mp4"
"egolife_rlhf_packet_ranking_v4","dbea4d3c4ab21c99f39c","day5_7_full_100","HM","pending","85","EGOLIFE2U_RANDOM_PAIR_CLIP_PRUNED_DAY7_12210000_A2_A3_0-1","3","EGOLIFE2U_RANDOM_PAIR_CLIP_PRUNED_DAY7_12210000_A2_A3_0-1::candidate_05","","","","","","false","","","2026-08-06T19:43:18.667Z","","0","I'm looking at the person sitting across the table in the white jacket with pink hair. What color are the pants they are wearing?","[""Black pants"",""Dark blue denim jeans"",""Light gray sweatpants"",""White trousers"",""Khaki chinos""]","B","Dark blue denim jeans","Alice","https://huggingface.co/datasets/lmms-lab/EgoLife/resolve/main/A2_ALICE/DAY7/DAY7_A2_ALICE_12210000.mp4","Tasha","https://huggingface.co/datasets/lmms-lab/EgoLife/resolve/main/A3_TASHA/DAY7/DAY7_A3_TASHA_12210000.mp4"
"egolife_rlhf_packet_ranking_v4","dbea4d3c4ab21c99f39c","day5_7_full_100","HM","pending","85","EGOLIFE2U_RANDOM_PAIR_CLIP_PRUNED_DAY7_12210000_A2_A3_0-1","4","EGOLIFE2U_RANDOM_PAIR_CLIP_PRUNED_DAY7_12210000_A2_A3_0-1::candidate_06","","","","","","false","","","2026-08-06T19:43:18.667Z","","0","I noticed a person in a yellow shirt sitting on a bench in the yard. What was written on the sleeve of their shirt?","[""A red snake design"",""A black star symbol"",""A white letter S"",""A green leaf pattern"",""A blue wave graphic""]","A","A red snake design","Alice","https://huggingface.co/datasets/lmms-lab/EgoLife/resolve/main/A2_ALICE/DAY7/DAY7_A2_ALICE_12210000.mp4","Tasha","https://huggingface.co/datasets/lmms-lab/EgoLife/resolve/main/A3_TASHA/DAY7/DAY7_A3_TASHA_12210000.mp4"
"egolife_rlhf_packet_ranking_v4","dbea4d3c4ab21c99f39c","day5_7_full_100","HM","pending","85","EGOLIFE2U_RANDOM_PAIR_CLIP_PRUNED_DAY7_12210000_A2_A3_0-1","5","EGOLIFE2U_RANDOM_PAIR_CLIP_PRUNED_DAY7_12210000_A2_A3_0-1::candidate_02","","","","","","false","","","2026-08-06T19:43:18.667Z","","0","I'm trying to recall the seating arrangement at the outdoor table. From my perspective, I see the person with pink hair and the person in the dark shirt, but I couldn't quite see who was sitting on the other side. Was the person in the yellow shirt sitting at the table with us?","[""Yes, the person in the yellow shirt was sitting at the table"",""No, the person in the yellow shirt was standing nearby"",""No, the person in the yellow shirt was not visible in the scene"",""Yes, but the person in the yellow shirt was behind me"",""No, there was no one else at the table""]","A","Yes, the person in the yellow shirt was sitting at the table","Alice","https://huggingface.co/datasets/lmms-lab/EgoLife/resolve/main/A2_ALICE/DAY7/DAY7_A2_ALICE_12210000.mp4","Tasha","https://huggingface.co/datasets/lmms-lab/EgoLife/resolve/main/A3_TASHA/DAY7/DAY7_A3_TASHA_12210000.mp4"
"egolife_rlhf_packet_ranking_v4","dbea4d3c4ab21c99f39c","day5_7_full_100","HM","pending","85","EGOLIFE2U_RANDOM_PAIR_CLIP_PRUNED_DAY7_12210000_A2_A3_0-1","6","EGOLIFE2U_RANDOM_PAIR_CLIP_PRUNED_DAY7_12210000_A2_A3_0-1::candidate_01","","","","","","false","","","2026-08-06T19:43:18.667Z","","0","I noticed a bottle of purple drink on the table while we were eating, but from my spot, I couldn't see who it was sitting right next to. Was the bottle placed next to the person with pink hair, the person with dark hair, or somewhere else?","[""Next to the person with pink hair"",""Next to the person with dark hair"",""Next to the person in the yellow shirt"",""In the middle of the table, equidistant from everyone"",""Behind the pile of empty containers""]","A","Next to the person with pink hair","Alice","https://huggingface.co/datasets/lmms-lab/EgoLife/resolve/main/A2_ALICE/DAY7/DAY7_A2_ALICE_12210000.mp4","Tasha","https://huggingface.co/datasets/lmms-lab/EgoLife/resolve/main/A3_TASHA/DAY7/DAY7_A3_TASHA_12210000.mp4"
"egolife_rlhf_packet_ranking_v4","dbea4d3c4ab21c99f39c","day5_7_full_100","HM","pending","86","EGOLIFE2U_RANDOM_PAIR_CLIP_PRUNED_DAY7_12243000_A1_A6_0-1","1","EGOLIFE2U_RANDOM_PAIR_CLIP_PRUNED_DAY7_12243000_A1_A6_0-1::candidate_05","","","","","","false","","","2026-08-06T19:43:18.835Z","","0","I'm trying to remember what color shirt the person in the denim jacket was wearing before they put the jacket on, but I can't quite recall. What color was their top?","[""A pink shirt"",""A white shirt"",""A black shirt"",""A blue shirt"",""A yellow shirt""]","A","A pink shirt","Jake","https://huggingface.co/datasets/lmms-lab/EgoLife/resolve/main/A1_JAKE/DAY7/DAY7_A1_JAKE_12243000.mp4","Shure","https://huggingface.co/datasets/lmms-lab/EgoLife/resolve/main/A6_SHURE/DAY7/DAY7_A6_SHURE_12243000.mp4"
"egolife_rlhf_packet_ranking_v4","dbea4d3c4ab21c99f39c","day5_7_full_100","HM","pending","86","EGOLIFE2U_RANDOM_PAIR_CLIP_PRUNED_DAY7_12243000_A1_A6_0-1","2","EGOLIFE2U_RANDOM_PAIR_CLIP_PRUNED_DAY7_12243000_A1_A6_0-1::candidate_01","","","","","","false","","","2026-08-06T19:43:18.835Z","","0","I was looking at the white board on a stand in the background of our patio, and I could see there was a dark object attached to it, but I couldn't quite tell what it was. What was that dark object attached to the board?","[""A black bag"",""A black camera"",""A black hat"",""A black umbrella"",""A black speaker""]","A","A black bag","Jake","https://huggingface.co/datasets/lmms-lab/EgoLife/resolve/main/A1_JAKE/DAY7/DAY7_A1_JAKE_12243000.mp4","Shure","https://huggingface.co/datasets/lmms-lab/EgoLife/resolve/main/A6_SHURE/DAY7/DAY7_A6_SHURE_12243000.mp4"
"egolife_rlhf_packet_ranking_v4","dbea4d3c4ab21c99f39c","day5_7_full_100","HM","pending","86","EGOLIFE2U_RANDOM_PAIR_CLIP_PRUNED_DAY7_12243000_A1_A6_0-1","3","EGOLIFE2U_RANDOM_PAIR_CLIP_PRUNED_DAY7_12243000_A1_A6_0-1::candidate_03","","","","","","false","","","2026-08-06T19:43:18.835Z","","0","I'm trying to remember what was attached to the back of the whiteboard on the stand behind us. Was it a bag, a camera, or something else?","[""A black bag"",""A black camera"",""A black hat"",""A black umbrella"",""A black speaker""]","A","A black bag","Jake","https://huggingface.co/datasets/lmms-lab/EgoLife/resolve/main/A1_JAKE/DAY7/DAY7_A1_JAKE_12243000.mp4","Shure","https://huggingface.co/datasets/lmms-lab/EgoLife/resolve/main/A6_SHURE/DAY7/DAY7_A6_SHURE_12243000.mp4"
"egolife_rlhf_packet_ranking_v4","dbea4d3c4ab21c99f39c","day5_7_full_100","HM","pending","86","EGOLIFE2U_RANDOM_PAIR_CLIP_PRUNED_DAY7_12243000_A1_A6_0-1","4","EGOLIFE2U_RANDOM_PAIR_CLIP_PRUNED_DAY7_12243000_A1_A6_0-1::candidate_06","","","","","","false","","","2026-08-06T19:43:18.835Z","","0","I'm looking back at our time sitting around the outdoor table under the umbrella, but I can't remember what the person in the pink shirt was wearing on their head. Did they have a hat on?","[""A black cap"",""A pink cap"",""A white cap"",""No hat at all"",""A blue cap""]","A","A black cap","Jake","https://huggingface.co/datasets/lmms-lab/EgoLife/resolve/main/A1_JAKE/DAY7/DAY7_A1_JAKE_12243000.mp4","Shure","https://huggingface.co/datasets/lmms-lab/EgoLife/resolve/main/A6_SHURE/DAY7/DAY7_A6_SHURE_12243000.mp4"
"egolife_rlhf_packet_ranking_v4","dbea4d3c4ab21c99f39c","day5_7_full_100","HM","pending","86","EGOLIFE2U_RANDOM_PAIR_CLIP_PRUNED_DAY7_12243000_A1_A6_0-1","5","EGOLIFE2U_RANDOM_PAIR_CLIP_PRUNED_DAY7_12243000_A1_A6_0-1::candidate_04","","","","","","false","","","2026-08-06T19:43:18.835Z","","0","I'm looking at the person in the pink shirt who was sitting next to me at the table. What color was the top that person was wearing?","[""A white blouse"",""A pink shirt"",""A denim jacket"",""A beige shirt"",""A yellow shirt""]","B","A pink shirt","Jake","https://huggingface.co/datasets/lmms-lab/EgoLife/resolve/main/A1_JAKE/DAY7/DAY7_A1_JAKE_12243000.mp4","Shure","https://huggingface.co/datasets/lmms-lab/EgoLife/resolve/main/A6_SHURE/DAY7/DAY7_A6_SHURE_12243000.mp4"
"egolife_rlhf_packet_ranking_v4","dbea4d3c4ab21c99f39c","day5_7_full_100","HM","pending","86","EGOLIFE2U_RANDOM_PAIR_CLIP_PRUNED_DAY7_12243000_A1_A6_0-1","6","EGOLIFE2U_RANDOM_PAIR_CLIP_PRUNED_DAY7_12243000_A1_A6_0-1::candidate_02","","","","","","false","","","2026-08-06T19:43:18.835Z","","0","I noticed the whiteboard on the stand in the background of our patio, and there was a dark object attached to it that I couldn't quite make out. What was that dark object?","[""A black bag"",""A black camera"",""A black hat"",""A black umbrella"",""A black speaker""]","A","A black bag","Jake","https://huggingface.co/datasets/lmms-lab/EgoLife/resolve/main/A1_JAKE/DAY7/DAY7_A1_JAKE_12243000.mp4","Shure","https://huggingface.co/datasets/lmms-lab/EgoLife/resolve/main/A6_SHURE/DAY7/DAY7_A6_SHURE_12243000.mp4"
"egolife_rlhf_packet_ranking_v4","dbea4d3c4ab21c99f39c","day5_7_full_100","HM","pending","87","EGOLIFE2U_RANDOM_PAIR_CLIP_PRUNED_DAY7_12543000_A2_A6_0-1","1","EGOLIFE2U_RANDOM_PAIR_CLIP_PRUNED_DAY7_12543000_A2_A6_0-1::candidate_03","","","","","","false","","","2026-08-06T19:43:19.013Z","","0","I saw the person in the yellow shirt standing by the projection screen. What kind of board were they holding?","[""A large black and white checkered board"",""A standard-sized blue chessboard"",""A white magnetic whiteboard"",""A wooden painting easel"",""A transparent glass pane""]","A","A large black and white checkered board","Alice","https://huggingface.co/datasets/lmms-lab/EgoLife/resolve/main/A2_ALICE/DAY7/DAY7_A2_ALICE_12543000.mp4","Shure","https://huggingface.co/datasets/lmms-lab/EgoLife/resolve/main/A6_SHURE/DAY7/DAY7_A6_SHURE_12543000.mp4"
"egolife_rlhf_packet_ranking_v4","dbea4d3c4ab21c99f39c","day5_7_full_100","HM","pending","87","EGOLIFE2U_RANDOM_PAIR_CLIP_PRUNED_DAY7_12543000_A2_A6_0-1","2","EGOLIFE2U_RANDOM_PAIR_CLIP_PRUNED_DAY7_12543000_A2_A6_0-1::candidate_01","","","","","","false","","","2026-08-06T19:43:19.013Z","","0","I was in the kitchen handling some containers, but when I moved to the room with the projector screen, I couldn't see where the person in the yellow shirt had gone. Where did that person end up standing?","[""In the kitchen next to the microwave"",""Beside the table with the red and white checkered cloth"",""Near the doorway in the room with the projector screen"",""In the hallway outside the main room"",""Sitting on a chair near the window""]","C","Near the doorway in the room with the projector screen","Alice","https://huggingface.co/datasets/lmms-lab/EgoLife/resolve/main/A2_ALICE/DAY7/DAY7_A2_ALICE_12543000.mp4","Shure","https://huggingface.co/datasets/lmms-lab/EgoLife/resolve/main/A6_SHURE/DAY7/DAY7_A6_SHURE_12543000.mp4"
"egolife_rlhf_packet_ranking_v4","dbea4d3c4ab21c99f39c","day5_7_full_100","HM","pending","87","EGOLIFE2U_RANDOM_PAIR_CLIP_PRUNED_DAY7_12543000_A2_A6_0-1","3","EGOLIFE2U_RANDOM_PAIR_CLIP_PRUNED_DAY7_12543000_A2_A6_0-1::candidate_06","","","","","","false","","","2026-08-06T19:43:19.013Z","","0","I was in the kitchen grabbing a paper towel near the microwave, but I couldn't see what was sitting on top of it. What was the object on top of the microwave?","[""A small circular hole"",""A large rectangular gap"",""A long vertical slit"",""A jagged irregular tear"",""A square cutout""]","A","A small circular hole","Alice","https://huggingface.co/datasets/lmms-lab/EgoLife/resolve/main/A2_ALICE/DAY7/DAY7_A2_ALICE_12543000.mp4","Shure","https://huggingface.co/datasets/lmms-lab/EgoLife/resolve/main/A6_SHURE/DAY7/DAY7_A6_SHURE_12543000.mp4"
"egolife_rlhf_packet_ranking_v4","dbea4d3c4ab21c99f39c","day5_7_full_100","HM","pending","87","EGOLIFE2U_RANDOM_PAIR_CLIP_PRUNED_DAY7_12543000_A2_A6_0-1","4","EGOLIFE2U_RANDOM_PAIR_CLIP_PRUNED_DAY7_12543000_A2_A6_0-1::candidate_05","","","","","","false","","","2026-08-06T19:43:19.013Z","","0","I was standing in the room with the white projector screen looking at the person in the yellow shirt, but from my angle, I couldn't see what they were wearing on their feet. What kind of footwear was that person wearing?","[""Red socks"",""White sneakers"",""Black sandals"",""Brown boots"",""Blue canvas shoes""]","A","Red socks","Alice","https://huggingface.co/datasets/lmms-lab/EgoLife/resolve/main/A2_ALICE/DAY7/DAY7_A2_ALICE_12543000.mp4","Shure","https://huggingface.co/datasets/lmms-lab/EgoLife/resolve/main/A6_SHURE/DAY7/DAY7_A6_SHURE_12543000.mp4"
"egolife_rlhf_packet_ranking_v4","dbea4d3c4ab21c99f39c","day5_7_full_100","HM","pending","87","EGOLIFE2U_RANDOM_PAIR_CLIP_PRUNED_DAY7_12543000_A2_A6_0-1","5","EGOLIFE2U_RANDOM_PAIR_CLIP_PRUNED_DAY7_12543000_A2_A6_0-1::candidate_02","","","","","","false","","","2026-08-06T19:43:19.013Z","","0","I was standing by the microwave and toaster oven in the kitchen, and I grabbed that roll of paper towels from the counter. What was the roll sitting on top of?","[""A metal wire rack shelf"",""A cardboard box"",""A wooden cutting board"",""A stack of white plates"",""A white plastic container""]","B","A cardboard box","Alice","https://huggingface.co/datasets/lmms-lab/EgoLife/resolve/main/A2_ALICE/DAY7/DAY7_A2_ALICE_12543000.mp4","Shure","https://huggingface.co/datasets/lmms-lab/EgoLife/resolve/main/A6_SHURE/DAY7/DAY7_A6_SHURE_12543000.mp4"
"egolife_rlhf_packet_ranking_v4","dbea4d3c4ab21c99f39c","day5_7_full_100","HM","pending","87","EGOLIFE2U_RANDOM_PAIR_CLIP_PRUNED_DAY7_12543000_A2_A6_0-1","6","EGOLIFE2U_RANDOM_PAIR_CLIP_PRUNED_DAY7_12543000_A2_A6_0-1::candidate_04","","","","","","false","","","2026-08-06T19:43:19.013Z","","0","I saw the person in the yellow shirt standing in the room with the white projector screen, but I couldn't see what they were wearing on their feet from my angle. What kind of footwear was that person wearing?","[""Red socks"",""White sneakers"",""Black sandals"",""Brown boots"",""Blue canvas shoes""]","A","Red socks","Alice","https://huggingface.co/datasets/lmms-lab/EgoLife/resolve/main/A2_ALICE/DAY7/DAY7_A2_ALICE_12543000.mp4","Shure","https://huggingface.co/datasets/lmms-lab/EgoLife/resolve/main/A6_SHURE/DAY7/DAY7_A6_SHURE_12543000.mp4"
"egolife_rlhf_packet_ranking_v4","dbea4d3c4ab21c99f39c","day5_7_full_100","HM","pending","88","EGOLIFE2U_RANDOM_PAIR_CLIP_PRUNED_DAY7_12570000_A2_A4_0-1","1","EGOLIFE2U_RANDOM_PAIR_CLIP_PRUNED_DAY7_12570000_A2_A4_0-1::candidate_06","","","","","","false","","","2026-08-06T19:43:19.191Z","","0","I saw someone walking through the room with the projector screen and large white speaker. What kind of footwear were they wearing?","[""Brown leather loafers"",""Red running sneakers"",""Blue open-toed sandals"",""Black ankle boots"",""White canvas slip-ons""]","C","Blue open-toed sandals","Alice","https://huggingface.co/datasets/lmms-lab/EgoLife/resolve/main/A2_ALICE/DAY7/DAY7_A2_ALICE_12570000.mp4","Lucia","https://huggingface.co/datasets/lmms-lab/EgoLife/resolve/main/A4_LUCIA/DAY7/DAY7_A4_LUCIA_12570000.mp4"
"egolife_rlhf_packet_ranking_v4","dbea4d3c4ab21c99f39c","day5_7_full_100","HM","pending","88","EGOLIFE2U_RANDOM_PAIR_CLIP_PRUNED_DAY7_12570000_A2_A4_0-1","2","EGOLIFE2U_RANDOM_PAIR_CLIP_PRUNED_DAY7_12570000_A2_A4_0-1::candidate_03","","","","","","false","","","2026-08-06T19:43:19.191Z","","0","I was occupied at the kitchen counter handling a measuring cup and other items, and I noticed someone walking through the room with the white speaker and the large projector screen. What kind of footwear was that person wearing?","[""Bright orange sneakers"",""Blue slide sandals"",""White running shoes"",""Black high-top boots"",""Brown leather loafers""]","B","Blue slide sandals","Alice","https://huggingface.co/datasets/lmms-lab/EgoLife/resolve/main/A2_ALICE/DAY7/DAY7_A2_ALICE_12570000.mp4","Lucia","https://huggingface.co/datasets/lmms-lab/EgoLife/resolve/main/A4_LUCIA/DAY7/DAY7_A4_LUCIA_12570000.mp4"
"egolife_rlhf_packet_ranking_v4","dbea4d3c4ab21c99f39c","day5_7_full_100","HM","pending","88","EGOLIFE2U_RANDOM_PAIR_CLIP_PRUNED_DAY7_12570000_A2_A4_0-1","3","EGOLIFE2U_RANDOM_PAIR_CLIP_PRUNED_DAY7_12570000_A2_A4_0-1::candidate_01","","","","","","false","","","2026-08-06T19:43:19.191Z","","0","I was standing at the kitchen counter handling the clear measuring cup and other items. What color were the shoes worn by the person walking in the other room with the white speaker?","[""Bright orange shoes"",""Blue slide sandals"",""White running sneakers"",""Black high-top boots"",""Brown leather loafers""]","B","Blue slide sandals","Alice","https://huggingface.co/datasets/lmms-lab/EgoLife/resolve/main/A2_ALICE/DAY7/DAY7_A2_ALICE_12570000.mp4","Lucia","https://huggingface.co/datasets/lmms-lab/EgoLife/resolve/main/A4_LUCIA/DAY7/DAY7_A4_LUCIA_12570000.mp4"
"egolife_rlhf_packet_ranking_v4","dbea4d3c4ab21c99f39c","day5_7_full_100","HM","pending","88","EGOLIFE2U_RANDOM_PAIR_CLIP_PRUNED_DAY7_12570000_A2_A4_0-1","4","EGOLIFE2U_RANDOM_PAIR_CLIP_PRUNED_DAY7_12570000_A2_A4_0-1::candidate_05","","","","","","false","","","2026-08-06T19:43:19.191Z","","0","I was looking out toward the patio with the umbrella and saw a person standing there, but I couldn't make out what they were wearing. What color shirt was the person outside wearing?","[""A white shirt"",""A dark shirt"",""A yellow shirt"",""A light blue shirt"",""A red shirt""]","C","A yellow shirt","Alice","https://huggingface.co/datasets/lmms-lab/EgoLife/resolve/main/A2_ALICE/DAY7/DAY7_A2_ALICE_12570000.mp4","Lucia","https://huggingface.co/datasets/lmms-lab/EgoLife/resolve/main/A4_LUCIA/DAY7/DAY7_A4_LUCIA_12570000.mp4"
"egolife_rlhf_packet_ranking_v4","dbea4d3c4ab21c99f39c","day5_7_full_100","HM","pending","88","EGOLIFE2U_RANDOM_PAIR_CLIP_PRUNED_DAY7_12570000_A2_A4_0-1","5","EGOLIFE2U_RANDOM_PAIR_CLIP_PRUNED_DAY7_12570000_A2_A4_0-1::candidate_02","","","","","","false","","","2026-08-06T19:43:19.191Z","","0","I was busy at the kitchen counter handling the measuring cup and other items, and I noticed someone walking through the room with the white speaker and the large projector screen. What kind of footwear was that person wearing?","[""Bright orange sneakers"",""Blue slide sandals"",""White running shoes"",""Black high-top boots"",""Brown leather loafers""]","B","Blue slide sandals","Alice","https://huggingface.co/datasets/lmms-lab/EgoLife/resolve/main/A2_ALICE/DAY7/DAY7_A2_ALICE_12570000.mp4","Lucia","https://huggingface.co/datasets/lmms-lab/EgoLife/resolve/main/A4_LUCIA/DAY7/DAY7_A4_LUCIA_12570000.mp4"
"egolife_rlhf_packet_ranking_v4","dbea4d3c4ab21c99f39c","day5_7_full_100","HM","pending","88","EGOLIFE2U_RANDOM_PAIR_CLIP_PRUNED_DAY7_12570000_A2_A4_0-1","6","EGOLIFE2U_RANDOM_PAIR_CLIP_PRUNED_DAY7_12570000_A2_A4_0-1::candidate_04","","","","","","false","","","2026-08-06T19:43:19.191Z","","0","I was in the kitchen with the red fridge, but I can't remember if I was alone or if someone else was there. Was there another person in that room with me?","[""No, I was completely alone in the kitchen"",""Yes, a person wearing a dark jacket was standing by the sink"",""Yes, a person wearing a light blue denim jacket was standing by the sink"",""Yes, a person was sitting at the checkered table"",""Yes, a person was standing near the window looking out""]","B","Yes, a person wearing a dark jacket was standing by the sink","Alice","https://huggingface.co/datasets/lmms-lab/EgoLife/resolve/main/A2_ALICE/DAY7/DAY7_A2_ALICE_12570000.mp4","Lucia","https://huggingface.co/datasets/lmms-lab/EgoLife/resolve/main/A4_LUCIA/DAY7/DAY7_A4_LUCIA_12570000.mp4"
"egolife_rlhf_packet_ranking_v4","dbea4d3c4ab21c99f39c","day5_7_full_100","HM","pending","89","EGOLIFE2U_RANDOM_PAIR_CLIP_PRUNED_DAY7_13250000_A2_A3_0-1","1","EGOLIFE2U_RANDOM_PAIR_CLIP_PRUNED_DAY7_13250000_A2_A3_0-1::candidate_03","","","","","","false","","","2026-08-06T19:43:19.593Z","","0","I'm sitting at the table with the checkered cloth, but I can't see into the bedroom from here. What color are the main bedsheets on the bed in the room with the window and stuffed animals?","[""The bedsheets are bright red"",""The bedsheets are dark blue"",""The bedsheets are a light yellow or cream color"",""The bedsheets are solid black"",""The bedsheets are bright green""]","C","The bedsheets are a light yellow or cream color","Alice","https://huggingface.co/datasets/lmms-lab/EgoLife/resolve/main/A2_ALICE/DAY7/DAY7_A2_ALICE_13250000.mp4","Tasha","https://huggingface.co/datasets/lmms-lab/EgoLife/resolve/main/A3_TASHA/DAY7/DAY7_A3_TASHA_13250000.mp4"
"egolife_rlhf_packet_ranking_v4","dbea4d3c4ab21c99f39c","day5_7_full_100","HM","pending","89","EGOLIFE2U_RANDOM_PAIR_CLIP_PRUNED_DAY7_13250000_A2_A3_0-1","2","EGOLIFE2U_RANDOM_PAIR_CLIP_PRUNED_DAY7_13250000_A2_A3_0-1::candidate_04","","","","","","false","","","2026-08-06T19:43:19.593Z","","0","I'm sitting at the dining table with the checkered cloth and I can't see into the rest of the house. What is the person in the living room area, near the pink sofa, doing?","[""Sitting on the floor playing with a toy"",""Standing next to the pink sofa and looking around"",""Cooking something in the kitchen"",""Sleeping on the bed in the bedroom"",""Fixing a plant in the corner""]","B","Standing next to the pink sofa and looking around","Alice","https://huggingface.co/datasets/lmms-lab/EgoLife/resolve/main/A2_ALICE/DAY7/DAY7_A2_ALICE_13250000.mp4","Tasha","https://huggingface.co/datasets/lmms-lab/EgoLife/resolve/main/A3_TASHA/DAY7/DAY7_A3_TASHA_13250000.mp4"
"egolife_rlhf_packet_ranking_v4","dbea4d3c4ab21c99f39c","day5_7_full_100","HM","pending","89","EGOLIFE2U_RANDOM_PAIR_CLIP_PRUNED_DAY7_13250000_A2_A3_0-1","3","EGOLIFE2U_RANDOM_PAIR_CLIP_PRUNED_DAY7_13250000_A2_A3_0-1::candidate_01","","","","","","false","","","2026-08-06T19:43:19.593Z","","0","I was just hanging out at the table with the red and white checkered tablecloth, but I couldn't see what was going on in the bedroom with the window view. What was the main color of the comforter or blanket on the bed over there?","[""A solid yellow comforter"",""A patterned floral blanket"",""A solid pink duvet"",""A striped blue sheet"",""A dark grey quilt""]","A","A solid yellow comforter","Alice","https://huggingface.co/datasets/lmms-lab/EgoLife/resolve/main/A2_ALICE/DAY7/DAY7_A2_ALICE_13250000.mp4","Tasha","https://huggingface.co/datasets/lmms-lab/EgoLife/resolve/main/A3_TASHA/DAY7/DAY7_A3_TASHA_13250000.mp4"
"egolife_rlhf_packet_ranking_v4","dbea4d3c4ab21c99f39c","day5_7_full_100","HM","pending","89","EGOLIFE2U_RANDOM_PAIR_CLIP_PRUNED_DAY7_13250000_A2_A3_0-1","4","EGOLIFE2U_RANDOM_PAIR_CLIP_PRUNED_DAY7_13250000_A2_A3_0-1::candidate_02","","","","","","false","","","2026-08-06T19:43:19.593Z","","0","I'm sitting here at the table with the checkered cloth and looking at the snack bags, but I can't see the rest of the room. Can you tell me what color the sofa is in the living room area where you are?","[""The sofa is a bright red color"",""The sofa is a light beige or cream color"",""The sofa is a dark blue color"",""The sofa is a bright green color"",""The sofa is a solid black color""]","B","The sofa is a light beige or cream color","Alice","https://huggingface.co/datasets/lmms-lab/EgoLife/resolve/main/A2_ALICE/DAY7/DAY7_A2_ALICE_13250000.mp4","Tasha","https://huggingface.co/datasets/lmms-lab/EgoLife/resolve/main/A3_TASHA/DAY7/DAY7_A3_TASHA_13250000.mp4"
"egolife_rlhf_packet_ranking_v4","dbea4d3c4ab21c99f39c","day5_7_full_100","HM","pending","89","EGOLIFE2U_RANDOM_PAIR_CLIP_PRUNED_DAY7_13250000_A2_A3_0-1","5","EGOLIFE2U_RANDOM_PAIR_CLIP_PRUNED_DAY7_13250000_A2_A3_0-1::candidate_05","","","","","","false","","","2026-08-06T19:43:19.593Z","","0","I'm sitting at this table with the checkered tablecloth and can see a doorway to the left, but I can't see the full room beyond it. Which room is located through that doorway?","[""A room with a bed and hanging cloud decorations"",""A kitchen with a large refrigerator"",""A bathroom with a tiled shower"",""A garage with a workbench"",""A storage room with stacked boxes""]","A","A room with a bed and hanging cloud decorations","Alice","https://huggingface.co/datasets/lmms-lab/EgoLife/resolve/main/A2_ALICE/DAY7/DAY7_A2_ALICE_13250000.mp4","Tasha","https://huggingface.co/datasets/lmms-lab/EgoLife/resolve/main/A3_TASHA/DAY7/DAY7_A3_TASHA_13250000.mp4"
"egolife_rlhf_packet_ranking_v4","dbea4d3c4ab21c99f39c","day5_7_full_100","HM","pending","89","EGOLIFE2U_RANDOM_PAIR_CLIP_PRUNED_DAY7_13250000_A2_A3_0-1","6","EGOLIFE2U_RANDOM_PAIR_CLIP_PRUNED_DAY7_13250000_A2_A3_0-1::candidate_06","","","","","","false","","","2026-08-06T19:43:19.593Z","","0","I'm sitting here at the table with the checkered cloth and can see a doorway to my left, but I can't tell what's in the room beyond it. Which of these describes the space visible through that doorway?","[""A room with a bed and hanging cloud decorations"",""A kitchen with a large refrigerator"",""A bathroom with a tiled shower"",""A garage with a workbench"",""A storage room with stacked boxes""]","A","A room with a bed and hanging cloud decorations","Alice","https://huggingface.co/datasets/lmms-lab/EgoLife/resolve/main/A2_ALICE/DAY7/DAY7_A2_ALICE_13250000.mp4","Tasha","https://huggingface.co/datasets/lmms-lab/EgoLife/resolve/main/A3_TASHA/DAY7/DAY7_A3_TASHA_13250000.mp4"
"egolife_rlhf_packet_ranking_v4","dbea4d3c4ab21c99f39c","day5_7_full_100","HM","pending","90","EGOLIFE2U_RANDOM_PAIR_CLIP_PRUNED_DAY7_13253000_A3_A4_0-1","1","EGOLIFE2U_RANDOM_PAIR_CLIP_PRUNED_DAY7_13253000_A3_A4_0-1::candidate_06","","","","","","false","","","2026-08-06T19:43:19.811Z","","0","I was sitting at the table with the red checkered cloth and noticed a vase of pink flowers on the blue side table nearby. I couldn't see the rest of that room from my angle. What decoration is hanging on the wall above the bed in that room?","[""A large fishing net with small colorful cards attached"",""A poster featuring several lighthouses"",""A framed photograph of a family"",""A whiteboard with writing on it"",""A large mirror reflecting the window""]","A","A large fishing net with small colorful cards attached","Tasha","https://huggingface.co/datasets/lmms-lab/EgoLife/resolve/main/A3_TASHA/DAY7/DAY7_A3_TASHA_13253000.mp4","Lucia","https://huggingface.co/datasets/lmms-lab/EgoLife/resolve/main/A4_LUCIA/DAY7/DAY7_A4_LUCIA_13253000.mp4"
"egolife_rlhf_packet_ranking_v4","dbea4d3c4ab21c99f39c","day5_7_full_100","HM","pending","90","EGOLIFE2U_RANDOM_PAIR_CLIP_PRUNED_DAY7_13253000_A3_A4_0-1","2","EGOLIFE2U_RANDOM_PAIR_CLIP_PRUNED_DAY7_13253000_A3_A4_0-1::candidate_02","","","","","","false","","","2026-08-06T19:43:19.811Z","","0","I'm trying to remember the decor of the bedroom with the nautical net decoration on the wall. What kind of flowers were sitting in the vase on the small blue table next to the bed?","[""A bouquet of pink peonies"",""A bunch of white lilies"",""A single red rose"",""A cluster of yellow sunflowers"",""A small potted cactus""]","A","A bouquet of pink peonies","Tasha","https://huggingface.co/datasets/lmms-lab/EgoLife/resolve/main/A3_TASHA/DAY7/DAY7_A3_TASHA_13253000.mp4","Lucia","https://huggingface.co/datasets/lmms-lab/EgoLife/resolve/main/A4_LUCIA/DAY7/DAY7_A4_LUCIA_13253000.mp4"
"egolife_rlhf_packet_ranking_v4","dbea4d3c4ab21c99f39c","day5_7_full_100","HM","pending","90","EGOLIFE2U_RANDOM_PAIR_CLIP_PRUNED_DAY7_13253000_A3_A4_0-1","3","EGOLIFE2U_RANDOM_PAIR_CLIP_PRUNED_DAY7_13253000_A3_A4_0-1::candidate_04","","","","","","false","","","2026-08-06T19:43:19.811Z","","0","I was holding my tablet and moving around the living area with the red and white checkered tablecloth. In the bedroom decorated with the large fishing net on the wall, what color were the flowers in the vase sitting on the blue side table next to the bed?","[""Bright pink peonies"",""White lilies"",""Yellow daffodils"",""Red roses"",""Blue hydrangeas""]","A","Bright pink peonies","Tasha","https://huggingface.co/datasets/lmms-lab/EgoLife/resolve/main/A3_TASHA/DAY7/DAY7_A3_TASHA_13253000.mp4","Lucia","https://huggingface.co/datasets/lmms-lab/EgoLife/resolve/main/A4_LUCIA/DAY7/DAY7_A4_LUCIA_13253000.mp4"
"egolife_rlhf_packet_ranking_v4","dbea4d3c4ab21c99f39c","day5_7_full_100","HM","pending","90","EGOLIFE2U_RANDOM_PAIR_CLIP_PRUNED_DAY7_13253000_A3_A4_0-1","4","EGOLIFE2U_RANDOM_PAIR_CLIP_PRUNED_DAY7_13253000_A3_A4_0-1::candidate_01","","","","","","false","","","2026-08-06T19:43:19.811Z","","0","I was using a tablet while walking through the house, and then I ended up at a dining table with a red and white checkered tablecloth. While I was there, did you happen to notice what kind of flowers were sitting on the bedside table in the bedroom with the nautical net decoration?","[""A vase of pink peonies"",""A bunch of white lilies"",""A single red rose"",""A bouquet of yellow sunflowers"",""A small potted cactus""]","A","A vase of pink peonies","Tasha","https://huggingface.co/datasets/lmms-lab/EgoLife/resolve/main/A3_TASHA/DAY7/DAY7_A3_TASHA_13253000.mp4","Lucia","https://huggingface.co/datasets/lmms-lab/EgoLife/resolve/main/A4_LUCIA/DAY7/DAY7_A4_LUCIA_13253000.mp4"
"egolife_rlhf_packet_ranking_v4","dbea4d3c4ab21c99f39c","day5_7_full_100","HM","pending","90","EGOLIFE2U_RANDOM_PAIR_CLIP_PRUNED_DAY7_13253000_A3_A4_0-1","5","EGOLIFE2U_RANDOM_PAIR_CLIP_PRUNED_DAY7_13253000_A3_A4_0-1::candidate_05","","","","","","false","","","2026-08-06T19:43:19.811Z","","0","I was in the room with the checkered tablecloth, and I could see a doorway leading to another room. What is on the wall in that other room that I couldn't see from where I was sitting?","[""A fishing net"",""A large mirror"",""A whiteboard"",""A guitar"",""A bookshelf""]","A","A fishing net","Tasha","https://huggingface.co/datasets/lmms-lab/EgoLife/resolve/main/A3_TASHA/DAY7/DAY7_A3_TASHA_13253000.mp4","Lucia","https://huggingface.co/datasets/lmms-lab/EgoLife/resolve/main/A4_LUCIA/DAY7/DAY7_A4_LUCIA_13253000.mp4"
"egolife_rlhf_packet_ranking_v4","dbea4d3c4ab21c99f39c","day5_7_full_100","HM","pending","90","EGOLIFE2U_RANDOM_PAIR_CLIP_PRUNED_DAY7_13253000_A3_A4_0-1","6","EGOLIFE2U_RANDOM_PAIR_CLIP_PRUNED_DAY7_13253000_A3_A4_0-1::candidate_03","","","","","","false","","","2026-08-06T19:43:19.811Z","","0","I was just walking around the house holding a tablet and then moved to the table with the red and white checkered cloth. In the other room, the bedroom with the fishing net on the wall, what kind of flowers were sitting in the vase on the small blue side table?","[""Red roses"",""Yellow daffodils"",""Pink peonies"",""White lilies"",""Blue hydrangeas""]","C","Pink peonies","Tasha","https://huggingface.co/datasets/lmms-lab/EgoLife/resolve/main/A3_TASHA/DAY7/DAY7_A3_TASHA_13253000.mp4","Lucia","https://huggingface.co/datasets/lmms-lab/EgoLife/resolve/main/A4_LUCIA/DAY7/DAY7_A4_LUCIA_13253000.mp4"
"egolife_rlhf_packet_ranking_v4","dbea4d3c4ab21c99f39c","day5_7_full_100","HM","pending","91","EGOLIFE2U_RANDOM_PAIR_CLIP_PRUNED_DAY7_13553000_A1_A2_0-1","1","EGOLIFE2U_RANDOM_PAIR_CLIP_PRUNED_DAY7_13553000_A1_A2_0-1::candidate_02","","","","","","false","","","2026-08-06T19:43:20.004Z","","0","I noticed someone holding a smartphone horizontally and playing a game on the bed in the bedroom. What kind of blanket was covering the bed?","[""A plain white fitted sheet"",""A green blanket with a floral pattern"",""A blue blanket with a checkered pattern"",""A red blanket with a polka dot pattern"",""A grey blanket with a striped pattern""]","B","A green blanket with a floral pattern","Jake","https://huggingface.co/datasets/lmms-lab/EgoLife/resolve/main/A1_JAKE/DAY7/DAY7_A1_JAKE_13553000.mp4","Alice","https://huggingface.co/datasets/lmms-lab/EgoLife/resolve/main/A2_ALICE/DAY7/DAY7_A2_ALICE_13553000.mp4"
"egolife_rlhf_packet_ranking_v4","dbea4d3c4ab21c99f39c","day5_7_full_100","HM","pending","91","EGOLIFE2U_RANDOM_PAIR_CLIP_PRUNED_DAY7_13553000_A1_A2_0-1","2","EGOLIFE2U_RANDOM_PAIR_CLIP_PRUNED_DAY7_13553000_A1_A2_0-1::candidate_03","","","","","","false","","","2026-08-06T19:43:20.004Z","","0","I was walking around the living room and heading up the stairs. What was the person lying in the bedroom doing on the phone?","[""Playing a word puzzle game"",""Watching a video"",""Texting a friend"",""Checking the weather"",""Scrolling through photos""]","A","Playing a word puzzle game","Jake","https://huggingface.co/datasets/lmms-lab/EgoLife/resolve/main/A1_JAKE/DAY7/DAY7_A1_JAKE_13553000.mp4","Alice","https://huggingface.co/datasets/lmms-lab/EgoLife/resolve/main/A2_ALICE/DAY7/DAY7_A2_ALICE_13553000.mp4"
"egolife_rlhf_packet_ranking_v4","dbea4d3c4ab21c99f39c","day5_7_full_100","HM","pending","91","EGOLIFE2U_RANDOM_PAIR_CLIP_PRUNED_DAY7_13553000_A1_A2_0-1","3","EGOLIFE2U_RANDOM_PAIR_CLIP_PRUNED_DAY7_13553000_A1_A2_0-1::candidate_05","","","","","","false","","","2026-08-06T19:43:20.004Z","","0","I was walking around the living room and heading toward the stairs. What was the person in the other room doing while I was moving?","[""Lying on the bed looking at a phone"",""Standing near the kitchen counter"",""Sitting at the dining table"",""Reading a book on the sofa"",""Cooking something in the kitchen""]","A","Lying on the bed looking at a phone","Jake","https://huggingface.co/datasets/lmms-lab/EgoLife/resolve/main/A1_JAKE/DAY7/DAY7_A1_JAKE_13553000.mp4","Alice","https://huggingface.co/datasets/lmms-lab/EgoLife/resolve/main/A2_ALICE/DAY7/DAY7_A2_ALICE_13553000.mp4"
"egolife_rlhf_packet_ranking_v4","dbea4d3c4ab21c99f39c","day5_7_full_100","HM","pending","91","EGOLIFE2U_RANDOM_PAIR_CLIP_PRUNED_DAY7_13553000_A1_A2_0-1","4","EGOLIFE2U_RANDOM_PAIR_CLIP_PRUNED_DAY7_13553000_A1_A2_0-1::candidate_04","","","","","","false","","","2026-08-06T19:43:20.004Z","","0","I saw a person in a camouflage jacket and colorful shoes holding a red helmet in the living room. What was that person wearing on their feet?","[""Colorful rainbow sneakers"",""Plain white athletic shoes"",""Black leather boots"",""Red canvas high-tops"",""Blue rubber rain boots""]","A","Colorful rainbow sneakers","Jake","https://huggingface.co/datasets/lmms-lab/EgoLife/resolve/main/A1_JAKE/DAY7/DAY7_A1_JAKE_13553000.mp4","Alice","https://huggingface.co/datasets/lmms-lab/EgoLife/resolve/main/A2_ALICE/DAY7/DAY7_A2_ALICE_13553000.mp4"
"egolife_rlhf_packet_ranking_v4","dbea4d3c4ab21c99f39c","day5_7_full_100","HM","pending","91","EGOLIFE2U_RANDOM_PAIR_CLIP_PRUNED_DAY7_13553000_A1_A2_0-1","5","EGOLIFE2U_RANDOM_PAIR_CLIP_PRUNED_DAY7_13553000_A1_A2_0-1::candidate_06","","","","","","false","","","2026-08-06T19:43:20.004Z","","0","I was moving around the living room and heading toward the stairs. In the bedroom next door, where was the person lying on the bed positioned relative to the window?","[""Lying on their back facing the ceiling"",""Sitting up and looking at a book"",""Lying on their stomach facing the window"",""Lying on their side facing away from the window"",""Standing near the bed's footboard""]","C","Lying on their stomach facing the window","Jake","https://huggingface.co/datasets/lmms-lab/EgoLife/resolve/main/A1_JAKE/DAY7/DAY7_A1_JAKE_13553000.mp4","Alice","https://huggingface.co/datasets/lmms-lab/EgoLife/resolve/main/A2_ALICE/DAY7/DAY7_A2_ALICE_13553000.mp4"
"egolife_rlhf_packet_ranking_v4","dbea4d3c4ab21c99f39c","day5_7_full_100","HM","pending","91","EGOLIFE2U_RANDOM_PAIR_CLIP_PRUNED_DAY7_13553000_A1_A2_0-1","6","EGOLIFE2U_RANDOM_PAIR_CLIP_PRUNED_DAY7_13553000_A1_A2_0-1::candidate_01","","","","","","false","","","2026-08-06T19:43:20.004Z","","0","I was moving around the living room and heading towards the stairs. What was the person in the bedroom doing while I was there?","[""Sleeping soundly on the bed"",""Reading a physical book"",""Playing a game on a mobile phone"",""Watching television"",""Writing in a notebook""]","C","Playing a game on a mobile phone","Jake","https://huggingface.co/datasets/lmms-lab/EgoLife/resolve/main/A1_JAKE/DAY7/DAY7_A1_JAKE_13553000.mp4","Alice","https://huggingface.co/datasets/lmms-lab/EgoLife/resolve/main/A2_ALICE/DAY7/DAY7_A2_ALICE_13553000.mp4"
"egolife_rlhf_packet_ranking_v4","dbea4d3c4ab21c99f39c","day5_7_full_100","HM","pending","92","EGOLIFE2U_RANDOM_PAIR_CLIP_PRUNED_DAY7_13573000_A1_A3_0-1","1","EGOLIFE2U_RANDOM_PAIR_CLIP_PRUNED_DAY7_13573000_A1_A3_0-1::candidate_03","","","","","","false","","","2026-08-06T19:43:20.215Z","","0","I was down in the room with the unmade bed, fiddling with a white power strip on the floor. I recall seeing the person with the patterned shirt walk into the room with the black floor tiles and desk. What was the other person, who was standing right next to them, wearing on their upper body?","[""A white long-sleeved shirt"",""A black sleeveless top"",""A yellow t-shirt"",""A grey hoodie"",""A blue denim jacket""]","B","A black sleeveless top","Jake","https://huggingface.co/datasets/lmms-lab/EgoLife/resolve/main/A1_JAKE/DAY7/DAY7_A1_JAKE_13573000.mp4","Tasha","https://huggingface.co/datasets/lmms-lab/EgoLife/resolve/main/A3_TASHA/DAY7/DAY7_A3_TASHA_13573000.mp4"
"egolife_rlhf_packet_ranking_v4","dbea4d3c4ab21c99f39c","day5_7_full_100","HM","pending","92","EGOLIFE2U_RANDOM_PAIR_CLIP_PRUNED_DAY7_13573000_A1_A3_0-1","2","EGOLIFE2U_RANDOM_PAIR_CLIP_PRUNED_DAY7_13573000_A1_A3_0-1::candidate_04","","","","","","false","","","2026-08-06T19:43:20.215Z","","0","I was down in the room with the projector screen and power strip, but I couldn't see who was on the landing above me. Did you see what the person with pink hair standing near the desk was wearing on their feet?","[""Yellow slippers"",""Red socks"",""Colorful sneakers"",""Black boots"",""White shoes""]","A","Yellow slippers","Jake","https://huggingface.co/datasets/lmms-lab/EgoLife/resolve/main/A1_JAKE/DAY7/DAY7_A1_JAKE_13573000.mp4","Tasha","https://huggingface.co/datasets/lmms-lab/EgoLife/resolve/main/A3_TASHA/DAY7/DAY7_A3_TASHA_13573000.mp4"
"egolife_rlhf_packet_ranking_v4","dbea4d3c4ab21c99f39c","day5_7_full_100","HM","pending","92","EGOLIFE2U_RANDOM_PAIR_CLIP_PRUNED_DAY7_13573000_A1_A3_0-1","3","EGOLIFE2U_RANDOM_PAIR_CLIP_PRUNED_DAY7_13573000_A1_A3_0-1::candidate_01","","","","","","false","","","2026-08-06T19:43:20.215Z","","0","I was looking at the power strip on the floor near the green shelving unit. Can you tell me what specific item was plugged into the white adapter?","[""A white power adapter"",""A black smartphone"",""A laptop charger"",""A white gaming controller"",""A table lamp cord""]","A","A white power adapter","Jake","https://huggingface.co/datasets/lmms-lab/EgoLife/resolve/main/A1_JAKE/DAY7/DAY7_A1_JAKE_13573000.mp4","Tasha","https://huggingface.co/datasets/lmms-lab/EgoLife/resolve/main/A3_TASHA/DAY7/DAY7_A3_TASHA_13573000.mp4"
"egolife_rlhf_packet_ranking_v4","dbea4d3c4ab21c99f39c","day5_7_full_100","HM","pending","92","EGOLIFE2U_RANDOM_PAIR_CLIP_PRUNED_DAY7_13573000_A1_A3_0-1","4","EGOLIFE2U_RANDOM_PAIR_CLIP_PRUNED_DAY7_13573000_A1_A3_0-1::candidate_02","","","","","","false","","","2026-08-06T19:43:20.215Z","","0","I was just down here in the room with the unmade bed, dealing with that white power strip on the floor. I saw someone else heading down the stairs and walking into the living room with the black floor tiles. What kind of shirt was the person who walked into that room wearing?","[""A white long-sleeved shirt"",""A black sleeveless top"",""A patterned camouflage-style shirt"",""A blue t-shirt"",""A grey hoodie""]","C","A patterned camouflage-style shirt","Jake","https://huggingface.co/datasets/lmms-lab/EgoLife/resolve/main/A1_JAKE/DAY7/DAY7_A1_JAKE_13573000.mp4","Tasha","https://huggingface.co/datasets/lmms-lab/EgoLife/resolve/main/A3_TASHA/DAY7/DAY7_A3_TASHA_13573000.mp4"
"egolife_rlhf_packet_ranking_v4","dbea4d3c4ab21c99f39c","day5_7_full_100","HM","pending","92","EGOLIFE2U_RANDOM_PAIR_CLIP_PRUNED_DAY7_13573000_A1_A3_0-1","5","EGOLIFE2U_RANDOM_PAIR_CLIP_PRUNED_DAY7_13573000_A1_A3_0-1::candidate_06","","","","","","false","","","2026-08-06T19:43:20.215Z","","0","I was down in the room with the projector screen, but I couldn't see who was on the landing above me. What was the person wearing the patterned shirt and beige pants wearing on their feet?","[""Yellow slippers"",""Colorful sneakers"",""Black boots"",""Red socks"",""White shoes""]","B","Colorful sneakers","Jake","https://huggingface.co/datasets/lmms-lab/EgoLife/resolve/main/A1_JAKE/DAY7/DAY7_A1_JAKE_13573000.mp4","Tasha","https://huggingface.co/datasets/lmms-lab/EgoLife/resolve/main/A3_TASHA/DAY7/DAY7_A3_TASHA_13573000.mp4"
"egolife_rlhf_packet_ranking_v4","dbea4d3c4ab21c99f39c","day5_7_full_100","HM","pending","92","EGOLIFE2U_RANDOM_PAIR_CLIP_PRUNED_DAY7_13573000_A1_A3_0-1","6","EGOLIFE2U_RANDOM_PAIR_CLIP_PRUNED_DAY7_13573000_A1_A3_0-1::candidate_05","","","","","","false","","","2026-08-06T19:43:20.215Z","","0","I was down in the room with the projector screen plugging things in, but I couldn't see who was on the landing above me. What was the person wearing the patterned shirt wearing on their feet?","[""Yellow slippers"",""Colorful sneakers"",""Black boots"",""Red socks"",""White shoes""]","B","Colorful sneakers","Jake","https://huggingface.co/datasets/lmms-lab/EgoLife/resolve/main/A1_JAKE/DAY7/DAY7_A1_JAKE_13573000.mp4","Tasha","https://huggingface.co/datasets/lmms-lab/EgoLife/resolve/main/A3_TASHA/DAY7/DAY7_A3_TASHA_13573000.mp4"
"egolife_rlhf_packet_ranking_v4","dbea4d3c4ab21c99f39c","day5_7_full_100","HM","pending","93","EGOLIFE2U_RANDOM_PAIR_CLIP_PRUNED_DAY7_14103000_A2_A4_0-1","1","EGOLIFE2U_RANDOM_PAIR_CLIP_PRUNED_DAY7_14103000_A2_A4_0-1::candidate_01","","","","","","false","","","2026-08-06T19:43:20.396Z","","0","I was just looking at the patterned sheet on the bed, but I couldn't see much else in the room. What did the person with pink hair end up doing when they walked out into the living room?","[""They went to the kitchen sink to wash their hands."",""They walked to the doorway and talked to the person in the yellow shirt."",""They sat down on the brown sofa near the window."",""They picked up a cardboard box from the floor."",""They turned on the ceiling fan.""]","B","They walked to the doorway and talked to the person in the yellow shirt.","Alice","https://huggingface.co/datasets/lmms-lab/EgoLife/resolve/main/A2_ALICE/DAY7/DAY7_A2_ALICE_14103000.mp4","Lucia","https://huggingface.co/datasets/lmms-lab/EgoLife/resolve/main/A4_LUCIA/DAY7/DAY7_A4_LUCIA_14103000.mp4"
"egolife_rlhf_packet_ranking_v4","dbea4d3c4ab21c99f39c","day5_7_full_100","HM","pending","93","EGOLIFE2U_RANDOM_PAIR_CLIP_PRUNED_DAY7_14103000_A2_A4_0-1","2","EGOLIFE2U_RANDOM_PAIR_CLIP_PRUNED_DAY7_14103000_A2_A4_0-1::candidate_04","","","","","","false","","","2026-08-06T19:43:20.396Z","","0","I was looking closely at the blanket with the floral pattern, but I couldn't quite see what was sitting on it. What object was on the bed?","[""A laptop"",""A white remote control"",""A glass of water"",""A pair of glasses"",""A smartphone""]","B","A white remote control","Alice","https://huggingface.co/datasets/lmms-lab/EgoLife/resolve/main/A2_ALICE/DAY7/DAY7_A2_ALICE_14103000.mp4","Lucia","https://huggingface.co/datasets/lmms-lab/EgoLife/resolve/main/A4_LUCIA/DAY7/DAY7_A4_LUCIA_14103000.mp4"
"egolife_rlhf_packet_ranking_v4","dbea4d3c4ab21c99f39c","day5_7_full_100","HM","pending","93","EGOLIFE2U_RANDOM_PAIR_CLIP_PRUNED_DAY7_14103000_A2_A4_0-1","3","EGOLIFE2U_RANDOM_PAIR_CLIP_PRUNED_DAY7_14103000_A2_A4_0-1::candidate_02","","","","","","false","","","2026-08-06T19:43:20.396Z","","0","I was just looking at the bed sheets, but I couldn't see what was happening in the living room. When I finally looked over, I saw someone holding a small white piece of paper. What kind of images were printed on that paper?","[""A series of landscape photographs"",""A sequence of cartoon-like figures"",""A handwritten grocery list"",""A technical wiring diagram"",""A colorful abstract painting""]","B","A sequence of cartoon-like figures","Alice","https://huggingface.co/datasets/lmms-lab/EgoLife/resolve/main/A2_ALICE/DAY7/DAY7_A2_ALICE_14103000.mp4","Lucia","https://huggingface.co/datasets/lmms-lab/EgoLife/resolve/main/A4_LUCIA/DAY7/DAY7_A4_LUCIA_14103000.mp4"
"egolife_rlhf_packet_ranking_v4","dbea4d3c4ab21c99f39c","day5_7_full_100","HM","pending","93","EGOLIFE2U_RANDOM_PAIR_CLIP_PRUNED_DAY7_14103000_A2_A4_0-1","4","EGOLIFE2U_RANDOM_PAIR_CLIP_PRUNED_DAY7_14103000_A2_A4_0-1::candidate_06","","","","","","false","","","2026-08-06T19:43:20.396Z","","0","I was lying in bed and couldn't see what was happening in the living room. What kind of paper was the person in the room holding?","[""A white card with small illustrations"",""A folded letter with handwriting"",""A printed photograph"",""A blank sheet of paper"",""A handwritten note""]","A","A white card with small illustrations","Alice","https://huggingface.co/datasets/lmms-lab/EgoLife/resolve/main/A2_ALICE/DAY7/DAY7_A2_ALICE_14103000.mp4","Lucia","https://huggingface.co/datasets/lmms-lab/EgoLife/resolve/main/A4_LUCIA/DAY7/DAY7_A4_LUCIA_14103000.mp4"
"egolife_rlhf_packet_ranking_v4","dbea4d3c4ab21c99f39c","day5_7_full_100","HM","pending","93","EGOLIFE2U_RANDOM_PAIR_CLIP_PRUNED_DAY7_14103000_A2_A4_0-1","5","EGOLIFE2U_RANDOM_PAIR_CLIP_PRUNED_DAY7_14103000_A2_A4_0-1::candidate_03","","","","","","false","","","2026-08-06T19:43:20.396Z","","0","I was just staring at the bed sheets and couldn't see the rest of the room, but I know the kitchen is nearby. What color is the refrigerator standing next to the kitchen counter?","[""A bright red refrigerator"",""A standard white refrigerator"",""A stainless steel refrigerator"",""A matte black refrigerator"",""A pastel blue refrigerator""]","A","A bright red refrigerator","Alice","https://huggingface.co/datasets/lmms-lab/EgoLife/resolve/main/A2_ALICE/DAY7/DAY7_A2_ALICE_14103000.mp4","Lucia","https://huggingface.co/datasets/lmms-lab/EgoLife/resolve/main/A4_LUCIA/DAY7/DAY7_A4_LUCIA_14103000.mp4"
"egolife_rlhf_packet_ranking_v4","dbea4d3c4ab21c99f39c","day5_7_full_100","HM","pending","93","EGOLIFE2U_RANDOM_PAIR_CLIP_PRUNED_DAY7_14103000_A2_A4_0-1","6","EGOLIFE2U_RANDOM_PAIR_CLIP_PRUNED_DAY7_14103000_A2_A4_0-1::candidate_05","","","","","","false","","","2026-08-06T19:43:20.396Z","","0","I was looking at the white table in the room with the projector screen, but I couldn't clearly identify the black device sitting on it. What electronic device was on the table?","[""A black laptop"",""A digital camera"",""A smartphone"",""A tablet computer"",""A digital clock""]","A","A black laptop","Alice","https://huggingface.co/datasets/lmms-lab/EgoLife/resolve/main/A2_ALICE/DAY7/DAY7_A2_ALICE_14103000.mp4","Lucia","https://huggingface.co/datasets/lmms-lab/EgoLife/resolve/main/A4_LUCIA/DAY7/DAY7_A4_LUCIA_14103000.mp4"
"egolife_rlhf_packet_ranking_v4","dbea4d3c4ab21c99f39c","day5_7_full_100","HM","pending","94","EGOLIFE2U_RANDOM_PAIR_CLIP_PRUNED_DAY7_14143000_A3_A4_0-1","1","EGOLIFE2U_RANDOM_PAIR_CLIP_PRUNED_DAY7_14143000_A3_A4_0-1::candidate_05","","","","","","false","","","2026-08-06T19:43:20.577Z","","0","I was lying down and looking at my phone. What kind of decorative net is hanging on the wall in the room with the lighthouse stickers?","[""A blue fishing net with fish cutouts"",""A white mesh net with seashells"",""A green camouflage net"",""A black safety net"",""A red rope net with knots""]","A","A blue fishing net with fish cutouts","Tasha","https://huggingface.co/datasets/lmms-lab/EgoLife/resolve/main/A3_TASHA/DAY7/DAY7_A3_TASHA_14143000.mp4","Lucia","https://huggingface.co/datasets/lmms-lab/EgoLife/resolve/main/A4_LUCIA/DAY7/DAY7_A4_LUCIA_14143000.mp4"
"egolife_rlhf_packet_ranking_v4","dbea4d3c4ab21c99f39c","day5_7_full_100","HM","pending","94","EGOLIFE2U_RANDOM_PAIR_CLIP_PRUNED_DAY7_14143000_A3_A4_0-1","2","EGOLIFE2U_RANDOM_PAIR_CLIP_PRUNED_DAY7_14143000_A3_A4_0-1::candidate_02","","","","","","false","","","2026-08-06T19:43:20.577Z","","0","I was lying down in my room with the plain walls, but I couldn't see what was on the walls in the bedroom with the nautical decor. What decoration is hanging on the wall above the bed in that room?","[""A corkboard with pinned notes"",""A large blue fishing net"",""A framed picture of a sailboat"",""A string of paper lanterns"",""A poster of the ocean""]","B","A large blue fishing net","Tasha","https://huggingface.co/datasets/lmms-lab/EgoLife/resolve/main/A3_TASHA/DAY7/DAY7_A3_TASHA_14143000.mp4","Lucia","https://huggingface.co/datasets/lmms-lab/EgoLife/resolve/main/A4_LUCIA/DAY7/DAY7_A4_LUCIA_14143000.mp4"
"egolife_rlhf_packet_ranking_v4","dbea4d3c4ab21c99f39c","day5_7_full_100","HM","pending","94","EGOLIFE2U_RANDOM_PAIR_CLIP_PRUNED_DAY7_14143000_A3_A4_0-1","3","EGOLIFE2U_RANDOM_PAIR_CLIP_PRUNED_DAY7_14143000_A3_A4_0-1::candidate_04","","","","","","false","","","2026-08-06T19:43:20.577Z","","0","I was holding my phone up and looking around my room. What kind of wall decor is hanging in the room where you are?","[""A fishing net with blue fish cutouts"",""A large mirror with a wooden frame"",""A poster of a famous city skyline"",""A hanging plant with long green vines"",""A colorful abstract painting""]","A","A fishing net with blue fish cutouts","Tasha","https://huggingface.co/datasets/lmms-lab/EgoLife/resolve/main/A3_TASHA/DAY7/DAY7_A3_TASHA_14143000.mp4","Lucia","https://huggingface.co/datasets/lmms-lab/EgoLife/resolve/main/A4_LUCIA/DAY7/DAY7_A4_LUCIA_14143000.mp4"
"egolife_rlhf_packet_ranking_v4","dbea4d3c4ab21c99f39c","day5_7_full_100","HM","pending","94","EGOLIFE2U_RANDOM_PAIR_CLIP_PRUNED_DAY7_14143000_A3_A4_0-1","4","EGOLIFE2U_RANDOM_PAIR_CLIP_PRUNED_DAY7_14143000_A3_A4_0-1::candidate_06","","","","","","false","","","2026-08-06T19:43:20.577Z","","0","I noticed we both had our phones out around the same time. Since my screen was lighting up my view, I couldn't see my own case clearly. What color was the phone case I was holding?","[""A clear or transparent case"",""A black or dark-colored case"",""A red or orange-colored case"",""A white or light-colored case"",""A blue or patterned case""]","B","A black or dark-colored case","Tasha","https://huggingface.co/datasets/lmms-lab/EgoLife/resolve/main/A3_TASHA/DAY7/DAY7_A3_TASHA_14143000.mp4","Lucia","https://huggingface.co/datasets/lmms-lab/EgoLife/resolve/main/A4_LUCIA/DAY7/DAY7_A4_LUCIA_14143000.mp4"
"egolife_rlhf_packet_ranking_v4","dbea4d3c4ab21c99f39c","day5_7_full_100","HM","pending","94","EGOLIFE2U_RANDOM_PAIR_CLIP_PRUNED_DAY7_14143000_A3_A4_0-1","5","EGOLIFE2U_RANDOM_PAIR_CLIP_PRUNED_DAY7_14143000_A3_A4_0-1::candidate_03","","","","","","false","","","2026-08-06T19:43:20.577Z","","0","I was lying in my bed with the plain walls looking at my phone. I'm curious about the other room with the nautical theme—what kind of pictures or decorations are on the wall there?","[""A corkboard with photos"",""A large framed map"",""Lighthouses and fish decals"",""A painting of a sailboat"",""A row of framed landscapes""]","C","Lighthouses and fish decals","Tasha","https://huggingface.co/datasets/lmms-lab/EgoLife/resolve/main/A3_TASHA/DAY7/DAY7_A3_TASHA_14143000.mp4","Lucia","https://huggingface.co/datasets/lmms-lab/EgoLife/resolve/main/A4_LUCIA/DAY7/DAY7_A4_LUCIA_14143000.mp4"
"egolife_rlhf_packet_ranking_v4","dbea4d3c4ab21c99f39c","day5_7_full_100","HM","pending","94","EGOLIFE2U_RANDOM_PAIR_CLIP_PRUNED_DAY7_14143000_A3_A4_0-1","6","EGOLIFE2U_RANDOM_PAIR_CLIP_PRUNED_DAY7_14143000_A3_A4_0-1::candidate_01","","","","","","false","","","2026-08-06T19:43:20.577Z","","0","I was looking at my phone while lying down in the room with the door. In the other room with the nautical wall decor, what decoration is hanging on the wall above the bed?","[""A corkboard with pinned notes"",""A large blue fishing net"",""A framed picture of a sailboat"",""A string of paper lanterns"",""A poster of the ocean""]","B","A large blue fishing net","Tasha","https://huggingface.co/datasets/lmms-lab/EgoLife/resolve/main/A3_TASHA/DAY7/DAY7_A3_TASHA_14143000.mp4","Lucia","https://huggingface.co/datasets/lmms-lab/EgoLife/resolve/main/A4_LUCIA/DAY7/DAY7_A4_LUCIA_14143000.mp4"
"egolife_rlhf_packet_ranking_v4","dbea4d3c4ab21c99f39c","day5_7_full_100","HM","pending","95","EGOLIFE2U_RANDOM_PAIR_CLIP_PRUNED_DAY7_14283000_A3_A5_0-1","1","EGOLIFE2U_RANDOM_PAIR_CLIP_PRUNED_DAY7_14283000_A3_A5_0-1::candidate_04","","","","","","false","","","2026-08-06T19:43:20.924Z","","0","I was scrolling through my tablet in the bedroom while you were looking at your phone on the table with the checkered tablecloth; what kind of jewelry was on your wrist?","[""A beaded bracelet with a large dark bead"",""A plain silver metal bangle"",""A white smartwatch with a round face"",""A simple thin red string bracelet"",""A thick black leather wristband""]","A","A beaded bracelet with a large dark bead","Tasha","https://huggingface.co/datasets/lmms-lab/EgoLife/resolve/main/A3_TASHA/DAY7/DAY7_A3_TASHA_14283000.mp4","Katrina","https://huggingface.co/datasets/lmms-lab/EgoLife/resolve/main/A5_KATRINA/DAY7/DAY7_A5_KATRINA_14283000.mp4"
"egolife_rlhf_packet_ranking_v4","dbea4d3c4ab21c99f39c","day5_7_full_100","HM","pending","95","EGOLIFE2U_RANDOM_PAIR_CLIP_PRUNED_DAY7_14283000_A3_A5_0-1","2","EGOLIFE2U_RANDOM_PAIR_CLIP_PRUNED_DAY7_14283000_A3_A5_0-1::candidate_03","","","","","","false","","","2026-08-06T19:43:20.924Z","","0","I was relaxing on the bed in the room with clothes hanging on the wall and using my tablet. In the kitchen area with the window and red refrigerator, what pattern was on the tablecloth where someone was using a phone?","[""A red and white checkered pattern"",""A solid white surface"",""A blue and white striped pattern"",""A floral patterned design"",""A plain beige color""]","A","A red and white checkered pattern","Tasha","https://huggingface.co/datasets/lmms-lab/EgoLife/resolve/main/A3_TASHA/DAY7/DAY7_A3_TASHA_14283000.mp4","Katrina","https://huggingface.co/datasets/lmms-lab/EgoLife/resolve/main/A5_KATRINA/DAY7/DAY7_A5_KATRINA_14283000.mp4"
"egolife_rlhf_packet_ranking_v4","dbea4d3c4ab21c99f39c","day5_7_full_100","HM","pending","95","EGOLIFE2U_RANDOM_PAIR_CLIP_PRUNED_DAY7_14283000_A3_A5_0-1","3","EGOLIFE2U_RANDOM_PAIR_CLIP_PRUNED_DAY7_14283000_A3_A5_0-1::candidate_01","","","","","","false","","","2026-08-06T19:43:20.924Z","","0","I was lying in bed scrolling on my tablet while you were at the table, and I noticed the person in the yellow shirt walking around near the door. What was on the table where you were standing?","[""A red and white checkered tablecloth"",""A plain white tablecloth"",""A blue floral tablecloth"",""A wooden surface with no cloth"",""A black and white striped tablecloth""]","A","A red and white checkered tablecloth","Tasha","https://huggingface.co/datasets/lmms-lab/EgoLife/resolve/main/A3_TASHA/DAY7/DAY7_A3_TASHA_14283000.mp4","Katrina","https://huggingface.co/datasets/lmms-lab/EgoLife/resolve/main/A5_KATRINA/DAY7/DAY7_A5_KATRINA_14283000.mp4"
"egolife_rlhf_packet_ranking_v4","dbea4d3c4ab21c99f39c","day5_7_full_100","HM","pending","95","EGOLIFE2U_RANDOM_PAIR_CLIP_PRUNED_DAY7_14283000_A3_A5_0-1","4","EGOLIFE2U_RANDOM_PAIR_CLIP_PRUNED_DAY7_14283000_A3_A5_0-1::candidate_05","","","","","","false","","","2026-08-06T19:43:20.924Z","","0","I was in the bedroom with the yellow walls and pink clothes hanging on the door, but I couldn't see the table in the other room. What pattern was on the tablecloth where you were sitting?","[""A red and white checkered pattern"",""A solid light beige color"",""A blue floral print"",""A black and white striped pattern"",""A plain dark brown surface""]","A","A red and white checkered pattern","Tasha","https://huggingface.co/datasets/lmms-lab/EgoLife/resolve/main/A3_TASHA/DAY7/DAY7_A3_TASHA_14283000.mp4","Katrina","https://huggingface.co/datasets/lmms-lab/EgoLife/resolve/main/A5_KATRINA/DAY7/DAY7_A5_KATRINA_14283000.mp4"
"egolife_rlhf_packet_ranking_v4","dbea4d3c4ab21c99f39c","day5_7_full_100","HM","pending","95","EGOLIFE2U_RANDOM_PAIR_CLIP_PRUNED_DAY7_14283000_A3_A5_0-1","5","EGOLIFE2U_RANDOM_PAIR_CLIP_PRUNED_DAY7_14283000_A3_A5_0-1::candidate_06","","","","","","false","","","2026-08-06T19:43:20.924Z","","0","I was lying in the bedroom with the yellow walls, but I couldn't see the table where the person in the peach-colored top was sitting. What pattern was on the tablecloth covering that table?","[""A red and white checkered pattern"",""A solid light beige color"",""A blue floral print"",""A black and white striped pattern"",""A plain dark brown surface""]","A","A red and white checkered pattern","Tasha","https://huggingface.co/datasets/lmms-lab/EgoLife/resolve/main/A3_TASHA/DAY7/DAY7_A3_TASHA_14283000.mp4","Katrina","https://huggingface.co/datasets/lmms-lab/EgoLife/resolve/main/A5_KATRINA/DAY7/DAY7_A5_KATRINA_14283000.mp4"
"egolife_rlhf_packet_ranking_v4","dbea4d3c4ab21c99f39c","day5_7_full_100","HM","pending","95","EGOLIFE2U_RANDOM_PAIR_CLIP_PRUNED_DAY7_14283000_A3_A5_0-1","6","EGOLIFE2U_RANDOM_PAIR_CLIP_PRUNED_DAY7_14283000_A3_A5_0-1::candidate_02","","","","","","false","","","2026-08-06T19:43:20.924Z","","0","I was lying in bed in the room with the clothes hanging on the wall, and I saw a person in a yellow shirt standing near the door. In the other room where you were, what kind of tablecloth was covering the table?","[""A red and white checkered tablecloth"",""A solid white tablecloth"",""A blue and white striped tablecloth"",""A floral patterned tablecloth"",""A plain beige tablecloth""]","A","A red and white checkered tablecloth","Tasha","https://huggingface.co/datasets/lmms-lab/EgoLife/resolve/main/A3_TASHA/DAY7/DAY7_A3_TASHA_14283000.mp4","Katrina","https://huggingface.co/datasets/lmms-lab/EgoLife/resolve/main/A5_KATRINA/DAY7/DAY7_A5_KATRINA_14283000.mp4"
"egolife_rlhf_packet_ranking_v4","dbea4d3c4ab21c99f39c","day5_7_full_100","HM","pending","96","EGOLIFE2U_RANDOM_PAIR_CLIP_PRUNED_DAY7_14290000_A2_A3_0-1","1","EGOLIFE2U_RANDOM_PAIR_CLIP_PRUNED_DAY7_14290000_A2_A3_0-1::candidate_06","","","","","","false","","","2026-08-06T19:43:21.085Z","","0","I was lying in the bedroom with the window and curtains scrolling through my phone. In the bedroom with the yellow bedding, what color socks was the person in the yellow shirt wearing?","[""Bright red socks"",""Black socks"",""White socks"",""Grey socks"",""Blue socks""]","A","Bright red socks","Alice","https://huggingface.co/datasets/lmms-lab/EgoLife/resolve/main/A2_ALICE/DAY7/DAY7_A2_ALICE_14290000.mp4","Tasha","https://huggingface.co/datasets/lmms-lab/EgoLife/resolve/main/A3_TASHA/DAY7/DAY7_A3_TASHA_14290000.mp4"
"egolife_rlhf_packet_ranking_v4","dbea4d3c4ab21c99f39c","day5_7_full_100","HM","pending","96","EGOLIFE2U_RANDOM_PAIR_CLIP_PRUNED_DAY7_14290000_A2_A3_0-1","2","EGOLIFE2U_RANDOM_PAIR_CLIP_PRUNED_DAY7_14290000_A2_A3_0-1::candidate_03","","","","","","false","","","2026-08-06T19:43:21.085Z","","0","I was looking at my phone in the room with the window, and I noticed someone in a yellow shirt walking around in the other room with the yellow bed sheets. I couldn't quite tell what color footwear they were wearing. What color socks was the person in the yellow shirt wearing?","[""Bright red socks"",""Plain white socks"",""Black ankle socks"",""Blue athletic socks"",""Grey striped socks""]","A","Bright red socks","Alice","https://huggingface.co/datasets/lmms-lab/EgoLife/resolve/main/A2_ALICE/DAY7/DAY7_A2_ALICE_14290000.mp4","Tasha","https://huggingface.co/datasets/lmms-lab/EgoLife/resolve/main/A3_TASHA/DAY7/DAY7_A3_TASHA_14290000.mp4"
"egolife_rlhf_packet_ranking_v4","dbea4d3c4ab21c99f39c","day5_7_full_100","HM","pending","96","EGOLIFE2U_RANDOM_PAIR_CLIP_PRUNED_DAY7_14290000_A2_A3_0-1","3","EGOLIFE2U_RANDOM_PAIR_CLIP_PRUNED_DAY7_14290000_A2_A3_0-1::candidate_05","","","","","","false","","","2026-08-06T19:43:21.085Z","","0","I was lying in the bedroom with the bright window scrolling through my phone. In the other bedroom with the yellow sheets, what color were the socks worn by the person in the yellow shirt who was walking around?","[""Bright red socks"",""Black socks"",""White socks"",""Grey socks"",""Blue socks""]","A","Bright red socks","Alice","https://huggingface.co/datasets/lmms-lab/EgoLife/resolve/main/A2_ALICE/DAY7/DAY7_A2_ALICE_14290000.mp4","Tasha","https://huggingface.co/datasets/lmms-lab/EgoLife/resolve/main/A3_TASHA/DAY7/DAY7_A3_TASHA_14290000.mp4"
"egolife_rlhf_packet_ranking_v4","dbea4d3c4ab21c99f39c","day5_7_full_100","HM","pending","96","EGOLIFE2U_RANDOM_PAIR_CLIP_PRUNED_DAY7_14290000_A2_A3_0-1","4","EGOLIFE2U_RANDOM_PAIR_CLIP_PRUNED_DAY7_14290000_A2_A3_0-1::candidate_02","","","","","","false","","","2026-08-06T19:43:21.085Z","","0","I saw someone walking around in the room with the yellow bed sheets, but I didn't catch the color of their footwear. What color socks was the person in the yellow shirt wearing?","[""Bright red socks"",""Plain white socks"",""Black ankle socks"",""Blue athletic socks"",""Grey striped socks""]","A","Bright red socks","Alice","https://huggingface.co/datasets/lmms-lab/EgoLife/resolve/main/A2_ALICE/DAY7/DAY7_A2_ALICE_14290000.mp4","Tasha","https://huggingface.co/datasets/lmms-lab/EgoLife/resolve/main/A3_TASHA/DAY7/DAY7_A3_TASHA_14290000.mp4"
"egolife_rlhf_packet_ranking_v4","dbea4d3c4ab21c99f39c","day5_7_full_100","HM","pending","96","EGOLIFE2U_RANDOM_PAIR_CLIP_PRUNED_DAY7_14290000_A2_A3_0-1","5","EGOLIFE2U_RANDOM_PAIR_CLIP_PRUNED_DAY7_14290000_A2_A3_0-1::candidate_04","","","","","","false","","","2026-08-06T19:43:21.085Z","","0","I was just scrolling through my phone while lying in the room with the bright window. In the other room with the yellow sheets, what color were the socks worn by the person walking around the bed?","[""Red"",""White"",""Black"",""Blue"",""Grey""]","A","Red","Alice","https://huggingface.co/datasets/lmms-lab/EgoLife/resolve/main/A2_ALICE/DAY7/DAY7_A2_ALICE_14290000.mp4","Tasha","https://huggingface.co/datasets/lmms-lab/EgoLife/resolve/main/A3_TASHA/DAY7/DAY7_A3_TASHA_14290000.mp4"
"egolife_rlhf_packet_ranking_v4","dbea4d3c4ab21c99f39c","day5_7_full_100","HM","pending","96","EGOLIFE2U_RANDOM_PAIR_CLIP_PRUNED_DAY7_14290000_A2_A3_0-1","6","EGOLIFE2U_RANDOM_PAIR_CLIP_PRUNED_DAY7_14290000_A2_A3_0-1::candidate_01","","","","","","false","","","2026-08-06T19:43:21.085Z","","0","I am looking at my phone in my room, and there is another person standing in the corner near the air conditioner. What color socks is that person wearing?","[""Bright red socks"",""White athletic socks"",""Black ankle socks"",""Blue striped socks"",""Navy blue socks""]","A","Bright red socks","Alice","https://huggingface.co/datasets/lmms-lab/EgoLife/resolve/main/A2_ALICE/DAY7/DAY7_A2_ALICE_14290000.mp4","Tasha","https://huggingface.co/datasets/lmms-lab/EgoLife/resolve/main/A3_TASHA/DAY7/DAY7_A3_TASHA_14290000.mp4"
"egolife_rlhf_packet_ranking_v4","dbea4d3c4ab21c99f39c","day5_7_full_100","HM","pending","97","EGOLIFE2U_RANDOM_PAIR_CLIP_PRUNED_DAY7_15130000_A1_A4_0-1","1","EGOLIFE2U_RANDOM_PAIR_CLIP_PRUNED_DAY7_15130000_A1_A4_0-1::candidate_03","","","","","","false","","","2026-08-06T19:43:21.260Z","","0","I was looking for a spot to sit outside, but I couldn't see the patio from where I was. On the wooden table under the umbrella, was there a roll of paper towels?","[""a carton of orange juice"",""a roll of paper towels"",""a glass of water"",""a smartphone"",""a plastic container""]","B","a roll of paper towels","Jake","https://huggingface.co/datasets/lmms-lab/EgoLife/resolve/main/A1_JAKE/DAY7/DAY7_A1_JAKE_15130000.mp4","Lucia","https://huggingface.co/datasets/lmms-lab/EgoLife/resolve/main/A4_LUCIA/DAY7/DAY7_A4_LUCIA_15130000.mp4"
"egolife_rlhf_packet_ranking_v4","dbea4d3c4ab21c99f39c","day5_7_full_100","HM","pending","97","EGOLIFE2U_RANDOM_PAIR_CLIP_PRUNED_DAY7_15130000_A1_A4_0-1","2","EGOLIFE2U_RANDOM_PAIR_CLIP_PRUNED_DAY7_15130000_A1_A4_0-1::candidate_02","","","","","","false","","","2026-08-06T19:43:21.260Z","","0","I was walking around inside the apartment holding my phone, but I couldn't see the patio. On the table where the person in the white shirt was sitting, what was the large white cylindrical object?","[""a stack of white plates"",""a roll of paper towels"",""a bottle of lotion"",""a container of cotton balls"",""a roll of aluminum foil""]","B","a roll of paper towels","Jake","https://huggingface.co/datasets/lmms-lab/EgoLife/resolve/main/A1_JAKE/DAY7/DAY7_A1_JAKE_15130000.mp4","Lucia","https://huggingface.co/datasets/lmms-lab/EgoLife/resolve/main/A4_LUCIA/DAY7/DAY7_A4_LUCIA_15130000.mp4"
"egolife_rlhf_packet_ranking_v4","dbea4d3c4ab21c99f39c","day5_7_full_100","HM","pending","97","EGOLIFE2U_RANDOM_PAIR_CLIP_PRUNED_DAY7_15130000_A1_A4_0-1","3","EGOLIFE2U_RANDOM_PAIR_CLIP_PRUNED_DAY7_15130000_A1_A4_0-1::candidate_04","","","","","","false","","","2026-08-06T19:43:21.260Z","","0","I noticed a roll of paper towels on the table outside, but I'm not sure if it's just a single roll or if there are actually two stacked together. Can you confirm how many rolls are sitting there?","[""A single roll of paper towels"",""Two stacked rolls of paper towels"",""A roll of paper towels and a plastic container"",""A roll of paper towels and a juice carton"",""Two separate rolls of paper towels lying flat""]","B","Two stacked rolls of paper towels","Jake","https://huggingface.co/datasets/lmms-lab/EgoLife/resolve/main/A1_JAKE/DAY7/DAY7_A1_JAKE_15130000.mp4","Lucia","https://huggingface.co/datasets/lmms-lab/EgoLife/resolve/main/A4_LUCIA/DAY7/DAY7_A4_LUCIA_15130000.mp4"
"egolife_rlhf_packet_ranking_v4","dbea4d3c4ab21c99f39c","day5_7_full_100","HM","pending","97","EGOLIFE2U_RANDOM_PAIR_CLIP_PRUNED_DAY7_15130000_A1_A4_0-1","4","EGOLIFE2U_RANDOM_PAIR_CLIP_PRUNED_DAY7_15130000_A1_A4_0-1::candidate_01","","","","","","false","","","2026-08-06T19:43:21.260Z","","0","I was walking around inside holding my phone, but I couldn't see outside. What was the person wearing a white shirt doing while sitting at the outdoor table?","[""drinking from a plastic cup"",""looking at a smartphone"",""wiping the table surface"",""reading a book"",""talking on the phone""]","B","looking at a smartphone","Jake","https://huggingface.co/datasets/lmms-lab/EgoLife/resolve/main/A1_JAKE/DAY7/DAY7_A1_JAKE_15130000.mp4","Lucia","https://huggingface.co/datasets/lmms-lab/EgoLife/resolve/main/A4_LUCIA/DAY7/DAY7_A4_LUCIA_15130000.mp4"
"egolife_rlhf_packet_ranking_v4","dbea4d3c4ab21c99f39c","day5_7_full_100","HM","pending","97","EGOLIFE2U_RANDOM_PAIR_CLIP_PRUNED_DAY7_15130000_A1_A4_0-1","5","EGOLIFE2U_RANDOM_PAIR_CLIP_PRUNED_DAY7_15130000_A1_A4_0-1::candidate_06","","","","","","false","","","2026-08-06T19:43:21.260Z","","0","I was walking around the house with my phone and couldn't see what was on the outdoor table. What was the white roll-shaped item sitting on the table where we were?","[""A roll of paper towels"",""A roll of aluminum foil"",""A roll of plastic wrap"",""A roll of parchment paper"",""A roll of tape""]","A","A roll of paper towels","Jake","https://huggingface.co/datasets/lmms-lab/EgoLife/resolve/main/A1_JAKE/DAY7/DAY7_A1_JAKE_15130000.mp4","Lucia","https://huggingface.co/datasets/lmms-lab/EgoLife/resolve/main/A4_LUCIA/DAY7/DAY7_A4_LUCIA_15130000.mp4"
"egolife_rlhf_packet_ranking_v4","dbea4d3c4ab21c99f39c","day5_7_full_100","HM","pending","97","EGOLIFE2U_RANDOM_PAIR_CLIP_PRUNED_DAY7_15130000_A1_A4_0-1","6","EGOLIFE2U_RANDOM_PAIR_CLIP_PRUNED_DAY7_15130000_A1_A4_0-1::candidate_05","","","","","","false","","","2026-08-06T19:43:21.260Z","","0","I'm trying to figure out who was looking at their phone while we were outside. Was the person sitting across the table from me, in the white shirt, using a phone?","[""Yes, they were looking at a phone"",""No, they were not using a phone"",""They were holding a cup instead"",""They were holding a roll of paper towels"",""They were holding a juice carton""]","A","Yes, they were looking at a phone","Jake","https://huggingface.co/datasets/lmms-lab/EgoLife/resolve/main/A1_JAKE/DAY7/DAY7_A1_JAKE_15130000.mp4","Lucia","https://huggingface.co/datasets/lmms-lab/EgoLife/resolve/main/A4_LUCIA/DAY7/DAY7_A4_LUCIA_15130000.mp4"
"egolife_rlhf_packet_ranking_v4","dbea4d3c4ab21c99f39c","day5_7_full_100","HM","pending","98","EGOLIFE2U_RANDOM_PAIR_CLIP_PRUNED_DAY7_15250000_A1_A4_0-1","1","EGOLIFE2U_RANDOM_PAIR_CLIP_PRUNED_DAY7_15250000_A1_A4_0-1::candidate_04","","","","","","false","","","2026-08-06T19:43:21.431Z","","0","I noticed there was a person wearing a yellow shirt sitting at the table, but from my angle, I couldn't really see what they were doing. What was that person doing at the table?","[""Looking at their phone"",""Pouring a drink from a carton"",""Eating a snack"",""Writing on a notepad"",""Talking to the person in white""]","A","Looking at their phone","Jake","https://huggingface.co/datasets/lmms-lab/EgoLife/resolve/main/A1_JAKE/DAY7/DAY7_A1_JAKE_15250000.mp4","Lucia","https://huggingface.co/datasets/lmms-lab/EgoLife/resolve/main/A4_LUCIA/DAY7/DAY7_A4_LUCIA_15250000.mp4"
"egolife_rlhf_packet_ranking_v4","dbea4d3c4ab21c99f39c","day5_7_full_100","HM","pending","98","EGOLIFE2U_RANDOM_PAIR_CLIP_PRUNED_DAY7_15250000_A1_A4_0-1","2","EGOLIFE2U_RANDOM_PAIR_CLIP_PRUNED_DAY7_15250000_A1_A4_0-1::candidate_05","","","","","","false","","","2026-08-06T19:43:21.431Z","","0","I noticed a few items on the table in front of us, but I couldn't quite identify the tall container with a red and white label. What exactly was that object?","[""A carton of juice or milk"",""A plastic water bottle"",""A white ceramic mug"",""A roll of paper towels"",""A small glass cup""]","A","A carton of juice or milk","Jake","https://huggingface.co/datasets/lmms-lab/EgoLife/resolve/main/A1_JAKE/DAY7/DAY7_A1_JAKE_15250000.mp4","Lucia","https://huggingface.co/datasets/lmms-lab/EgoLife/resolve/main/A4_LUCIA/DAY7/DAY7_A4_LUCIA_15250000.mp4"
"egolife_rlhf_packet_ranking_v4","dbea4d3c4ab21c99f39c","day5_7_full_100","HM","pending","98","EGOLIFE2U_RANDOM_PAIR_CLIP_PRUNED_DAY7_15250000_A1_A4_0-1","3","EGOLIFE2U_RANDOM_PAIR_CLIP_PRUNED_DAY7_15250000_A1_A4_0-1::candidate_02","","","","","","false","","","2026-08-06T19:43:21.431Z","","0","I was looking at the table from my spot and saw a tall carton sitting there, but I couldn't tell what it was. What kind of drink was in that carton?","[""It was a carton of orange juice"",""It was a carton of sparkling water"",""It was a carton of iced tea"",""It was a carton of milk"",""It was a carton of fruit punch""]","A","It was a carton of orange juice","Jake","https://huggingface.co/datasets/lmms-lab/EgoLife/resolve/main/A1_JAKE/DAY7/DAY7_A1_JAKE_15250000.mp4","Lucia","https://huggingface.co/datasets/lmms-lab/EgoLife/resolve/main/A4_LUCIA/DAY7/DAY7_A4_LUCIA_15250000.mp4"
"egolife_rlhf_packet_ranking_v4","dbea4d3c4ab21c99f39c","day5_7_full_100","HM","pending","98","EGOLIFE2U_RANDOM_PAIR_CLIP_PRUNED_DAY7_15250000_A1_A4_0-1","4","EGOLIFE2U_RANDOM_PAIR_CLIP_PRUNED_DAY7_15250000_A1_A4_0-1::candidate_03","","","","","","false","","","2026-08-06T19:43:21.431Z","","0","I was looking at the people sitting around the table, but the person sitting across from me was a bit hard to see clearly. What color shirt was that person wearing?","[""A bright yellow t-shirt"",""A white long-sleeved shirt"",""A black button-down shirt"",""A blue denim jacket"",""A dark green sweater""]","A","A bright yellow t-shirt","Jake","https://huggingface.co/datasets/lmms-lab/EgoLife/resolve/main/A1_JAKE/DAY7/DAY7_A1_JAKE_15250000.mp4","Lucia","https://huggingface.co/datasets/lmms-lab/EgoLife/resolve/main/A4_LUCIA/DAY7/DAY7_A4_LUCIA_15250000.mp4"
"egolife_rlhf_packet_ranking_v4","dbea4d3c4ab21c99f39c","day5_7_full_100","HM","pending","98","EGOLIFE2U_RANDOM_PAIR_CLIP_PRUNED_DAY7_15250000_A1_A4_0-1","5","EGOLIFE2U_RANDOM_PAIR_CLIP_PRUNED_DAY7_15250000_A1_A4_0-1::candidate_01","","","","","","false","","","2026-08-06T19:43:21.431Z","","0","I was sitting down looking at my phone when I noticed the person in the dark shirt across from me was also looking at a device. What was that person doing with their phone?","[""They were holding the phone up to take a picture"",""They were resting their hands on the table"",""They were actively scrolling or typing on the screen"",""They were holding the phone in one hand while eating"",""They were looking at the screen with the phone resting on the table""]","C","They were actively scrolling or typing on the screen","Jake","https://huggingface.co/datasets/lmms-lab/EgoLife/resolve/main/A1_JAKE/DAY7/DAY7_A1_JAKE_15250000.mp4","Lucia","https://huggingface.co/datasets/lmms-lab/EgoLife/resolve/main/A4_LUCIA/DAY7/DAY7_A4_LUCIA_15250000.mp4"
"egolife_rlhf_packet_ranking_v4","dbea4d3c4ab21c99f39c","day5_7_full_100","HM","pending","98","EGOLIFE2U_RANDOM_PAIR_CLIP_PRUNED_DAY7_15250000_A1_A4_0-1","6","EGOLIFE2U_RANDOM_PAIR_CLIP_PRUNED_DAY7_15250000_A1_A4_0-1::candidate_06","","","","","","false","","","2026-08-06T19:43:21.431Z","","0","I was looking at the table and noticed a couple of tall containers sitting near the center. Besides the tall carton with the red and white label, what was the other tall container next to it?","[""A clear plastic water bottle"",""A tall glass of iced tea"",""A metal thermos flask"",""A white ceramic pitcher"",""A dark colored soda bottle""]","A","A clear plastic water bottle","Jake","https://huggingface.co/datasets/lmms-lab/EgoLife/resolve/main/A1_JAKE/DAY7/DAY7_A1_JAKE_15250000.mp4","Lucia","https://huggingface.co/datasets/lmms-lab/EgoLife/resolve/main/A4_LUCIA/DAY7/DAY7_A4_LUCIA_15250000.mp4"
"egolife_rlhf_packet_ranking_v4","dbea4d3c4ab21c99f39c","day5_7_full_100","HM","pending","99","EGOLIFE2U_RANDOM_PAIR_CLIP_PRUNED_DAY7_17540000_A1_A2_0-1","1","EGOLIFE2U_RANDOM_PAIR_CLIP_PRUNED_DAY7_17540000_A1_A2_0-1::candidate_01","","","","","","false","","","2026-08-06T19:43:21.588Z","","0","I was hanging out at the checkered table, and later saw a guy in a patterned jacket walk into the kitchen. What was happening in the bedroom with the large landscape tapestry while I was sitting there?","[""Someone was adjusting a large landscape tapestry on the wall"",""Someone was watching a video on a tablet in bed"",""Someone was looking at a painting of sunflowers"",""Someone was tidying up the messy bed"",""Someone was checking messages on their phone""]","A","Someone was adjusting a large landscape tapestry on the wall","Jake","https://huggingface.co/datasets/lmms-lab/EgoLife/resolve/main/A1_JAKE/DAY7/DAY7_A1_JAKE_17540000.mp4","Alice","https://huggingface.co/datasets/lmms-lab/EgoLife/resolve/main/A2_ALICE/DAY7/DAY7_A2_ALICE_17540000.mp4"
"egolife_rlhf_packet_ranking_v4","dbea4d3c4ab21c99f39c","day5_7_full_100","HM","pending","99","EGOLIFE2U_RANDOM_PAIR_CLIP_PRUNED_DAY7_17540000_A1_A2_0-1","2","EGOLIFE2U_RANDOM_PAIR_CLIP_PRUNED_DAY7_17540000_A1_A2_0-1::candidate_03","","","","","","false","","","2026-08-06T19:43:21.588Z","","0","I saw someone in the bedroom putting up a large landscape tapestry on the wall above the bed. What was mounted on the wall directly above that tapestry?","[""A white air conditioning unit"",""A wooden shelf with books"",""A framed black and white photo"",""A ceiling fan fixture"",""A small digital clock""]","A","A white air conditioning unit","Jake","https://huggingface.co/datasets/lmms-lab/EgoLife/resolve/main/A1_JAKE/DAY7/DAY7_A1_JAKE_17540000.mp4","Alice","https://huggingface.co/datasets/lmms-lab/EgoLife/resolve/main/A2_ALICE/DAY7/DAY7_A2_ALICE_17540000.mp4"
"egolife_rlhf_packet_ranking_v4","dbea4d3c4ab21c99f39c","day5_7_full_100","HM","pending","99","EGOLIFE2U_RANDOM_PAIR_CLIP_PRUNED_DAY7_17540000_A1_A2_0-1","3","EGOLIFE2U_RANDOM_PAIR_CLIP_PRUNED_DAY7_17540000_A1_A2_0-1::candidate_04","","","","","","false","","","2026-08-06T19:43:21.588Z","","0","What was I doing in the bedroom while the group was hanging out at the table?","[""I was taping a large landscape poster to the wall"",""I was scrolling through a messaging app on my phone"",""I was adjusting the settings on the air conditioner"",""I was sitting on the bed using a tablet"",""I was tidying up the blankets on the bed""]","A","I was taping a large landscape poster to the wall","Jake","https://huggingface.co/datasets/lmms-lab/EgoLife/resolve/main/A1_JAKE/DAY7/DAY7_A1_JAKE_17540000.mp4","Alice","https://huggingface.co/datasets/lmms-lab/EgoLife/resolve/main/A2_ALICE/DAY7/DAY7_A2_ALICE_17540000.mp4"
"egolife_rlhf_packet_ranking_v4","dbea4d3c4ab21c99f39c","day5_7_full_100","HM","pending","99","EGOLIFE2U_RANDOM_PAIR_CLIP_PRUNED_DAY7_17540000_A1_A2_0-1","4","EGOLIFE2U_RANDOM_PAIR_CLIP_PRUNED_DAY7_17540000_A1_A2_0-1::candidate_06","","","","","","false","","","2026-08-06T19:43:21.588Z","","0","When the person in the bedroom with the green landscape painting put that large poster up on the wall, what were they using to stick it there?","[""Clear adhesive tape"",""Blue painter's tape"",""Red masking tape"",""Adhesive putty"",""Thumbtacks""]","A","Clear adhesive tape","Jake","https://huggingface.co/datasets/lmms-lab/EgoLife/resolve/main/A1_JAKE/DAY7/DAY7_A1_JAKE_17540000.mp4","Alice","https://huggingface.co/datasets/lmms-lab/EgoLife/resolve/main/A2_ALICE/DAY7/DAY7_A2_ALICE_17540000.mp4"
"egolife_rlhf_packet_ranking_v4","dbea4d3c4ab21c99f39c","day5_7_full_100","HM","pending","99","EGOLIFE2U_RANDOM_PAIR_CLIP_PRUNED_DAY7_17540000_A1_A2_0-1","5","EGOLIFE2U_RANDOM_PAIR_CLIP_PRUNED_DAY7_17540000_A1_A2_0-1::candidate_02","","","","","","false","","","2026-08-06T19:43:21.588Z","","0","While I was sitting at the checkered table, I was looking at the phone screen in my hand. What was the specific action I was doing with that phone?","[""Scrolling through a list of messages on a chat interface"",""Taking a photo of the messy bed in the room"",""Watching a video on a social media feed"",""Typing a long note in the notes app"",""Checking the battery level on the settings page""]","A","Scrolling through a list of messages on a chat interface","Jake","https://huggingface.co/datasets/lmms-lab/EgoLife/resolve/main/A1_JAKE/DAY7/DAY7_A1_JAKE_17540000.mp4","Alice","https://huggingface.co/datasets/lmms-lab/EgoLife/resolve/main/A2_ALICE/DAY7/DAY7_A2_ALICE_17540000.mp4"
"egolife_rlhf_packet_ranking_v4","dbea4d3c4ab21c99f39c","day5_7_full_100","HM","pending","99","EGOLIFE2U_RANDOM_PAIR_CLIP_PRUNED_DAY7_17540000_A1_A2_0-1","6","EGOLIFE2U_RANDOM_PAIR_CLIP_PRUNED_DAY7_17540000_A1_A2_0-1::candidate_05","","","","","","false","","","2026-08-06T19:43:21.588Z","","0","What was I using to stick that large landscape poster onto the wall?","[""Clear adhesive tape"",""Blue painter's tape"",""Red masking tape"",""Adhesive putty"",""Thumbtacks""]","A","Clear adhesive tape","Jake","https://huggingface.co/datasets/lmms-lab/EgoLife/resolve/main/A1_JAKE/DAY7/DAY7_A1_JAKE_17540000.mp4","Alice","https://huggingface.co/datasets/lmms-lab/EgoLife/resolve/main/A2_ALICE/DAY7/DAY7_A2_ALICE_17540000.mp4"
"egolife_rlhf_packet_ranking_v4","dbea4d3c4ab21c99f39c","day5_7_full_100","HM","pending","100","EGOLIFE2U_RANDOM_PAIR_CLIP_PRUNED_DAY7_17583000_A1_A4_0-1","1","EGOLIFE2U_RANDOM_PAIR_CLIP_PRUNED_DAY7_17583000_A1_A4_0-1::candidate_02","","","","","","false","","","2026-08-06T19:43:21.750Z","","6","I can see my reflection in the full-length mirror in the bedroom, but I can't see my own face clearly from this angle. What color shirt am I wearing?","[""A yellow t-shirt"",""A black long-sleeved shirt"",""A white button-down shirt"",""A grey hoodie"",""A blue denim jacket""]","A","A yellow t-shirt","Jake","https://huggingface.co/datasets/lmms-lab/EgoLife/resolve/main/A1_JAKE/DAY7/DAY7_A1_JAKE_17583000.mp4","Lucia","https://huggingface.co/datasets/lmms-lab/EgoLife/resolve/main/A4_LUCIA/DAY7/DAY7_A4_LUCIA_17583000.mp4"
"egolife_rlhf_packet_ranking_v4","dbea4d3c4ab21c99f39c","day5_7_full_100","HM","pending","100","EGOLIFE2U_RANDOM_PAIR_CLIP_PRUNED_DAY7_17583000_A1_A4_0-1","2","EGOLIFE2U_RANDOM_PAIR_CLIP_PRUNED_DAY7_17583000_A1_A4_0-1::candidate_06","","","","","","false","","","2026-08-06T19:43:21.750Z","","6","I was standing near the dining table with the checkered tablecloth and saw a person wearing a yellow t-shirt standing near the white board in the background, but I couldn't see what they were holding. What object was the person in the yellow t-shirt holding?","[""A smartphone"",""A white cup"",""A remote control"",""A small bottle"",""A book""]","A","A smartphone","Jake","https://huggingface.co/datasets/lmms-lab/EgoLife/resolve/main/A1_JAKE/DAY7/DAY7_A1_JAKE_17583000.mp4","Lucia","https://huggingface.co/datasets/lmms-lab/EgoLife/resolve/main/A4_LUCIA/DAY7/DAY7_A4_LUCIA_17583000.mp4"
"egolife_rlhf_packet_ranking_v4","dbea4d3c4ab21c99f39c","day5_7_full_100","HM","pending","100","EGOLIFE2U_RANDOM_PAIR_CLIP_PRUNED_DAY7_17583000_A1_A4_0-1","3","EGOLIFE2U_RANDOM_PAIR_CLIP_PRUNED_DAY7_17583000_A1_A4_0-1::candidate_03","","","","","","false","","","2026-08-06T19:43:21.750Z","","6","I could see the watermelon slices on the checkered tablecloth, but I couldn't see what the yellow bottle sitting next to them was. What kind of bottle was it?","[""A bottle of ketchup"",""A bottle of mustard"",""A bottle of hot sauce"",""A bottle of salad dressing"",""A bottle of soy sauce""]","B","A bottle of mustard","Jake","https://huggingface.co/datasets/lmms-lab/EgoLife/resolve/main/A1_JAKE/DAY7/DAY7_A1_JAKE_17583000.mp4","Lucia","https://huggingface.co/datasets/lmms-lab/EgoLife/resolve/main/A4_LUCIA/DAY7/DAY7_A4_LUCIA_17583000.mp4"
"egolife_rlhf_packet_ranking_v4","dbea4d3c4ab21c99f39c","day5_7_full_100","HM","pending","100","EGOLIFE2U_RANDOM_PAIR_CLIP_PRUNED_DAY7_17583000_A1_A4_0-1","4","EGOLIFE2U_RANDOM_PAIR_CLIP_PRUNED_DAY7_17583000_A1_A4_0-1::candidate_05","","","","","","false","","","2026-08-06T19:43:21.750Z","","6","I noticed a person in a yellow t-shirt standing near the white board, but I couldn't see what they were holding in their hand from where I was sitting. What object was the person in the yellow t-shirt holding?","[""A smartphone"",""A white cup"",""A remote control"",""A small bottle"",""A book""]","A","A smartphone","Jake","https://huggingface.co/datasets/lmms-lab/EgoLife/resolve/main/A1_JAKE/DAY7/DAY7_A1_JAKE_17583000.mp4","Lucia","https://huggingface.co/datasets/lmms-lab/EgoLife/resolve/main/A4_LUCIA/DAY7/DAY7_A4_LUCIA_17583000.mp4"
"egolife_rlhf_packet_ranking_v4","dbea4d3c4ab21c99f39c","day5_7_full_100","HM","pending","100","EGOLIFE2U_RANDOM_PAIR_CLIP_PRUNED_DAY7_17583000_A1_A4_0-1","5","EGOLIFE2U_RANDOM_PAIR_CLIP_PRUNED_DAY7_17583000_A1_A4_0-1::candidate_01","","","","","","false","","","2026-08-06T19:43:21.750Z","","6","I noticed the person in the yellow shirt standing near the projector screen in the living room, but I couldn't see what was in their hands from my angle. What was the person in the yellow shirt holding?","[""A smartphone"",""A remote control"",""A slice of watermelon"",""A set of keys"",""A glass of water""]","A","A smartphone","Jake","https://huggingface.co/datasets/lmms-lab/EgoLife/resolve/main/A1_JAKE/DAY7/DAY7_A1_JAKE_17583000.mp4","Lucia","https://huggingface.co/datasets/lmms-lab/EgoLife/resolve/main/A4_LUCIA/DAY7/DAY7_A4_LUCIA_17583000.mp4"
"egolife_rlhf_packet_ranking_v4","dbea4d3c4ab21c99f39c","day5_7_full_100","HM","pending","100","EGOLIFE2U_RANDOM_PAIR_CLIP_PRUNED_DAY7_17583000_A1_A4_0-1","6","EGOLIFE2U_RANDOM_PAIR_CLIP_PRUNED_DAY7_17583000_A1_A4_0-1::candidate_04","","","","","","false","","","2026-08-06T19:43:21.750Z","","6","I saw someone standing near the doorway with the white frame, but from my angle, I couldn't see what they were wearing. What color shirt was the person standing in that doorway wearing?","[""A white patterned shirt"",""A yellow t-shirt"",""A black long-sleeved top"",""A grey hoodie"",""A blue denim jacket""]","B","A yellow t-shirt","Jake","https://huggingface.co/datasets/lmms-lab/EgoLife/resolve/main/A1_JAKE/DAY7/DAY7_A1_JAKE_17583000.mp4","Lucia","https://huggingface.co/datasets/lmms-lab/EgoLife/resolve/main/A4_LUCIA/DAY7/DAY7_A4_LUCIA_17583000.mp4"