schema_version,dataset_fingerprint,assignment_id,reviewer_id,annotation_status,packet_order,evidence_id,display_order,candidate_id,formality_score,evidence_grounding_score,answerability_score,packet_skipped,skip_reason,notes,started_at,completed_at,active_seconds,question,options,correct,answer,video_1_user,video_1_source,video_2_user,video_2_source,evidence_reviewed,source_csv
egolife_rlhf_packet_ranking_v2,fc8ae24487bab271f513,day1_4_full_day_98_packets,xl6775,completed,1,EGOLIFE2U_RANDOM_PAIR_CLIP_PRUNED_DAY1_11153000_A1_A3_0-1,1,EGOLIFE2U_RANDOM_PAIR_CLIP_PRUNED_DAY1_11153000_A1_A3_0-1::candidate_06,1,3,1,false,,,Fri Aug 07 2026 02:57:14 GMT-0400 (Eastern Daylight Time),Fri Aug 07 2026 20:43:41 GMT-0400 (Eastern Daylight Time),64047,"I remember seeing a person standing by the red refrigerator while we were looking at the gadgets on the table, but I couldn't quite make out what they were wearing. What color was that person's shirt?","[""A light pink shirt"",""A green patterned top"",""A bright blue shirt"",""A black shirt"",""A white shirt""]",C,A bright blue shirt,Jake,https://huggingface.co/datasets/lmms-lab/EgoLife/resolve/main/A1_JAKE/DAY1/DAY1_A1_JAKE_11153000.mp4,Tasha,https://huggingface.co/datasets/lmms-lab/EgoLife/resolve/main/A3_TASHA/DAY1/DAY1_A3_TASHA_11153000.mp4,true,day1_4_annotated_20
egolife_rlhf_packet_ranking_v2,fc8ae24487bab271f513,day1_4_full_day_98_packets,xl6775,completed,1,EGOLIFE2U_RANDOM_PAIR_CLIP_PRUNED_DAY1_11153000_A1_A3_0-1,2,EGOLIFE2U_RANDOM_PAIR_CLIP_PRUNED_DAY1_11153000_A1_A3_0-1::candidate_02,3,3,1,false,,,Fri Aug 07 2026 02:57:14 GMT-0400 (Eastern Daylight Time),Fri Aug 07 2026 20:43:41 GMT-0400 (Eastern Daylight Time),64047,"I can see the table covered with a red and white checkered cloth, but I can't tell what color the refrigerator is from where I'm sitting. What color is the refrigerator standing near the doorway?","[""A bright red refrigerator"",""A white refrigerator"",""A stainless steel refrigerator"",""A black refrigerator"",""A pastel blue refrigerator""]",A,A bright red refrigerator,Jake,https://huggingface.co/datasets/lmms-lab/EgoLife/resolve/main/A1_JAKE/DAY1/DAY1_A1_JAKE_11153000.mp4,Tasha,https://huggingface.co/datasets/lmms-lab/EgoLife/resolve/main/A3_TASHA/DAY1/DAY1_A3_TASHA_11153000.mp4,true,day1_4_annotated_20
egolife_rlhf_packet_ranking_v2,fc8ae24487bab271f513,day1_4_full_day_98_packets,xl6775,completed,1,EGOLIFE2U_RANDOM_PAIR_CLIP_PRUNED_DAY1_11153000_A1_A3_0-1,3,EGOLIFE2U_RANDOM_PAIR_CLIP_PRUNED_DAY1_11153000_A1_A3_0-1::candidate_04,2,1,1,false,,,Fri Aug 07 2026 02:57:14 GMT-0400 (Eastern Daylight Time),Fri Aug 07 2026 20:43:41 GMT-0400 (Eastern Daylight Time),64047,"I was looking at the table with the red-and-white checkered cloth, and I saw someone sitting near the whiteboard with some blue boxes in front of them. Which person was sitting at the table wearing a white top?","[""The person with long pink hair"",""The person in the black shirt"",""The person in the orange shirt"",""The person in the green patterned shirt"",""The person in the blue shirt""]",A,The person with long pink hair,Jake,https://huggingface.co/datasets/lmms-lab/EgoLife/resolve/main/A1_JAKE/DAY1/DAY1_A1_JAKE_11153000.mp4,Tasha,https://huggingface.co/datasets/lmms-lab/EgoLife/resolve/main/A3_TASHA/DAY1/DAY1_A3_TASHA_11153000.mp4,true,day1_4_annotated_20
egolife_rlhf_packet_ranking_v2,fc8ae24487bab271f513,day1_4_full_day_98_packets,xl6775,completed,1,EGOLIFE2U_RANDOM_PAIR_CLIP_PRUNED_DAY1_11153000_A1_A3_0-1,4,EGOLIFE2U_RANDOM_PAIR_CLIP_PRUNED_DAY1_11153000_A1_A3_0-1::candidate_01,1,3,1,false,,,Fri Aug 07 2026 02:57:14 GMT-0400 (Eastern Daylight Time),Fri Aug 07 2026 20:43:41 GMT-0400 (Eastern Daylight Time),64047,"I'm looking at the person sitting in the chair wearing the black top and glasses, who seems to be looking at something on the table. What color is the shirt of the person standing right next to the red refrigerator?","[""A bright blue t-shirt"",""A white button-down shirt"",""A pink blouse"",""A black long-sleeve top"",""A grey sweatshirt""]",A,A bright blue t-shirt,Jake,https://huggingface.co/datasets/lmms-lab/EgoLife/resolve/main/A1_JAKE/DAY1/DAY1_A1_JAKE_11153000.mp4,Tasha,https://huggingface.co/datasets/lmms-lab/EgoLife/resolve/main/A3_TASHA/DAY1/DAY1_A3_TASHA_11153000.mp4,true,day1_4_annotated_20
egolife_rlhf_packet_ranking_v2,fc8ae24487bab271f513,day1_4_full_day_98_packets,xl6775,completed,1,EGOLIFE2U_RANDOM_PAIR_CLIP_PRUNED_DAY1_11153000_A1_A3_0-1,5,EGOLIFE2U_RANDOM_PAIR_CLIP_PRUNED_DAY1_11153000_A1_A3_0-1::candidate_03,3,3,1,false,,,Fri Aug 07 2026 02:57:14 GMT-0400 (Eastern Daylight Time),Fri Aug 07 2026 20:43:41 GMT-0400 (Eastern Daylight Time),64047,"I'm looking at the table covered with the red and white checkered cloth, but I can't see the area near the window clearly from my spot. What color is the refrigerator standing next to the window?","[""A bright red refrigerator"",""A white refrigerator"",""A stainless steel refrigerator"",""A black refrigerator"",""A pastel blue refrigerator""]",A,A bright red refrigerator,Jake,https://huggingface.co/datasets/lmms-lab/EgoLife/resolve/main/A1_JAKE/DAY1/DAY1_A1_JAKE_11153000.mp4,Tasha,https://huggingface.co/datasets/lmms-lab/EgoLife/resolve/main/A3_TASHA/DAY1/DAY1_A3_TASHA_11153000.mp4,true,day1_4_annotated_20
egolife_rlhf_packet_ranking_v2,fc8ae24487bab271f513,day1_4_full_day_98_packets,xl6775,completed,1,EGOLIFE2U_RANDOM_PAIR_CLIP_PRUNED_DAY1_11153000_A1_A3_0-1,6,EGOLIFE2U_RANDOM_PAIR_CLIP_PRUNED_DAY1_11153000_A1_A3_0-1::candidate_05,2,3,1,false,,,Fri Aug 07 2026 02:57:14 GMT-0400 (Eastern Daylight Time),Fri Aug 07 2026 20:43:41 GMT-0400 (Eastern Daylight Time),64047,I saw some people at the table with the checkered cloth looking at a cardboard box that was sitting on top of a larger rectangular box. What color was the larger box underneath the cardboard one?,"[""A blue box"",""A red box"",""A green box"",""A yellow box"",""A black box""]",A,A blue box,Jake,https://huggingface.co/datasets/lmms-lab/EgoLife/resolve/main/A1_JAKE/DAY1/DAY1_A1_JAKE_11153000.mp4,Tasha,https://huggingface.co/datasets/lmms-lab/EgoLife/resolve/main/A3_TASHA/DAY1/DAY1_A3_TASHA_11153000.mp4,true,day1_4_annotated_20
egolife_rlhf_packet_ranking_v2,fc8ae24487bab271f513,day1_4_full_day_98_packets,xl6775,completed,2,EGOLIFE2U_RANDOM_PAIR_CLIP_PRUNED_DAY1_11240000_A2_A4_0-1,1,EGOLIFE2U_RANDOM_PAIR_CLIP_PRUNED_DAY1_11240000_A2_A4_0-1::candidate_04,2,1,1,false,,,Fri Aug 07 2026 20:43:46 GMT-0400 (Eastern Daylight Time),Fri Aug 07 2026 20:57:01 GMT-0400 (Eastern Daylight Time),796,"I was looking at the whiteboard with the red and blue magnets earlier, but I couldn't see what was sitting on the ledge right next to it. What was the vase holding?","[""Pink flowers"",""Green plants"",""White candles"",""Blue books"",""Red pens""]",A,Pink flowers,Alice,https://huggingface.co/datasets/lmms-lab/EgoLife/resolve/main/A2_ALICE/DAY1/DAY1_A2_ALICE_11240000.mp4,Lucia,https://huggingface.co/datasets/lmms-lab/EgoLife/resolve/main/A4_LUCIA/DAY1/DAY1_A4_LUCIA_11240000.mp4,true,day1_4_annotated_20
egolife_rlhf_packet_ranking_v2,fc8ae24487bab271f513,day1_4_full_day_98_packets,xl6775,completed,2,EGOLIFE2U_RANDOM_PAIR_CLIP_PRUNED_DAY1_11240000_A2_A4_0-1,2,EGOLIFE2U_RANDOM_PAIR_CLIP_PRUNED_DAY1_11240000_A2_A4_0-1::candidate_06,2,3,1,false,,,Fri Aug 07 2026 20:43:46 GMT-0400 (Eastern Daylight Time),Fri Aug 07 2026 20:57:01 GMT-0400 (Eastern Daylight Time),796,"I noticed the person with pink hair sitting at the table, but I couldn't see what shirt they were wearing. Which shirt was the person with pink hair wearing?","[""A white t-shirt"",""A pink long-sleeve shirt"",""A blue t-shirt"",""A black jacket"",""A grey hoodie""]",A,A white t-shirt,Alice,https://huggingface.co/datasets/lmms-lab/EgoLife/resolve/main/A2_ALICE/DAY1/DAY1_A2_ALICE_11240000.mp4,Lucia,https://huggingface.co/datasets/lmms-lab/EgoLife/resolve/main/A4_LUCIA/DAY1/DAY1_A4_LUCIA_11240000.mp4,true,day1_4_annotated_20
egolife_rlhf_packet_ranking_v2,fc8ae24487bab271f513,day1_4_full_day_98_packets,xl6775,completed,2,EGOLIFE2U_RANDOM_PAIR_CLIP_PRUNED_DAY1_11240000_A2_A4_0-1,3,EGOLIFE2U_RANDOM_PAIR_CLIP_PRUNED_DAY1_11240000_A2_A4_0-1::candidate_03,2,1,1,false,,,Fri Aug 07 2026 20:43:46 GMT-0400 (Eastern Daylight Time),Fri Aug 07 2026 20:57:01 GMT-0400 (Eastern Daylight Time),796,"I noticed the person standing near the doorway wearing a pink shirt, but I couldn't see the color of their pants from my angle at the table. What color pants was that person wearing?","[""a pink shirt and pink pants"",""a pink shirt and black pants"",""a pink shirt and blue jeans"",""a pink shirt and khaki pants"",""a pink shirt and white pants""]",A,a pink shirt and pink pants,Alice,https://huggingface.co/datasets/lmms-lab/EgoLife/resolve/main/A2_ALICE/DAY1/DAY1_A2_ALICE_11240000.mp4,Lucia,https://huggingface.co/datasets/lmms-lab/EgoLife/resolve/main/A4_LUCIA/DAY1/DAY1_A4_LUCIA_11240000.mp4,true,day1_4_annotated_20
egolife_rlhf_packet_ranking_v2,fc8ae24487bab271f513,day1_4_full_day_98_packets,xl6775,completed,2,EGOLIFE2U_RANDOM_PAIR_CLIP_PRUNED_DAY1_11240000_A2_A4_0-1,4,EGOLIFE2U_RANDOM_PAIR_CLIP_PRUNED_DAY1_11240000_A2_A4_0-1::candidate_02,2,1,1,false,,,Fri Aug 07 2026 20:43:46 GMT-0400 (Eastern Daylight Time),Fri Aug 07 2026 20:57:01 GMT-0400 (Eastern Daylight Time),796,"I could see the whiteboard with the magnets from my angle, but I couldn't see what was sitting on the table right next to it. What was the colorful object placed on the table beside the whiteboard?","[""a vase of pink flowers"",""a stack of white napkins"",""a black circular bag"",""a blue portable speaker"",""a clear glass pitcher""]",A,a vase of pink flowers,Alice,https://huggingface.co/datasets/lmms-lab/EgoLife/resolve/main/A2_ALICE/DAY1/DAY1_A2_ALICE_11240000.mp4,Lucia,https://huggingface.co/datasets/lmms-lab/EgoLife/resolve/main/A4_LUCIA/DAY1/DAY1_A4_LUCIA_11240000.mp4,true,day1_4_annotated_20
egolife_rlhf_packet_ranking_v2,fc8ae24487bab271f513,day1_4_full_day_98_packets,xl6775,completed,2,EGOLIFE2U_RANDOM_PAIR_CLIP_PRUNED_DAY1_11240000_A2_A4_0-1,5,EGOLIFE2U_RANDOM_PAIR_CLIP_PRUNED_DAY1_11240000_A2_A4_0-1::candidate_05,2,1,1,false,,,Fri Aug 07 2026 20:43:46 GMT-0400 (Eastern Daylight Time),Fri Aug 07 2026 20:57:01 GMT-0400 (Eastern Daylight Time),796,"I was looking at the whiteboard with the magnets, but I couldn't see who else was around the table. Which of the people I was sitting with was wearing a white shirt?","[""The person with dark hair sitting across from me"",""The person with pink hair sitting next to me"",""The person standing in the doorway"",""The person sitting to my right"",""The person standing by the refrigerator""]",A,The person with dark hair sitting across from me,Alice,https://huggingface.co/datasets/lmms-lab/EgoLife/resolve/main/A2_ALICE/DAY1/DAY1_A2_ALICE_11240000.mp4,Lucia,https://huggingface.co/datasets/lmms-lab/EgoLife/resolve/main/A4_LUCIA/DAY1/DAY1_A4_LUCIA_11240000.mp4,true,day1_4_annotated_20
egolife_rlhf_packet_ranking_v2,fc8ae24487bab271f513,day1_4_full_day_98_packets,xl6775,completed,2,EGOLIFE2U_RANDOM_PAIR_CLIP_PRUNED_DAY1_11240000_A2_A4_0-1,6,EGOLIFE2U_RANDOM_PAIR_CLIP_PRUNED_DAY1_11240000_A2_A4_0-1::candidate_01,2,1,1,false,,,Fri Aug 07 2026 20:43:46 GMT-0400 (Eastern Daylight Time),Fri Aug 07 2026 20:57:01 GMT-0400 (Eastern Daylight Time),796,"I was looking at the whiteboard with the red and blue magnets, but I couldn't see what was placed right next to it on the table. What was the colorful object sitting on the table beside the whiteboard?","[""a vase of pink flowers"",""a stack of white napkins"",""a black circular bag"",""a blue portable speaker"",""a clear glass pitcher""]",A,a vase of pink flowers,Alice,https://huggingface.co/datasets/lmms-lab/EgoLife/resolve/main/A2_ALICE/DAY1/DAY1_A2_ALICE_11240000.mp4,Lucia,https://huggingface.co/datasets/lmms-lab/EgoLife/resolve/main/A4_LUCIA/DAY1/DAY1_A4_LUCIA_11240000.mp4,true,day1_4_annotated_20
egolife_rlhf_packet_ranking_v2,fc8ae24487bab271f513,day1_4_full_day_98_packets,xl6775,completed,3,EGOLIFE2U_RANDOM_PAIR_CLIP_PRUNED_DAY1_11293000_A4_A5_0-1,1,EGOLIFE2U_RANDOM_PAIR_CLIP_PRUNED_DAY1_11293000_A4_A5_0-1::candidate_03,2,1,1,false,,,Fri Aug 07 2026 20:57:02 GMT-0400 (Eastern Daylight Time),Fri Aug 07 2026 23:06:42 GMT-0400 (Eastern Daylight Time),7785,I was sitting at the table with the checkered cloth and noticed the person in the peach shirt standing near the whiteboard. What were they holding in their hands?,"[""A black marker"",""A stack of papers"",""A tablet device"",""A closed book"",""A remote control""]",C,A tablet device,Lucia,https://huggingface.co/datasets/lmms-lab/EgoLife/resolve/main/A4_LUCIA/DAY1/DAY1_A4_LUCIA_11293000.mp4,Katrina,https://huggingface.co/datasets/lmms-lab/EgoLife/resolve/main/A5_KATRINA/DAY1/DAY1_A5_KATRINA_11293000.mp4,true,day1_4_annotated_20
egolife_rlhf_packet_ranking_v2,fc8ae24487bab271f513,day1_4_full_day_98_packets,xl6775,completed,3,EGOLIFE2U_RANDOM_PAIR_CLIP_PRUNED_DAY1_11293000_A4_A5_0-1,2,EGOLIFE2U_RANDOM_PAIR_CLIP_PRUNED_DAY1_11293000_A4_A5_0-1::candidate_05,2,1,1,false,,,Fri Aug 07 2026 20:57:02 GMT-0400 (Eastern Daylight Time),Fri Aug 07 2026 23:06:42 GMT-0400 (Eastern Daylight Time),7785,"I noticed there was a tall red refrigerator in the room, but from my seat, I couldn't see the wall behind the table where the person in the white shirt was sitting. What was hanging on that wall?","[""a single large framed painting"",""a horizontal strip of small photos"",""a large world map"",""a set of decorative shelves"",""a calendar""]",B,a horizontal strip of small photos,Lucia,https://huggingface.co/datasets/lmms-lab/EgoLife/resolve/main/A4_LUCIA/DAY1/DAY1_A4_LUCIA_11293000.mp4,Katrina,https://huggingface.co/datasets/lmms-lab/EgoLife/resolve/main/A5_KATRINA/DAY1/DAY1_A5_KATRINA_11293000.mp4,true,day1_4_annotated_20
egolife_rlhf_packet_ranking_v2,fc8ae24487bab271f513,day1_4_full_day_98_packets,xl6775,completed,3,EGOLIFE2U_RANDOM_PAIR_CLIP_PRUNED_DAY1_11293000_A4_A5_0-1,3,EGOLIFE2U_RANDOM_PAIR_CLIP_PRUNED_DAY1_11293000_A4_A5_0-1::candidate_01,2,3,1,false,,,Fri Aug 07 2026 20:57:02 GMT-0400 (Eastern Daylight Time),Fri Aug 07 2026 23:06:42 GMT-0400 (Eastern Daylight Time),7785,"I was looking at the person in the peach shirt standing by the whiteboard, and I noticed something bright pink on the table right in front of them. What was that item?","[""A stack of white boxes"",""A black rectangular case"",""A vase of pink flowers"",""A whiteboard marker"",""A blue water bottle""]",C,A vase of pink flowers,Lucia,https://huggingface.co/datasets/lmms-lab/EgoLife/resolve/main/A4_LUCIA/DAY1/DAY1_A4_LUCIA_11293000.mp4,Katrina,https://huggingface.co/datasets/lmms-lab/EgoLife/resolve/main/A5_KATRINA/DAY1/DAY1_A5_KATRINA_11293000.mp4,true,day1_4_annotated_20
egolife_rlhf_packet_ranking_v2,fc8ae24487bab271f513,day1_4_full_day_98_packets,xl6775,completed,3,EGOLIFE2U_RANDOM_PAIR_CLIP_PRUNED_DAY1_11293000_A4_A5_0-1,4,EGOLIFE2U_RANDOM_PAIR_CLIP_PRUNED_DAY1_11293000_A4_A5_0-1::candidate_02,2,1,1,false,,,Fri Aug 07 2026 20:57:02 GMT-0400 (Eastern Daylight Time),Fri Aug 07 2026 23:06:42 GMT-0400 (Eastern Daylight Time),7785,I was sitting at the table with the checkered cloth and noticed the person in the peach shirt standing near the whiteboard. What were they holding in their hands?,"[""A black marker"",""A stack of papers"",""A tablet device"",""A closed book"",""A remote control""]",C,A tablet device,Lucia,https://huggingface.co/datasets/lmms-lab/EgoLife/resolve/main/A4_LUCIA/DAY1/DAY1_A4_LUCIA_11293000.mp4,Katrina,https://huggingface.co/datasets/lmms-lab/EgoLife/resolve/main/A5_KATRINA/DAY1/DAY1_A5_KATRINA_11293000.mp4,true,day1_4_annotated_20
egolife_rlhf_packet_ranking_v2,fc8ae24487bab271f513,day1_4_full_day_98_packets,xl6775,completed,3,EGOLIFE2U_RANDOM_PAIR_CLIP_PRUNED_DAY1_11293000_A4_A5_0-1,5,EGOLIFE2U_RANDOM_PAIR_CLIP_PRUNED_DAY1_11293000_A4_A5_0-1::candidate_06,2,1,1,false,,,Fri Aug 07 2026 20:57:02 GMT-0400 (Eastern Daylight Time),Fri Aug 07 2026 23:06:42 GMT-0400 (Eastern Daylight Time),7785,"From my seat, I could see the person in the blue shirt and the person in the black top, but I couldn't see the wall behind the person in the white shirt sitting next to the television. What was hanging on that wall?","[""a horizontal strip of small photos"",""a single large framed painting"",""a large world map"",""a set of decorative shelves"",""a calendar""]",A,a horizontal strip of small photos,Lucia,https://huggingface.co/datasets/lmms-lab/EgoLife/resolve/main/A4_LUCIA/DAY1/DAY1_A4_LUCIA_11293000.mp4,Katrina,https://huggingface.co/datasets/lmms-lab/EgoLife/resolve/main/A5_KATRINA/DAY1/DAY1_A5_KATRINA_11293000.mp4,true,day1_4_annotated_20
egolife_rlhf_packet_ranking_v2,fc8ae24487bab271f513,day1_4_full_day_98_packets,xl6775,completed,3,EGOLIFE2U_RANDOM_PAIR_CLIP_PRUNED_DAY1_11293000_A4_A5_0-1,6,EGOLIFE2U_RANDOM_PAIR_CLIP_PRUNED_DAY1_11293000_A4_A5_0-1::candidate_04,2,1,1,false,,,Fri Aug 07 2026 20:57:02 GMT-0400 (Eastern Daylight Time),Fri Aug 07 2026 23:06:42 GMT-0400 (Eastern Daylight Time),7785,"I remember seeing a small vase of pink flowers on the table, but I couldn't quite tell what was sitting directly beside it. What was the white box-like object next to the flowers?","[""a stack of white envelopes"",""a box of tissues"",""a container of sugar packets"",""a stack of white index cards"",""a small white speaker""]",B,a box of tissues,Lucia,https://huggingface.co/datasets/lmms-lab/EgoLife/resolve/main/A4_LUCIA/DAY1/DAY1_A4_LUCIA_11293000.mp4,Katrina,https://huggingface.co/datasets/lmms-lab/EgoLife/resolve/main/A5_KATRINA/DAY1/DAY1_A5_KATRINA_11293000.mp4,true,day1_4_annotated_20
egolife_rlhf_packet_ranking_v2,fc8ae24487bab271f513,day1_4_full_day_98_packets,xl6775,completed,4,EGOLIFE2U_RANDOM_PAIR_CLIP_PRUNED_DAY1_11333000_A5_A6_0-1,1,EGOLIFE2U_RANDOM_PAIR_CLIP_PRUNED_DAY1_11333000_A5_A6_0-1::candidate_06,2,3,1,false,,,Fri Aug 07 2026 23:06:47 GMT-0400 (Eastern Daylight Time),Sun Aug 09 2026 01:46:31 GMT-0400 (Eastern Daylight Time),2256,"I see the person in the orange shirt standing near the whiteboard, but from my angle, I can't tell where they are standing in relation to the group at the table. Are they standing at the head of the table where the whiteboard is, or are they at the side of the table near the window?","[""Standing at the head of the table near the whiteboard"",""Standing at the side of the table near the window"",""Standing at the foot of the table near the door"",""Standing behind the person in the white shirt"",""Standing behind the person in the dark shirt""]",A,Standing at the head of the table near the whiteboard,Katrina,https://huggingface.co/datasets/lmms-lab/EgoLife/resolve/main/A5_KATRINA/DAY1/DAY1_A5_KATRINA_11333000.mp4,Shure,https://huggingface.co/datasets/lmms-lab/EgoLife/resolve/main/A6_SHURE/DAY1/DAY1_A6_SHURE_11333000.mp4,true,day1_4_annotated_20
egolife_rlhf_packet_ranking_v2,fc8ae24487bab271f513,day1_4_full_day_98_packets,xl6775,completed,4,EGOLIFE2U_RANDOM_PAIR_CLIP_PRUNED_DAY1_11333000_A5_A6_0-1,2,EGOLIFE2U_RANDOM_PAIR_CLIP_PRUNED_DAY1_11333000_A5_A6_0-1::candidate_02,2,1,1,false,,,Fri Aug 07 2026 23:06:47 GMT-0400 (Eastern Daylight Time),Sun Aug 09 2026 01:46:31 GMT-0400 (Eastern Daylight Time),2256,"I was looking at the person in the peach shirt standing near the doorway, but I couldn't see what they were holding. What item was the person in the peach shirt holding in their hand?","[""A white marker"",""A whiteboard eraser"",""A smartphone"",""A pen"",""A paper document""]",C,A smartphone,Katrina,https://huggingface.co/datasets/lmms-lab/EgoLife/resolve/main/A5_KATRINA/DAY1/DAY1_A5_KATRINA_11333000.mp4,Shure,https://huggingface.co/datasets/lmms-lab/EgoLife/resolve/main/A6_SHURE/DAY1/DAY1_A6_SHURE_11333000.mp4,true,day1_4_annotated_20
egolife_rlhf_packet_ranking_v2,fc8ae24487bab271f513,day1_4_full_day_98_packets,xl6775,completed,4,EGOLIFE2U_RANDOM_PAIR_CLIP_PRUNED_DAY1_11333000_A5_A6_0-1,3,EGOLIFE2U_RANDOM_PAIR_CLIP_PRUNED_DAY1_11333000_A5_A6_0-1::candidate_04,3,3,2,false,,,Fri Aug 07 2026 23:06:47 GMT-0400 (Eastern Daylight Time),Sun Aug 09 2026 01:46:31 GMT-0400 (Eastern Daylight Time),2256,"I noticed the whiteboard next to the table has some lists and diagrams on it. From where I was sitting, I couldn't quite tell if the writing was on the left or right side, or if there were any other specific details. What exactly was written on the whiteboard?","[""A numbered list of items with blue and red magnets on the left"",""A large flowchart diagram with arrows pointing to the right"",""A schedule of events with times written in black marker"",""A grocery list with prices written on the right side"",""A drawing of a house with a red roof""]",A,A numbered list of items with blue and red magnets on the left,Katrina,https://huggingface.co/datasets/lmms-lab/EgoLife/resolve/main/A5_KATRINA/DAY1/DAY1_A5_KATRINA_11333000.mp4,Shure,https://huggingface.co/datasets/lmms-lab/EgoLife/resolve/main/A6_SHURE/DAY1/DAY1_A6_SHURE_11333000.mp4,true,day1_4_annotated_20
egolife_rlhf_packet_ranking_v2,fc8ae24487bab271f513,day1_4_full_day_98_packets,xl6775,completed,4,EGOLIFE2U_RANDOM_PAIR_CLIP_PRUNED_DAY1_11333000_A5_A6_0-1,4,EGOLIFE2U_RANDOM_PAIR_CLIP_PRUNED_DAY1_11333000_A5_A6_0-1::candidate_01,2,2,1,false,,,Fri Aug 07 2026 23:06:47 GMT-0400 (Eastern Daylight Time),Sun Aug 09 2026 01:46:31 GMT-0400 (Eastern Daylight Time),2256,"I'm trying to remember where the person in the peach-colored shirt was standing in relation to the room with the window, when I was looking at the whiteboard from my seat at the table.","[""Standing in the room with the window, near the kitchen counter"",""Standing in the same room as the table, near the doorway"",""Sitting at the table next to the person in the dark shirt"",""Sitting at the table next to the person in the light shirt"",""Standing in the same room as the table, near the whiteboard""]",B,"Standing in the same room as the table, near the doorway",Katrina,https://huggingface.co/datasets/lmms-lab/EgoLife/resolve/main/A5_KATRINA/DAY1/DAY1_A5_KATRINA_11333000.mp4,Shure,https://huggingface.co/datasets/lmms-lab/EgoLife/resolve/main/A6_SHURE/DAY1/DAY1_A6_SHURE_11333000.mp4,true,day1_4_annotated_20
egolife_rlhf_packet_ranking_v2,fc8ae24487bab271f513,day1_4_full_day_98_packets,xl6775,completed,4,EGOLIFE2U_RANDOM_PAIR_CLIP_PRUNED_DAY1_11333000_A5_A6_0-1,5,EGOLIFE2U_RANDOM_PAIR_CLIP_PRUNED_DAY1_11333000_A5_A6_0-1::candidate_03,2,1,1,false,,,Fri Aug 07 2026 23:06:47 GMT-0400 (Eastern Daylight Time),Sun Aug 09 2026 01:46:31 GMT-0400 (Eastern Daylight Time),2256,"I saw someone standing up by the doorway, but from my angle, I couldn't tell what they were holding in their hand. What item was the person in the peach shirt holding?","[""A smartphone"",""A whiteboard marker"",""A piece of paper"",""A black pen"",""A whiteboard eraser""]",A,A smartphone,Katrina,https://huggingface.co/datasets/lmms-lab/EgoLife/resolve/main/A5_KATRINA/DAY1/DAY1_A5_KATRINA_11333000.mp4,Shure,https://huggingface.co/datasets/lmms-lab/EgoLife/resolve/main/A6_SHURE/DAY1/DAY1_A6_SHURE_11333000.mp4,true,day1_4_annotated_20
egolife_rlhf_packet_ranking_v2,fc8ae24487bab271f513,day1_4_full_day_98_packets,xl6775,completed,4,EGOLIFE2U_RANDOM_PAIR_CLIP_PRUNED_DAY1_11333000_A5_A6_0-1,6,EGOLIFE2U_RANDOM_PAIR_CLIP_PRUNED_DAY1_11333000_A5_A6_0-1::candidate_05,2,3,2,false,,,Fri Aug 07 2026 23:06:47 GMT-0400 (Eastern Daylight Time),Sun Aug 09 2026 01:46:31 GMT-0400 (Eastern Daylight Time),2256,"I saw someone standing by the whiteboard during our session, but I couldn't see the rest of the room. What color was the refrigerator visible in the background near the window?","[""It was a silver stainless steel refrigerator."",""It was a white refrigerator with a water dispenser."",""It was a bright red refrigerator."",""It was a black refrigerator next to the door."",""There was no refrigerator in that area.""]",C,It was a bright red refrigerator.,Katrina,https://huggingface.co/datasets/lmms-lab/EgoLife/resolve/main/A5_KATRINA/DAY1/DAY1_A5_KATRINA_11333000.mp4,Shure,https://huggingface.co/datasets/lmms-lab/EgoLife/resolve/main/A6_SHURE/DAY1/DAY1_A6_SHURE_11333000.mp4,true,day1_4_annotated_20
egolife_rlhf_packet_ranking_v2,fc8ae24487bab271f513,day1_4_full_day_98_packets,xl6775,completed,5,EGOLIFE2U_RANDOM_PAIR_CLIP_PRUNED_DAY1_11363000_A4_A6_0-1,1,EGOLIFE2U_RANDOM_PAIR_CLIP_PRUNED_DAY1_11363000_A4_A6_0-1::candidate_06,2,2,1,false,,,Sun Aug 09 2026 01:46:35 GMT-0400 (Eastern Daylight Time),Sun Aug 09 2026 01:51:03 GMT-0400 (Eastern Daylight Time),270,I see that person in the white shirt standing at the table with the long cardboard box. What item did they pull out of the box that wasn't a bouquet of flowers?,"[""A pair of black scissors"",""A roll of blue and white wrapping paper"",""A bundle of green stems"",""A long brown cardboard box"",""A black camera case""]",B,A roll of blue and white wrapping paper,Lucia,https://huggingface.co/datasets/lmms-lab/EgoLife/resolve/main/A4_LUCIA/DAY1/DAY1_A4_LUCIA_11363000.mp4,Shure,https://huggingface.co/datasets/lmms-lab/EgoLife/resolve/main/A6_SHURE/DAY1/DAY1_A6_SHURE_11363000.mp4,true,day1_4_annotated_20
egolife_rlhf_packet_ranking_v2,fc8ae24487bab271f513,day1_4_full_day_98_packets,xl6775,completed,5,EGOLIFE2U_RANDOM_PAIR_CLIP_PRUNED_DAY1_11363000_A4_A6_0-1,2,EGOLIFE2U_RANDOM_PAIR_CLIP_PRUNED_DAY1_11363000_A4_A6_0-1::candidate_02,3,2,1,false,,,Sun Aug 09 2026 01:46:35 GMT-0400 (Eastern Daylight Time),Sun Aug 09 2026 01:51:03 GMT-0400 (Eastern Daylight Time),270,"While we were unpacking the long cardboard box at the table, I remember seeing someone pull out a roll of wrapping paper. Which pattern was on that roll?","[""A blue and white geometric pattern"",""A red and black plaid design"",""A solid dark green color"",""A yellow floral print"",""A black and white checkerboard pattern""]",A,A blue and white geometric pattern,Lucia,https://huggingface.co/datasets/lmms-lab/EgoLife/resolve/main/A4_LUCIA/DAY1/DAY1_A4_LUCIA_11363000.mp4,Shure,https://huggingface.co/datasets/lmms-lab/EgoLife/resolve/main/A6_SHURE/DAY1/DAY1_A6_SHURE_11363000.mp4,true,day1_4_annotated_20
egolife_rlhf_packet_ranking_v2,fc8ae24487bab271f513,day1_4_full_day_98_packets,xl6775,completed,5,EGOLIFE2U_RANDOM_PAIR_CLIP_PRUNED_DAY1_11363000_A4_A6_0-1,3,EGOLIFE2U_RANDOM_PAIR_CLIP_PRUNED_DAY1_11363000_A4_A6_0-1::candidate_03,3,1,1,false,,,Sun Aug 09 2026 01:46:35 GMT-0400 (Eastern Daylight Time),Sun Aug 09 2026 01:51:03 GMT-0400 (Eastern Daylight Time),270,I noticed there was a roll of wrapping paper with a blue and white geometric pattern on it. Where did the person in the white shirt put that roll after taking it out of the long box?,"[""Placed it back inside the long cardboard box"",""Laid it flat on the table with the flowers"",""Held it in their hands while standing"",""Passed it to the person in the black top"",""Set it on the floor near the whiteboard""]",A,Placed it back inside the long cardboard box,Lucia,https://huggingface.co/datasets/lmms-lab/EgoLife/resolve/main/A4_LUCIA/DAY1/DAY1_A4_LUCIA_11363000.mp4,Shure,https://huggingface.co/datasets/lmms-lab/EgoLife/resolve/main/A6_SHURE/DAY1/DAY1_A6_SHURE_11363000.mp4,true,day1_4_annotated_20
egolife_rlhf_packet_ranking_v2,fc8ae24487bab271f513,day1_4_full_day_98_packets,xl6775,completed,5,EGOLIFE2U_RANDOM_PAIR_CLIP_PRUNED_DAY1_11363000_A4_A6_0-1,4,EGOLIFE2U_RANDOM_PAIR_CLIP_PRUNED_DAY1_11363000_A4_A6_0-1::candidate_05,2,2,1,false,,,Sun Aug 09 2026 01:46:35 GMT-0400 (Eastern Daylight Time),Sun Aug 09 2026 01:51:03 GMT-0400 (Eastern Daylight Time),270,What specific item was the person in the white shirt holding while standing next to the table?,"[""A pair of black scissors"",""A roll of blue and white wrapping paper"",""A bundle of green stems"",""A long brown cardboard box"",""A black camera case""]",B,A roll of blue and white wrapping paper,Lucia,https://huggingface.co/datasets/lmms-lab/EgoLife/resolve/main/A4_LUCIA/DAY1/DAY1_A4_LUCIA_11363000.mp4,Shure,https://huggingface.co/datasets/lmms-lab/EgoLife/resolve/main/A6_SHURE/DAY1/DAY1_A6_SHURE_11363000.mp4,true,day1_4_annotated_20
egolife_rlhf_packet_ranking_v2,fc8ae24487bab271f513,day1_4_full_day_98_packets,xl6775,completed,5,EGOLIFE2U_RANDOM_PAIR_CLIP_PRUNED_DAY1_11363000_A4_A6_0-1,5,EGOLIFE2U_RANDOM_PAIR_CLIP_PRUNED_DAY1_11363000_A4_A6_0-1::candidate_04,2,2,1,false,,,Sun Aug 09 2026 01:46:35 GMT-0400 (Eastern Daylight Time),Sun Aug 09 2026 01:51:03 GMT-0400 (Eastern Daylight Time),270,I'm looking at the person wearing the white shirt who is helping us unpack the box at the table. What color is their hair?,"[""Dark brown"",""Blonde"",""Pink"",""Red"",""Black""]",C,Pink,Lucia,https://huggingface.co/datasets/lmms-lab/EgoLife/resolve/main/A4_LUCIA/DAY1/DAY1_A4_LUCIA_11363000.mp4,Shure,https://huggingface.co/datasets/lmms-lab/EgoLife/resolve/main/A6_SHURE/DAY1/DAY1_A6_SHURE_11363000.mp4,true,day1_4_annotated_20
egolife_rlhf_packet_ranking_v2,fc8ae24487bab271f513,day1_4_full_day_98_packets,xl6775,completed,5,EGOLIFE2U_RANDOM_PAIR_CLIP_PRUNED_DAY1_11363000_A4_A6_0-1,6,EGOLIFE2U_RANDOM_PAIR_CLIP_PRUNED_DAY1_11363000_A4_A6_0-1::candidate_01,3,1,1,false,,,Sun Aug 09 2026 01:46:35 GMT-0400 (Eastern Daylight Time),Sun Aug 09 2026 01:51:03 GMT-0400 (Eastern Daylight Time),270,"I remember looking at a small green card that was tucked into the bouquet, but I couldn't see the front of it. What was printed on that card?","[""A yellow flower illustration"",""A blue and white geometric pattern"",""A red heart design"",""A handwritten note"",""A black and white barcode""]",B,A blue and white geometric pattern,Lucia,https://huggingface.co/datasets/lmms-lab/EgoLife/resolve/main/A4_LUCIA/DAY1/DAY1_A4_LUCIA_11363000.mp4,Shure,https://huggingface.co/datasets/lmms-lab/EgoLife/resolve/main/A6_SHURE/DAY1/DAY1_A6_SHURE_11363000.mp4,true,day1_4_annotated_20
egolife_rlhf_packet_ranking_v2,fc8ae24487bab271f513,day1_4_full_day_98_packets,xl6775,completed,6,EGOLIFE2U_RANDOM_PAIR_CLIP_PRUNED_DAY1_11383000_A1_A6_0-1,1,EGOLIFE2U_RANDOM_PAIR_CLIP_PRUNED_DAY1_11383000_A1_A6_0-1::candidate_02,3,3,2,false,,,Sun Aug 09 2026 01:51:06 GMT-0400 (Eastern Daylight Time),Sun Aug 09 2026 01:56:35 GMT-0400 (Eastern Daylight Time),330,"In the room where we were gathering, what was the artwork hanging above the bed in the bedroom next door?","[""A yellow painting of a cartoon character"",""A framed black and white photograph"",""A large map of the city"",""A landscape painting of a forest"",""A whiteboard with a schedule written on it""]",A,A yellow painting of a cartoon character,Jake,https://huggingface.co/datasets/lmms-lab/EgoLife/resolve/main/A1_JAKE/DAY1/DAY1_A1_JAKE_11383000.mp4,Shure,https://huggingface.co/datasets/lmms-lab/EgoLife/resolve/main/A6_SHURE/DAY1/DAY1_A6_SHURE_11383000.mp4,true,day1_4_annotated_20
egolife_rlhf_packet_ranking_v2,fc8ae24487bab271f513,day1_4_full_day_98_packets,xl6775,completed,6,EGOLIFE2U_RANDOM_PAIR_CLIP_PRUNED_DAY1_11383000_A1_A6_0-1,2,EGOLIFE2U_RANDOM_PAIR_CLIP_PRUNED_DAY1_11383000_A1_A6_0-1::candidate_03,2,3,2,false,,,Sun Aug 09 2026 01:51:06 GMT-0400 (Eastern Daylight Time),Sun Aug 09 2026 01:56:35 GMT-0400 (Eastern Daylight Time),330,"In the room with the bed and computer desk that is visible through the doorway, what is the image on the yellow poster hanging above the bed?","[""A black and white photograph of a landscape"",""A colorful abstract painting with geometric shapes"",""A whiteboard with a schedule written on it"",""A cartoon drawing of a white creature"",""A framed map of the local city area""]",D,A cartoon drawing of a white creature,Jake,https://huggingface.co/datasets/lmms-lab/EgoLife/resolve/main/A1_JAKE/DAY1/DAY1_A1_JAKE_11383000.mp4,Shure,https://huggingface.co/datasets/lmms-lab/EgoLife/resolve/main/A6_SHURE/DAY1/DAY1_A6_SHURE_11383000.mp4,true,day1_4_annotated_20
egolife_rlhf_packet_ranking_v2,fc8ae24487bab271f513,day1_4_full_day_98_packets,xl6775,completed,6,EGOLIFE2U_RANDOM_PAIR_CLIP_PRUNED_DAY1_11383000_A1_A6_0-1,3,EGOLIFE2U_RANDOM_PAIR_CLIP_PRUNED_DAY1_11383000_A1_A6_0-1::candidate_01,3,3,2,false,,,Sun Aug 09 2026 01:51:06 GMT-0400 (Eastern Daylight Time),Sun Aug 09 2026 01:56:35 GMT-0400 (Eastern Daylight Time),330,What was written on the whiteboard behind the table where we were gathering?,"[""A list of items with red and blue markers"",""A large map of the city"",""A daily schedule with time slots"",""A drawing of a cartoon character"",""A diagram with geometric shapes""]",A,A list of items with red and blue markers,Jake,https://huggingface.co/datasets/lmms-lab/EgoLife/resolve/main/A1_JAKE/DAY1/DAY1_A1_JAKE_11383000.mp4,Shure,https://huggingface.co/datasets/lmms-lab/EgoLife/resolve/main/A6_SHURE/DAY1/DAY1_A6_SHURE_11383000.mp4,true,day1_4_annotated_20
egolife_rlhf_packet_ranking_v2,fc8ae24487bab271f513,day1_4_full_day_98_packets,xl6775,completed,6,EGOLIFE2U_RANDOM_PAIR_CLIP_PRUNED_DAY1_11383000_A1_A6_0-1,4,EGOLIFE2U_RANDOM_PAIR_CLIP_PRUNED_DAY1_11383000_A1_A6_0-1::candidate_05,3,1,1,false,,,Sun Aug 09 2026 01:51:06 GMT-0400 (Eastern Daylight Time),Sun Aug 09 2026 01:56:35 GMT-0400 (Eastern Daylight Time),330,"I can see the group gathered around the table with the checkered cloth, but I'm wondering what is leaning against the wall right next to the whiteboard. Is it a large mirror, a poster, or something else?","[""A tall wooden wardrobe"",""A large framed painting"",""A large full-length mirror"",""A set of tall bookshelves"",""A standing air conditioner""]",C,A large full-length mirror,Jake,https://huggingface.co/datasets/lmms-lab/EgoLife/resolve/main/A1_JAKE/DAY1/DAY1_A1_JAKE_11383000.mp4,Shure,https://huggingface.co/datasets/lmms-lab/EgoLife/resolve/main/A6_SHURE/DAY1/DAY1_A6_SHURE_11383000.mp4,true,day1_4_annotated_20
egolife_rlhf_packet_ranking_v2,fc8ae24487bab271f513,day1_4_full_day_98_packets,xl6775,completed,6,EGOLIFE2U_RANDOM_PAIR_CLIP_PRUNED_DAY1_11383000_A1_A6_0-1,5,EGOLIFE2U_RANDOM_PAIR_CLIP_PRUNED_DAY1_11383000_A1_A6_0-1::candidate_04,2,3,2,false,,,Sun Aug 09 2026 01:51:06 GMT-0400 (Eastern Daylight Time),Sun Aug 09 2026 01:56:35 GMT-0400 (Eastern Daylight Time),330,"I can see the whiteboard behind the group, but I'm curious about the colorful items attached to the side of it. Which colors of magnets are actually holding the notes up?","[""A mix of red, blue, and purple magnets"",""Only red and white magnets"",""Only black and white magnets"",""A mix of yellow and green magnets"",""Only blue and silver magnets""]",A,"A mix of red, blue, and purple magnets",Jake,https://huggingface.co/datasets/lmms-lab/EgoLife/resolve/main/A1_JAKE/DAY1/DAY1_A1_JAKE_11383000.mp4,Shure,https://huggingface.co/datasets/lmms-lab/EgoLife/resolve/main/A6_SHURE/DAY1/DAY1_A6_SHURE_11383000.mp4,true,day1_4_annotated_20
egolife_rlhf_packet_ranking_v2,fc8ae24487bab271f513,day1_4_full_day_98_packets,xl6775,completed,6,EGOLIFE2U_RANDOM_PAIR_CLIP_PRUNED_DAY1_11383000_A1_A6_0-1,6,EGOLIFE2U_RANDOM_PAIR_CLIP_PRUNED_DAY1_11383000_A1_A6_0-1::candidate_06,2,2,1,false,,,Sun Aug 09 2026 01:51:06 GMT-0400 (Eastern Daylight Time),Sun Aug 09 2026 01:56:35 GMT-0400 (Eastern Daylight Time),330,"I can see the group gathered around the table with the checkered cloth, but I'm wondering what is leaning against the wall right next to the whiteboard. Is it a large mirror, a poster, or something else?","[""A tall wooden wardrobe"",""A large framed painting"",""A whiteboard on a stand"",""A set of tall bookshelves"",""A standing air conditioner""]",C,A whiteboard on a stand,Jake,https://huggingface.co/datasets/lmms-lab/EgoLife/resolve/main/A1_JAKE/DAY1/DAY1_A1_JAKE_11383000.mp4,Shure,https://huggingface.co/datasets/lmms-lab/EgoLife/resolve/main/A6_SHURE/DAY1/DAY1_A6_SHURE_11383000.mp4,true,day1_4_annotated_20
egolife_rlhf_packet_ranking_v2,fc8ae24487bab271f513,day1_4_full_day_98_packets,xl6775,completed,7,EGOLIFE2U_RANDOM_PAIR_CLIP_PRUNED_DAY1_11390000_A2_A4_0-1,1,EGOLIFE2U_RANDOM_PAIR_CLIP_PRUNED_DAY1_11390000_A2_A4_0-1::candidate_01,3,1,1,false,,,Sun Aug 09 2026 01:56:36 GMT-0400 (Eastern Daylight Time),Sun Aug 09 2026 02:16:29 GMT-0400 (Eastern Daylight Time),1195,"When we were working on the flowers at the table, what was the person wearing the white shirt doing while I was handling the green stems?","[""Standing by the whiteboard holding a phone"",""Sitting on the floor arranging greenery"",""Cutting the flower stems with scissors"",""Wrapping the bouquet in red paper"",""Typing on a laptop computer""]",C,Cutting the flower stems with scissors,Alice,https://huggingface.co/datasets/lmms-lab/EgoLife/resolve/main/A2_ALICE/DAY1/DAY1_A2_ALICE_11390000.mp4,Lucia,https://huggingface.co/datasets/lmms-lab/EgoLife/resolve/main/A4_LUCIA/DAY1/DAY1_A4_LUCIA_11390000.mp4,true,day1_4_annotated_20
egolife_rlhf_packet_ranking_v2,fc8ae24487bab271f513,day1_4_full_day_98_packets,xl6775,completed,7,EGOLIFE2U_RANDOM_PAIR_CLIP_PRUNED_DAY1_11390000_A2_A4_0-1,2,EGOLIFE2U_RANDOM_PAIR_CLIP_PRUNED_DAY1_11390000_A2_A4_0-1::candidate_02,3,1,1,false,,,Sun Aug 09 2026 01:56:36 GMT-0400 (Eastern Daylight Time),Sun Aug 09 2026 02:16:29 GMT-0400 (Eastern Daylight Time),1195,"I was handling the green flower stems, but I couldn't see the other side of the table clearly. What color were the flowers that the person in the white shirt was arranging?","[""Pink carnations"",""White lilies"",""Red roses"",""Yellow sunflowers"",""Purple lavender""]",A,Pink carnations,Alice,https://huggingface.co/datasets/lmms-lab/EgoLife/resolve/main/A2_ALICE/DAY1/DAY1_A2_ALICE_11390000.mp4,Lucia,https://huggingface.co/datasets/lmms-lab/EgoLife/resolve/main/A4_LUCIA/DAY1/DAY1_A4_LUCIA_11390000.mp4,true,day1_4_annotated_20
egolife_rlhf_packet_ranking_v2,fc8ae24487bab271f513,day1_4_full_day_98_packets,xl6775,completed,7,EGOLIFE2U_RANDOM_PAIR_CLIP_PRUNED_DAY1_11390000_A2_A4_0-1,3,EGOLIFE2U_RANDOM_PAIR_CLIP_PRUNED_DAY1_11390000_A2_A4_0-1::candidate_06,2,2,2,false,,,Sun Aug 09 2026 01:56:36 GMT-0400 (Eastern Daylight Time),Sun Aug 09 2026 02:16:29 GMT-0400 (Eastern Daylight Time),1195,"I was looking down at the table while we were arranging the flowers, but I couldn't see the whole group. Which person was sitting at the table wearing a dark top while the person in the white shirt was cutting the flower stems?","[""A person in a black jacket"",""A person in a blue t-shirt"",""A person in a peach-colored shirt"",""A person in a grey sweatshirt"",""A person in a white t-shirt""]",A,A person in a black jacket,Alice,https://huggingface.co/datasets/lmms-lab/EgoLife/resolve/main/A2_ALICE/DAY1/DAY1_A2_ALICE_11390000.mp4,Lucia,https://huggingface.co/datasets/lmms-lab/EgoLife/resolve/main/A4_LUCIA/DAY1/DAY1_A4_LUCIA_11390000.mp4,true,day1_4_annotated_20
egolife_rlhf_packet_ranking_v2,fc8ae24487bab271f513,day1_4_full_day_98_packets,xl6775,completed,7,EGOLIFE2U_RANDOM_PAIR_CLIP_PRUNED_DAY1_11390000_A2_A4_0-1,4,EGOLIFE2U_RANDOM_PAIR_CLIP_PRUNED_DAY1_11390000_A2_A4_0-1::candidate_04,2,3,3,false,,,Sun Aug 09 2026 01:56:36 GMT-0400 (Eastern Daylight Time),Sun Aug 09 2026 02:16:29 GMT-0400 (Eastern Daylight Time),1195,"I was standing by the table with the checkered cloth and looking at the person in the peach-colored shirt standing near the whiteboard. From my view, I could see their shirt but couldn't clearly see what they were wearing on their legs. What were they wearing on their lower body?","[""Dark-colored shorts"",""Light-colored pants"",""Blue jeans"",""A dark skirt"",""Black leggings""]",B,Light-colored pants,Alice,https://huggingface.co/datasets/lmms-lab/EgoLife/resolve/main/A2_ALICE/DAY1/DAY1_A2_ALICE_11390000.mp4,Lucia,https://huggingface.co/datasets/lmms-lab/EgoLife/resolve/main/A4_LUCIA/DAY1/DAY1_A4_LUCIA_11390000.mp4,true,day1_4_annotated_20
egolife_rlhf_packet_ranking_v2,fc8ae24487bab271f513,day1_4_full_day_98_packets,xl6775,completed,7,EGOLIFE2U_RANDOM_PAIR_CLIP_PRUNED_DAY1_11390000_A2_A4_0-1,5,EGOLIFE2U_RANDOM_PAIR_CLIP_PRUNED_DAY1_11390000_A2_A4_0-1::candidate_03,2,2,1,false,,,Sun Aug 09 2026 01:56:36 GMT-0400 (Eastern Daylight Time),Sun Aug 09 2026 02:16:29 GMT-0400 (Eastern Daylight Time),1195,"I was focused on trimming the stems of the green flowers, but I couldn't see past the pink carnations on the table. What type of flowers were in the clear vase on the far side of the table?","[""Pink carnations"",""Red roses"",""White lilies"",""Yellow sunflowers"",""Purple lavender""]",A,Pink carnations,Alice,https://huggingface.co/datasets/lmms-lab/EgoLife/resolve/main/A2_ALICE/DAY1/DAY1_A2_ALICE_11390000.mp4,Lucia,https://huggingface.co/datasets/lmms-lab/EgoLife/resolve/main/A4_LUCIA/DAY1/DAY1_A4_LUCIA_11390000.mp4,true,day1_4_annotated_20
egolife_rlhf_packet_ranking_v2,fc8ae24487bab271f513,day1_4_full_day_98_packets,xl6775,completed,7,EGOLIFE2U_RANDOM_PAIR_CLIP_PRUNED_DAY1_11390000_A2_A4_0-1,6,EGOLIFE2U_RANDOM_PAIR_CLIP_PRUNED_DAY1_11390000_A2_A4_0-1::candidate_05,3,3,3,false,,,Sun Aug 09 2026 01:56:36 GMT-0400 (Eastern Daylight Time),Sun Aug 09 2026 02:16:29 GMT-0400 (Eastern Daylight Time),1195,"I was looking at the person in the peach-colored shirt standing near the whiteboard, but I couldn't see what they were wearing on their legs from my angle. What were they wearing on their lower body?","[""Dark-colored shorts"",""Light-colored pants"",""Blue jeans"",""A dark skirt"",""Black leggings""]",B,Light-colored pants,Alice,https://huggingface.co/datasets/lmms-lab/EgoLife/resolve/main/A2_ALICE/DAY1/DAY1_A2_ALICE_11390000.mp4,Lucia,https://huggingface.co/datasets/lmms-lab/EgoLife/resolve/main/A4_LUCIA/DAY1/DAY1_A4_LUCIA_11390000.mp4,true,day1_4_annotated_20
egolife_rlhf_packet_ranking_v2,fc8ae24487bab271f513,day1_4_full_day_98_packets,xl6775,completed,8,EGOLIFE2U_RANDOM_PAIR_CLIP_PRUNED_DAY1_11423000_A2_A6_0-1,1,EGOLIFE2U_RANDOM_PAIR_CLIP_PRUNED_DAY1_11423000_A2_A6_0-1::candidate_02,3,1,1,false,,,Sun Aug 09 2026 02:16:31 GMT-0400 (Eastern Daylight Time),Sun Aug 09 2026 02:23:00 GMT-0400 (Eastern Daylight Time),419,"I was busy trimming these green stems at the table, but I missed what happened with the person in the blue shirt. Where did they end up going?","[""They stayed seated at the table to help with the flowers."",""They walked out the white door into the hallway."",""They went into the room with the whiteboard."",""They left the room through the kitchen window."",""They sat down in the chair next to the window.""]",B,They walked out the white door into the hallway.,Alice,https://huggingface.co/datasets/lmms-lab/EgoLife/resolve/main/A2_ALICE/DAY1/DAY1_A2_ALICE_11423000.mp4,Shure,https://huggingface.co/datasets/lmms-lab/EgoLife/resolve/main/A6_SHURE/DAY1/DAY1_A6_SHURE_11423000.mp4,true,day1_4_annotated_20
egolife_rlhf_packet_ranking_v2,fc8ae24487bab271f513,day1_4_full_day_98_packets,xl6775,completed,8,EGOLIFE2U_RANDOM_PAIR_CLIP_PRUNED_DAY1_11423000_A2_A6_0-1,2,EGOLIFE2U_RANDOM_PAIR_CLIP_PRUNED_DAY1_11423000_A2_A6_0-1::candidate_03,2,1,1,false,,,Sun Aug 09 2026 02:16:31 GMT-0400 (Eastern Daylight Time),Sun Aug 09 2026 02:23:00 GMT-0400 (Eastern Daylight Time),419,"I noticed the person in the blue shirt and shorts moving around the room, but I was too focused on the flowers to see where they went. Which room did they enter?","[""They went into the kitchen area by the window."",""They entered the room with the whiteboard."",""They went into the bedroom with the bed and the yellow cartoon wall art."",""They left the apartment through the main entrance door."",""They went into the bathroom next to the kitchen.""]",C,They went into the bedroom with the bed and the yellow cartoon wall art.,Alice,https://huggingface.co/datasets/lmms-lab/EgoLife/resolve/main/A2_ALICE/DAY1/DAY1_A2_ALICE_11423000.mp4,Shure,https://huggingface.co/datasets/lmms-lab/EgoLife/resolve/main/A6_SHURE/DAY1/DAY1_A6_SHURE_11423000.mp4,true,day1_4_annotated_20
egolife_rlhf_packet_ranking_v2,fc8ae24487bab271f513,day1_4_full_day_98_packets,xl6775,completed,8,EGOLIFE2U_RANDOM_PAIR_CLIP_PRUNED_DAY1_11423000_A2_A6_0-1,3,EGOLIFE2U_RANDOM_PAIR_CLIP_PRUNED_DAY1_11423000_A2_A6_0-1::candidate_05,2,1,1,false,,,Sun Aug 09 2026 02:16:31 GMT-0400 (Eastern Daylight Time),Sun Aug 09 2026 02:23:00 GMT-0400 (Eastern Daylight Time),419,"While I was cutting the green stems at the table, did the person in the white shirt who was standing nearby stay in that spot, or did they move to a different room?","[""They stayed standing at the table near the whiteboard"",""They walked out of the room through the open door"",""They moved to the kitchen area by the window"",""They sat down on the chair beside the person with pink hair"",""They went into the room with the projector screen""]",B,They walked out of the room through the open door,Alice,https://huggingface.co/datasets/lmms-lab/EgoLife/resolve/main/A2_ALICE/DAY1/DAY1_A2_ALICE_11423000.mp4,Shure,https://huggingface.co/datasets/lmms-lab/EgoLife/resolve/main/A6_SHURE/DAY1/DAY1_A6_SHURE_11423000.mp4,true,day1_4_annotated_20
egolife_rlhf_packet_ranking_v2,fc8ae24487bab271f513,day1_4_full_day_98_packets,xl6775,completed,8,EGOLIFE2U_RANDOM_PAIR_CLIP_PRUNED_DAY1_11423000_A2_A6_0-1,4,EGOLIFE2U_RANDOM_PAIR_CLIP_PRUNED_DAY1_11423000_A2_A6_0-1::candidate_04,2,1,1,false,,,Sun Aug 09 2026 02:16:31 GMT-0400 (Eastern Daylight Time),Sun Aug 09 2026 02:23:00 GMT-0400 (Eastern Daylight Time),419,"I was busy trimming the flower stems at the table, so I didn't get a good look at the person in the blue shirt. Did they stay in the room, or did they go somewhere else?","[""They stayed and sat down at the table."",""They walked out through the open door into the bedroom with the yellow cartoon art."",""They went into the kitchen near the window."",""They left the apartment through the front door."",""They went into the bathroom.""]",B,They walked out through the open door into the bedroom with the yellow cartoon art.,Alice,https://huggingface.co/datasets/lmms-lab/EgoLife/resolve/main/A2_ALICE/DAY1/DAY1_A2_ALICE_11423000.mp4,Shure,https://huggingface.co/datasets/lmms-lab/EgoLife/resolve/main/A6_SHURE/DAY1/DAY1_A6_SHURE_11423000.mp4,true,day1_4_annotated_20
egolife_rlhf_packet_ranking_v2,fc8ae24487bab271f513,day1_4_full_day_98_packets,xl6775,completed,8,EGOLIFE2U_RANDOM_PAIR_CLIP_PRUNED_DAY1_11423000_A2_A6_0-1,5,EGOLIFE2U_RANDOM_PAIR_CLIP_PRUNED_DAY1_11423000_A2_A6_0-1::candidate_01,2,1,1,false,,,Sun Aug 09 2026 02:16:31 GMT-0400 (Eastern Daylight Time),Sun Aug 09 2026 02:23:00 GMT-0400 (Eastern Daylight Time),419,"I was busy trimming the flowers at the table and didn't really look around the rest of the room. I noticed someone in a blue shirt moving about, but I couldn't quite tell where they went. Did that person in the blue shirt end up in the bedroom with the bed and computer desk, or were they in the kitchen area?","[""The person in the blue shirt walked into the bedroom with the bed and computer desk"",""The person in the blue shirt stood near the whiteboard in the main room"",""The person in the blue shirt moved to the kitchen area by the sink"",""The person in the blue shirt sat down at the table with the flowers"",""The person in the blue shirt stayed near the red refrigerator""]",A,The person in the blue shirt walked into the bedroom with the bed and computer desk,Alice,https://huggingface.co/datasets/lmms-lab/EgoLife/resolve/main/A2_ALICE/DAY1/DAY1_A2_ALICE_11423000.mp4,Shure,https://huggingface.co/datasets/lmms-lab/EgoLife/resolve/main/A6_SHURE/DAY1/DAY1_A6_SHURE_11423000.mp4,true,day1_4_annotated_20
egolife_rlhf_packet_ranking_v2,fc8ae24487bab271f513,day1_4_full_day_98_packets,xl6775,completed,8,EGOLIFE2U_RANDOM_PAIR_CLIP_PRUNED_DAY1_11423000_A2_A6_0-1,6,EGOLIFE2U_RANDOM_PAIR_CLIP_PRUNED_DAY1_11423000_A2_A6_0-1::candidate_06,2,1,1,false,,,Sun Aug 09 2026 02:16:31 GMT-0400 (Eastern Daylight Time),Sun Aug 09 2026 02:23:00 GMT-0400 (Eastern Daylight Time),419,"I noticed someone in a blue shirt was at the table while I was trimming the stems, but I couldn't see where they went when they left. Did they go into the room with the bed and the yellow storage bins, or somewhere else?","[""They walked out the door to the kitchen area"",""They went into the room with the bed and yellow storage bins"",""They sat down on the chair next to the person with pink hair"",""They stayed standing near the whiteboard"",""They left through the door near the tripod""]",B,They went into the room with the bed and yellow storage bins,Alice,https://huggingface.co/datasets/lmms-lab/EgoLife/resolve/main/A2_ALICE/DAY1/DAY1_A2_ALICE_11423000.mp4,Shure,https://huggingface.co/datasets/lmms-lab/EgoLife/resolve/main/A6_SHURE/DAY1/DAY1_A6_SHURE_11423000.mp4,true,day1_4_annotated_20
egolife_rlhf_packet_ranking_v2,fc8ae24487bab271f513,day1_4_full_day_98_packets,xl6775,completed,9,EGOLIFE2U_RANDOM_PAIR_CLIP_PRUNED_DAY1_11440000_A2_A3_0-1,1,EGOLIFE2U_RANDOM_PAIR_CLIP_PRUNED_DAY1_11440000_A2_A3_0-1::candidate_05,2,1,1,false,,,Sun Aug 09 2026 02:23:31 GMT-0400 (Eastern Daylight Time),Sun Aug 09 2026 02:29:41 GMT-0400 (Eastern Daylight Time),375,"While I was busy preparing the yellow flowers at the table, I noticed someone sitting nearby holding a stack of papers with green designs on them. What color was the shirt of the person holding those papers?","[""A solid blue shirt"",""A white shirt with a pattern"",""A dark green shirt"",""A black shirt"",""A grey shirt""]",A,A solid blue shirt,Alice,https://huggingface.co/datasets/lmms-lab/EgoLife/resolve/main/A2_ALICE/DAY1/DAY1_A2_ALICE_11440000.mp4,Tasha,https://huggingface.co/datasets/lmms-lab/EgoLife/resolve/main/A3_TASHA/DAY1/DAY1_A3_TASHA_11440000.mp4,true,day1_4_annotated_20
egolife_rlhf_packet_ranking_v2,fc8ae24487bab271f513,day1_4_full_day_98_packets,xl6775,completed,9,EGOLIFE2U_RANDOM_PAIR_CLIP_PRUNED_DAY1_11440000_A2_A3_0-1,2,EGOLIFE2U_RANDOM_PAIR_CLIP_PRUNED_DAY1_11440000_A2_A3_0-1::candidate_01,2,1,1,false,,,Sun Aug 09 2026 02:23:31 GMT-0400 (Eastern Daylight Time),Sun Aug 09 2026 02:29:41 GMT-0400 (Eastern Daylight Time),375,I'm trying to remember what the person sitting across from me in the blue shirt was holding when they were looking at the papers on the table.,"[""A stack of papers with green circular drawings"",""A pair of scissors and a stem of flowers"",""A black case and a smartphone"",""A bunch of yellow flowers"",""A brown paper bag and a white envelope""]",A,A stack of papers with green circular drawings,Alice,https://huggingface.co/datasets/lmms-lab/EgoLife/resolve/main/A2_ALICE/DAY1/DAY1_A2_ALICE_11440000.mp4,Tasha,https://huggingface.co/datasets/lmms-lab/EgoLife/resolve/main/A3_TASHA/DAY1/DAY1_A3_TASHA_11440000.mp4,true,day1_4_annotated_20
egolife_rlhf_packet_ranking_v2,fc8ae24487bab271f513,day1_4_full_day_98_packets,xl6775,completed,9,EGOLIFE2U_RANDOM_PAIR_CLIP_PRUNED_DAY1_11440000_A2_A3_0-1,3,EGOLIFE2U_RANDOM_PAIR_CLIP_PRUNED_DAY1_11440000_A2_A3_0-1::candidate_04,2,2,3,false,,,Sun Aug 09 2026 02:23:31 GMT-0400 (Eastern Daylight Time),Sun Aug 09 2026 02:29:41 GMT-0400 (Eastern Daylight Time),375,I was focused on trimming the stems of the yellow flowers I was holding. What was the person sitting next to me on the left doing with the papers in their hands?,"[""Sorting through a stack of printed sheets with green designs"",""Wrapping a bouquet of flowers in brown paper"",""Reading a thick hardcover book"",""Cutting stems with a pair of scissors"",""Writing notes on a notepad""]",A,Sorting through a stack of printed sheets with green designs,Alice,https://huggingface.co/datasets/lmms-lab/EgoLife/resolve/main/A2_ALICE/DAY1/DAY1_A2_ALICE_11440000.mp4,Tasha,https://huggingface.co/datasets/lmms-lab/EgoLife/resolve/main/A3_TASHA/DAY1/DAY1_A3_TASHA_11440000.mp4,true,day1_4_annotated_20
egolife_rlhf_packet_ranking_v2,fc8ae24487bab271f513,day1_4_full_day_98_packets,xl6775,completed,9,EGOLIFE2U_RANDOM_PAIR_CLIP_PRUNED_DAY1_11440000_A2_A3_0-1,4,EGOLIFE2U_RANDOM_PAIR_CLIP_PRUNED_DAY1_11440000_A2_A3_0-1::candidate_03,3,2,1,false,,,Sun Aug 09 2026 02:23:31 GMT-0400 (Eastern Daylight Time),Sun Aug 09 2026 02:29:41 GMT-0400 (Eastern Daylight Time),375,"I was looking at the table with the checkered cloth and saw a black case sitting there, but I couldn't tell exactly what it was for. What kind of case was it?","[""A small black camera lens case"",""A hard-shell laptop bag"",""A black makeup or toiletry bag"",""A guitar pick holder"",""A black tool case""]",A,A small black camera lens case,Alice,https://huggingface.co/datasets/lmms-lab/EgoLife/resolve/main/A2_ALICE/DAY1/DAY1_A2_ALICE_11440000.mp4,Tasha,https://huggingface.co/datasets/lmms-lab/EgoLife/resolve/main/A3_TASHA/DAY1/DAY1_A3_TASHA_11440000.mp4,true,day1_4_annotated_20
egolife_rlhf_packet_ranking_v2,fc8ae24487bab271f513,day1_4_full_day_98_packets,xl6775,completed,9,EGOLIFE2U_RANDOM_PAIR_CLIP_PRUNED_DAY1_11440000_A2_A3_0-1,5,EGOLIFE2U_RANDOM_PAIR_CLIP_PRUNED_DAY1_11440000_A2_A3_0-1::candidate_06,2,1,1,false,,,Sun Aug 09 2026 02:23:31 GMT-0400 (Eastern Daylight Time),Sun Aug 09 2026 02:29:41 GMT-0400 (Eastern Daylight Time),375,I was busy trimming the yellow flowers and couldn't see what the person sitting to my right was doing. What was the person in the blue shirt holding in their hands?,"[""A stack of papers with green circular designs"",""A pair of red-handled scissors"",""A bundle of pink flowers"",""A brown paper bag"",""A white smartphone""]",A,A stack of papers with green circular designs,Alice,https://huggingface.co/datasets/lmms-lab/EgoLife/resolve/main/A2_ALICE/DAY1/DAY1_A2_ALICE_11440000.mp4,Tasha,https://huggingface.co/datasets/lmms-lab/EgoLife/resolve/main/A3_TASHA/DAY1/DAY1_A3_TASHA_11440000.mp4,true,day1_4_annotated_20
egolife_rlhf_packet_ranking_v2,fc8ae24487bab271f513,day1_4_full_day_98_packets,xl6775,completed,9,EGOLIFE2U_RANDOM_PAIR_CLIP_PRUNED_DAY1_11440000_A2_A3_0-1,6,EGOLIFE2U_RANDOM_PAIR_CLIP_PRUNED_DAY1_11440000_A2_A3_0-1::candidate_02,2,1,1,false,,,Sun Aug 09 2026 02:23:31 GMT-0400 (Eastern Daylight Time),Sun Aug 09 2026 02:29:41 GMT-0400 (Eastern Daylight Time),375,"I was trimming the flowers and arranging the stems on the table, but I couldn't see what the person in the blue shirt was holding. What items were in their hands?","[""A stack of papers with green circular drawings"",""A pair of scissors and a stem of flowers"",""A black case and a smartphone"",""A bunch of yellow flowers"",""A brown paper bag and a white envelope""]",A,A stack of papers with green circular drawings,Alice,https://huggingface.co/datasets/lmms-lab/EgoLife/resolve/main/A2_ALICE/DAY1/DAY1_A2_ALICE_11440000.mp4,Tasha,https://huggingface.co/datasets/lmms-lab/EgoLife/resolve/main/A3_TASHA/DAY1/DAY1_A3_TASHA_11440000.mp4,true,day1_4_annotated_20
egolife_rlhf_packet_ranking_v2,fc8ae24487bab271f513,day1_4_full_day_98_packets,xl6775,completed,10,EGOLIFE2U_RANDOM_PAIR_CLIP_PRUNED_DAY1_11500000_A5_A6_0-1,1,EGOLIFE2U_RANDOM_PAIR_CLIP_PRUNED_DAY1_11500000_A5_A6_0-1::candidate_06,2,3,1,false,,,Sun Aug 09 2026 02:29:46 GMT-0400 (Eastern Daylight Time),Sun Aug 09 2026 08:05:13 GMT-0400 (Eastern Daylight Time),20131,"I was standing near the whiteboard with the list on it, and I could see the person in the white shirt arranging flowers on the table in front of me. But from my angle, I couldn't see who else was sitting at the table. Who was sitting to the left of the person in the white shirt?","[""A man in a blue shirt"",""A woman with dark hair wearing a black top"",""A woman with reddish hair wearing an orange top"",""A woman with long dark hair wearing a patterned shirt"",""A man in a grey shirt""]",B,A woman with dark hair wearing a black top,Katrina,https://huggingface.co/datasets/lmms-lab/EgoLife/resolve/main/A5_KATRINA/DAY1/DAY1_A5_KATRINA_11500000.mp4,Shure,https://huggingface.co/datasets/lmms-lab/EgoLife/resolve/main/A6_SHURE/DAY1/DAY1_A6_SHURE_11500000.mp4,true,day1_4_annotated_20
egolife_rlhf_packet_ranking_v2,fc8ae24487bab271f513,day1_4_full_day_98_packets,xl6775,completed,10,EGOLIFE2U_RANDOM_PAIR_CLIP_PRUNED_DAY1_11500000_A5_A6_0-1,2,EGOLIFE2U_RANDOM_PAIR_CLIP_PRUNED_DAY1_11500000_A5_A6_0-1::candidate_03,3,3,3,false,,,Sun Aug 09 2026 02:29:46 GMT-0400 (Eastern Daylight Time),Sun Aug 09 2026 08:05:13 GMT-0400 (Eastern Daylight Time),20131,"I'm standing near the table and looking at the whiteboard where we've been writing notes, but I can't see the whole board from this angle. What is the large word written at the very top of the whiteboard?","[""EcoLife"",""Project Plan"",""Daily Goals"",""Team Meeting"",""Brainstorming""]",A,EcoLife,Katrina,https://huggingface.co/datasets/lmms-lab/EgoLife/resolve/main/A5_KATRINA/DAY1/DAY1_A5_KATRINA_11500000.mp4,Shure,https://huggingface.co/datasets/lmms-lab/EgoLife/resolve/main/A6_SHURE/DAY1/DAY1_A6_SHURE_11500000.mp4,true,day1_4_annotated_20
egolife_rlhf_packet_ranking_v2,fc8ae24487bab271f513,day1_4_full_day_98_packets,xl6775,completed,10,EGOLIFE2U_RANDOM_PAIR_CLIP_PRUNED_DAY1_11500000_A5_A6_0-1,3,EGOLIFE2U_RANDOM_PAIR_CLIP_PRUNED_DAY1_11500000_A5_A6_0-1::candidate_05,2,2,2,false,,,Sun Aug 09 2026 02:29:46 GMT-0400 (Eastern Daylight Time),Sun Aug 09 2026 08:05:13 GMT-0400 (Eastern Daylight Time),20131,"I can see the person in the white shirt arranging flowers at the table, but I'm curious about the seating arrangement near the window. Who was sitting in the chair directly next to the window with the white curtains?","[""The person wearing an orange t-shirt"",""The person wearing a blue t-shirt"",""The person wearing a black top"",""The person wearing a patterned green top"",""The person wearing a white shirt""]",D,The person wearing a patterned green top,Katrina,https://huggingface.co/datasets/lmms-lab/EgoLife/resolve/main/A5_KATRINA/DAY1/DAY1_A5_KATRINA_11500000.mp4,Shure,https://huggingface.co/datasets/lmms-lab/EgoLife/resolve/main/A6_SHURE/DAY1/DAY1_A6_SHURE_11500000.mp4,true,day1_4_annotated_20
egolife_rlhf_packet_ranking_v2,fc8ae24487bab271f513,day1_4_full_day_98_packets,xl6775,completed,10,EGOLIFE2U_RANDOM_PAIR_CLIP_PRUNED_DAY1_11500000_A5_A6_0-1,4,EGOLIFE2U_RANDOM_PAIR_CLIP_PRUNED_DAY1_11500000_A5_A6_0-1::candidate_04,2,1,2,false,,,Sun Aug 09 2026 02:29:46 GMT-0400 (Eastern Daylight Time),Sun Aug 09 2026 08:05:13 GMT-0400 (Eastern Daylight Time),20131,"I was looking at the whiteboard with the 'Egoli' heading earlier, but I couldn't see who was sitting nearby. Which person was sitting in the chair next to the window with the white curtains?","[""The person wearing a blue shirt"",""The person wearing a white top"",""The person wearing an orange top"",""The person wearing a black top"",""The person wearing a patterned green top""]",C,The person wearing an orange top,Katrina,https://huggingface.co/datasets/lmms-lab/EgoLife/resolve/main/A5_KATRINA/DAY1/DAY1_A5_KATRINA_11500000.mp4,Shure,https://huggingface.co/datasets/lmms-lab/EgoLife/resolve/main/A6_SHURE/DAY1/DAY1_A6_SHURE_11500000.mp4,true,day1_4_annotated_20
egolife_rlhf_packet_ranking_v2,fc8ae24487bab271f513,day1_4_full_day_98_packets,xl6775,completed,10,EGOLIFE2U_RANDOM_PAIR_CLIP_PRUNED_DAY1_11500000_A5_A6_0-1,5,EGOLIFE2U_RANDOM_PAIR_CLIP_PRUNED_DAY1_11500000_A5_A6_0-1::candidate_01,2,3,1,false,,,Sun Aug 09 2026 02:29:46 GMT-0400 (Eastern Daylight Time),Sun Aug 09 2026 08:05:13 GMT-0400 (Eastern Daylight Time),20131,"I was standing by the table arranging the flowers and looking over at the whiteboard, but I couldn't see who was actually holding the marker near it. Which person was holding the marker by the whiteboard?","[""the person in the white shirt"",""the person in the blue shirt"",""the person in the orange shirt"",""the person with long dark hair"",""the person in the black shirt""]",C,the person in the orange shirt,Katrina,https://huggingface.co/datasets/lmms-lab/EgoLife/resolve/main/A5_KATRINA/DAY1/DAY1_A5_KATRINA_11500000.mp4,Shure,https://huggingface.co/datasets/lmms-lab/EgoLife/resolve/main/A6_SHURE/DAY1/DAY1_A6_SHURE_11500000.mp4,true,day1_4_annotated_20
egolife_rlhf_packet_ranking_v2,fc8ae24487bab271f513,day1_4_full_day_98_packets,xl6775,completed,10,EGOLIFE2U_RANDOM_PAIR_CLIP_PRUNED_DAY1_11500000_A5_A6_0-1,6,EGOLIFE2U_RANDOM_PAIR_CLIP_PRUNED_DAY1_11500000_A5_A6_0-1::candidate_02,2,2,1,false,,,Sun Aug 09 2026 02:29:46 GMT-0400 (Eastern Daylight Time),Sun Aug 09 2026 08:05:13 GMT-0400 (Eastern Daylight Time),20131,"I was looking around the table with the checkered cloth and saw a few items like a black case and some flowers, but I couldn't see the electronic device sitting further down near the edge. What kind of electronic device was placed on the table?","[""a black laptop computer"",""a white tablet device"",""a red portable speaker"",""a black smartphone"",""a silver digital camera""]",B,a white tablet device,Katrina,https://huggingface.co/datasets/lmms-lab/EgoLife/resolve/main/A5_KATRINA/DAY1/DAY1_A5_KATRINA_11500000.mp4,Shure,https://huggingface.co/datasets/lmms-lab/EgoLife/resolve/main/A6_SHURE/DAY1/DAY1_A6_SHURE_11500000.mp4,true,day1_4_annotated_20
egolife_rlhf_packet_ranking_v2,fc8ae24487bab271f513,day1_4_full_day_98_packets,xl6775,completed,11,EGOLIFE2U_RANDOM_PAIR_CLIP_PRUNED_DAY1_11503000_A3_A5_0-1,1,EGOLIFE2U_RANDOM_PAIR_CLIP_PRUNED_DAY1_11503000_A3_A5_0-1::candidate_03,2,1,2,false,,,Sun Aug 09 2026 08:05:15 GMT-0400 (Eastern Daylight Time),Sun Aug 09 2026 08:18:27 GMT-0400 (Eastern Daylight Time),794,"I saw the person in the orange shirt standing near the whiteboard, but from my angle I couldn't see what they were holding. What was that person holding?","[""A pair of scissors"",""A bunch of green stems"",""A white envelope"",""A small potted plant"",""A red wrapping paper""]",B,A bunch of green stems,Tasha,https://huggingface.co/datasets/lmms-lab/EgoLife/resolve/main/A3_TASHA/DAY1/DAY1_A3_TASHA_11503000.mp4,Katrina,https://huggingface.co/datasets/lmms-lab/EgoLife/resolve/main/A5_KATRINA/DAY1/DAY1_A5_KATRINA_11503000.mp4,true,day1_4_annotated_20
egolife_rlhf_packet_ranking_v2,fc8ae24487bab271f513,day1_4_full_day_98_packets,xl6775,completed,11,EGOLIFE2U_RANDOM_PAIR_CLIP_PRUNED_DAY1_11503000_A3_A5_0-1,2,EGOLIFE2U_RANDOM_PAIR_CLIP_PRUNED_DAY1_11503000_A3_A5_0-1::candidate_06,2,2,2,false,,,Sun Aug 09 2026 08:05:15 GMT-0400 (Eastern Daylight Time),Sun Aug 09 2026 08:18:27 GMT-0400 (Eastern Daylight Time),794,"I noticed there were three of us at the table, but I couldn't get a good look at the person standing near the whiteboard in the other camera's view. What color was that person's shirt?","[""wearing a white shirt"",""wearing a pink shirt"",""wearing a black shirt"",""wearing a blue shirt"",""wearing a gray shirt""]",B,wearing a pink shirt,Tasha,https://huggingface.co/datasets/lmms-lab/EgoLife/resolve/main/A3_TASHA/DAY1/DAY1_A3_TASHA_11503000.mp4,Katrina,https://huggingface.co/datasets/lmms-lab/EgoLife/resolve/main/A5_KATRINA/DAY1/DAY1_A5_KATRINA_11503000.mp4,true,day1_4_annotated_20
egolife_rlhf_packet_ranking_v2,fc8ae24487bab271f513,day1_4_full_day_98_packets,xl6775,completed,11,EGOLIFE2U_RANDOM_PAIR_CLIP_PRUNED_DAY1_11503000_A3_A5_0-1,3,EGOLIFE2U_RANDOM_PAIR_CLIP_PRUNED_DAY1_11503000_A3_A5_0-1::candidate_04,3,3,2,false,,,Sun Aug 09 2026 08:05:15 GMT-0400 (Eastern Daylight Time),Sun Aug 09 2026 08:18:27 GMT-0400 (Eastern Daylight Time),794,"I was focused on the flowers and table, so I couldn't see the background clearly. What was the person in the orange shirt standing next to?","[""A whiteboard with writing on it"",""A window with curtains"",""A black sofa"",""A kitchen counter"",""A wooden chair""]",A,A whiteboard with writing on it,Tasha,https://huggingface.co/datasets/lmms-lab/EgoLife/resolve/main/A3_TASHA/DAY1/DAY1_A3_TASHA_11503000.mp4,Katrina,https://huggingface.co/datasets/lmms-lab/EgoLife/resolve/main/A5_KATRINA/DAY1/DAY1_A5_KATRINA_11503000.mp4,true,day1_4_annotated_20
egolife_rlhf_packet_ranking_v2,fc8ae24487bab271f513,day1_4_full_day_98_packets,xl6775,completed,11,EGOLIFE2U_RANDOM_PAIR_CLIP_PRUNED_DAY1_11503000_A3_A5_0-1,4,EGOLIFE2U_RANDOM_PAIR_CLIP_PRUNED_DAY1_11503000_A3_A5_0-1::candidate_05,2,3,1,false,,,Sun Aug 09 2026 08:05:15 GMT-0400 (Eastern Daylight Time),Sun Aug 09 2026 08:18:27 GMT-0400 (Eastern Daylight Time),794,"I was looking down at my bag and couldn't see the rest of the room, but I could hear the person in the white shirt working on the flowers. What was that person holding in their hands?","[""A pair of pink carnations"",""A bunch of green stems"",""A red flower"",""A pair of scissors"",""A roll of tape""]",B,A bunch of green stems,Tasha,https://huggingface.co/datasets/lmms-lab/EgoLife/resolve/main/A3_TASHA/DAY1/DAY1_A3_TASHA_11503000.mp4,Katrina,https://huggingface.co/datasets/lmms-lab/EgoLife/resolve/main/A5_KATRINA/DAY1/DAY1_A5_KATRINA_11503000.mp4,true,day1_4_annotated_20
egolife_rlhf_packet_ranking_v2,fc8ae24487bab271f513,day1_4_full_day_98_packets,xl6775,completed,11,EGOLIFE2U_RANDOM_PAIR_CLIP_PRUNED_DAY1_11503000_A3_A5_0-1,5,EGOLIFE2U_RANDOM_PAIR_CLIP_PRUNED_DAY1_11503000_A3_A5_0-1::candidate_02,2,1,1,false,,,Sun Aug 09 2026 08:05:15 GMT-0400 (Eastern Daylight Time),Sun Aug 09 2026 08:18:27 GMT-0400 (Eastern Daylight Time),794,I was looking at the person wearing a white shirt arranging the flowers on the table. Which item was sitting on the table right next to them?,"[""A black circular case"",""A pair of scissors"",""A roll of wrapping paper"",""A small white bag"",""A pink flower bouquet""]",A,A black circular case,Tasha,https://huggingface.co/datasets/lmms-lab/EgoLife/resolve/main/A3_TASHA/DAY1/DAY1_A3_TASHA_11503000.mp4,Katrina,https://huggingface.co/datasets/lmms-lab/EgoLife/resolve/main/A5_KATRINA/DAY1/DAY1_A5_KATRINA_11503000.mp4,true,day1_4_annotated_20
egolife_rlhf_packet_ranking_v2,fc8ae24487bab271f513,day1_4_full_day_98_packets,xl6775,completed,11,EGOLIFE2U_RANDOM_PAIR_CLIP_PRUNED_DAY1_11503000_A3_A5_0-1,6,EGOLIFE2U_RANDOM_PAIR_CLIP_PRUNED_DAY1_11503000_A3_A5_0-1::candidate_01,2,1,1,false,,,Sun Aug 09 2026 08:05:15 GMT-0400 (Eastern Daylight Time),Sun Aug 09 2026 08:18:27 GMT-0400 (Eastern Daylight Time),794,"When I was standing by the table with the checkered cloth arranging the green stems, which person was standing next to the large whiteboard on my right?","[""The person wearing a peach-colored t-shirt"",""The person wearing a white blouse"",""The person with long dark hair"",""The person wearing a dark top"",""The person with pink hair""]",A,The person wearing a peach-colored t-shirt,Tasha,https://huggingface.co/datasets/lmms-lab/EgoLife/resolve/main/A3_TASHA/DAY1/DAY1_A3_TASHA_11503000.mp4,Katrina,https://huggingface.co/datasets/lmms-lab/EgoLife/resolve/main/A5_KATRINA/DAY1/DAY1_A5_KATRINA_11503000.mp4,true,day1_4_annotated_20
egolife_rlhf_packet_ranking_v2,fc8ae24487bab271f513,day1_4_full_day_98_packets,xl6775,completed,12,EGOLIFE2U_RANDOM_PAIR_CLIP_PRUNED_DAY1_11593000_A4_A6_0-1,1,EGOLIFE2U_RANDOM_PAIR_CLIP_PRUNED_DAY1_11593000_A4_A6_0-1::candidate_03,2,1,1,false,,,Sun Aug 09 2026 08:18:29 GMT-0400 (Eastern Daylight Time),Sun Aug 09 2026 08:23:20 GMT-0400 (Eastern Daylight Time),293,I was looking at the person sitting at the table wearing a black top. What was she doing with the item in her hand?,"[""Cutting the stem of a flower"",""Writing on a whiteboard"",""Holding a pair of glasses"",""Arranging flowers in a vase"",""Reading a book""]",A,Cutting the stem of a flower,Lucia,https://huggingface.co/datasets/lmms-lab/EgoLife/resolve/main/A4_LUCIA/DAY1/DAY1_A4_LUCIA_11593000.mp4,Shure,https://huggingface.co/datasets/lmms-lab/EgoLife/resolve/main/A6_SHURE/DAY1/DAY1_A6_SHURE_11593000.mp4,true,day1_4_annotated_20
egolife_rlhf_packet_ranking_v2,fc8ae24487bab271f513,day1_4_full_day_98_packets,xl6775,completed,12,EGOLIFE2U_RANDOM_PAIR_CLIP_PRUNED_DAY1_11593000_A4_A6_0-1,2,EGOLIFE2U_RANDOM_PAIR_CLIP_PRUNED_DAY1_11593000_A4_A6_0-1::candidate_01,2,3,3,false,,,Sun Aug 09 2026 08:18:29 GMT-0400 (Eastern Daylight Time),Sun Aug 09 2026 08:23:20 GMT-0400 (Eastern Daylight Time),293,I saw that person with pink hair sitting at the table while we were arranging flowers. What color shirt was she wearing?,"[""A white shirt"",""A black shirt"",""A blue shirt"",""A pink shirt"",""A grey shirt""]",A,A white shirt,Lucia,https://huggingface.co/datasets/lmms-lab/EgoLife/resolve/main/A4_LUCIA/DAY1/DAY1_A4_LUCIA_11593000.mp4,Shure,https://huggingface.co/datasets/lmms-lab/EgoLife/resolve/main/A6_SHURE/DAY1/DAY1_A6_SHURE_11593000.mp4,true,day1_4_annotated_20
egolife_rlhf_packet_ranking_v2,fc8ae24487bab271f513,day1_4_full_day_98_packets,xl6775,completed,12,EGOLIFE2U_RANDOM_PAIR_CLIP_PRUNED_DAY1_11593000_A4_A6_0-1,3,EGOLIFE2U_RANDOM_PAIR_CLIP_PRUNED_DAY1_11593000_A4_A6_0-1::candidate_06,3,3,3,false,,,Sun Aug 09 2026 08:18:29 GMT-0400 (Eastern Daylight Time),Sun Aug 09 2026 08:23:20 GMT-0400 (Eastern Daylight Time),293,"I was looking at the whiteboard in the room with the window, but the writing was a bit hard to make out from my angle. What is the first numbered item written on the board, right under the main heading?","[""Invitation to guests"",""Weekly schedule"",""Meeting agenda"",""Room assignment"",""Flower arrangement plan""]",A,Invitation to guests,Lucia,https://huggingface.co/datasets/lmms-lab/EgoLife/resolve/main/A4_LUCIA/DAY1/DAY1_A4_LUCIA_11593000.mp4,Shure,https://huggingface.co/datasets/lmms-lab/EgoLife/resolve/main/A6_SHURE/DAY1/DAY1_A6_SHURE_11593000.mp4,true,day1_4_annotated_20
egolife_rlhf_packet_ranking_v2,fc8ae24487bab271f513,day1_4_full_day_98_packets,xl6775,completed,12,EGOLIFE2U_RANDOM_PAIR_CLIP_PRUNED_DAY1_11593000_A4_A6_0-1,4,EGOLIFE2U_RANDOM_PAIR_CLIP_PRUNED_DAY1_11593000_A4_A6_0-1::candidate_04,3,3,2,false,,,Sun Aug 09 2026 08:18:29 GMT-0400 (Eastern Daylight Time),Sun Aug 09 2026 08:23:20 GMT-0400 (Eastern Daylight Time),293,"I was standing at the table arranging the flowers, but I couldn't see what was written on the whiteboard in the other room. What is the large title heading written at the top of that board?","[""EgoLife"",""Project Plan"",""Weekly Schedule"",""Meeting Agenda"",""Room Assignment""]",A,EgoLife,Lucia,https://huggingface.co/datasets/lmms-lab/EgoLife/resolve/main/A4_LUCIA/DAY1/DAY1_A4_LUCIA_11593000.mp4,Shure,https://huggingface.co/datasets/lmms-lab/EgoLife/resolve/main/A6_SHURE/DAY1/DAY1_A6_SHURE_11593000.mp4,true,day1_4_annotated_20
egolife_rlhf_packet_ranking_v2,fc8ae24487bab271f513,day1_4_full_day_98_packets,xl6775,completed,12,EGOLIFE2U_RANDOM_PAIR_CLIP_PRUNED_DAY1_11593000_A4_A6_0-1,5,EGOLIFE2U_RANDOM_PAIR_CLIP_PRUNED_DAY1_11593000_A4_A6_0-1::candidate_02,2,2,2,false,,,Sun Aug 09 2026 08:18:29 GMT-0400 (Eastern Daylight Time),Sun Aug 09 2026 08:23:20 GMT-0400 (Eastern Daylight Time),293,I'm looking at the whiteboard with the 'EgoLife' plan on it. What kind of colorful markers are lined up along the left edge of the board?,"[""Blue and pink heart-shaped markers"",""Red and yellow star-shaped markers"",""Green and orange square markers"",""Black and white round markers"",""Purple and blue triangular markers""]",A,Blue and pink heart-shaped markers,Lucia,https://huggingface.co/datasets/lmms-lab/EgoLife/resolve/main/A4_LUCIA/DAY1/DAY1_A4_LUCIA_11593000.mp4,Shure,https://huggingface.co/datasets/lmms-lab/EgoLife/resolve/main/A6_SHURE/DAY1/DAY1_A6_SHURE_11593000.mp4,true,day1_4_annotated_20
egolife_rlhf_packet_ranking_v2,fc8ae24487bab271f513,day1_4_full_day_98_packets,xl6775,completed,12,EGOLIFE2U_RANDOM_PAIR_CLIP_PRUNED_DAY1_11593000_A4_A6_0-1,6,EGOLIFE2U_RANDOM_PAIR_CLIP_PRUNED_DAY1_11593000_A4_A6_0-1::candidate_05,3,3,2,false,,,Sun Aug 09 2026 08:18:29 GMT-0400 (Eastern Daylight Time),Sun Aug 09 2026 08:23:20 GMT-0400 (Eastern Daylight Time),293,"I was sitting at the table arranging flowers, but I couldn't read the large heading written at the very top of the whiteboard in the room with the window. What is that title word?","[""EgoLife"",""Project Plan"",""Weekly Schedule"",""Meeting Agenda"",""Room Assignment""]",A,EgoLife,Lucia,https://huggingface.co/datasets/lmms-lab/EgoLife/resolve/main/A4_LUCIA/DAY1/DAY1_A4_LUCIA_11593000.mp4,Shure,https://huggingface.co/datasets/lmms-lab/EgoLife/resolve/main/A6_SHURE/DAY1/DAY1_A6_SHURE_11593000.mp4,true,day1_4_annotated_20
egolife_rlhf_packet_ranking_v2,fc8ae24487bab271f513,day1_4_full_day_98_packets,xl6775,completed,13,EGOLIFE2U_RANDOM_PAIR_CLIP_PRUNED_DAY1_12193000_A3_A5_0-1,1,EGOLIFE2U_RANDOM_PAIR_CLIP_PRUNED_DAY1_12193000_A3_A5_0-1::candidate_03,2,3,2,false,,,Sun Aug 09 2026 08:23:22 GMT-0400 (Eastern Daylight Time),Sun Aug 09 2026 09:12:43 GMT-0400 (Eastern Daylight Time),3009,I was standing by the table with the checkered tablecloth and couldn't see who was sitting across from me. Which person was seated at the table wearing a black top?,"[""The person in the blue shirt holding a phone"",""The person in the white shirt standing near the whiteboard"",""The person in the green patterned top sitting to the right"",""The person sitting on the left side of the table"",""The person standing near the doorway""]",D,The person sitting on the left side of the table,Tasha,https://huggingface.co/datasets/lmms-lab/EgoLife/resolve/main/A3_TASHA/DAY1/DAY1_A3_TASHA_12193000.mp4,Katrina,https://huggingface.co/datasets/lmms-lab/EgoLife/resolve/main/A5_KATRINA/DAY1/DAY1_A5_KATRINA_12193000.mp4,true,day1_4_annotated_20
egolife_rlhf_packet_ranking_v2,fc8ae24487bab271f513,day1_4_full_day_98_packets,xl6775,completed,13,EGOLIFE2U_RANDOM_PAIR_CLIP_PRUNED_DAY1_12193000_A3_A5_0-1,2,EGOLIFE2U_RANDOM_PAIR_CLIP_PRUNED_DAY1_12193000_A3_A5_0-1::candidate_02,2,3,2,false,,,Sun Aug 09 2026 08:23:22 GMT-0400 (Eastern Daylight Time),Sun Aug 09 2026 09:12:43 GMT-0400 (Eastern Daylight Time),3009,I was standing by the table with the checkered cloth adjusting my headgear and couldn't see who was sitting across from me. Who was the person sitting at the table wearing the black top?,"[""The person who was standing near the whiteboard"",""The person in the blue shirt holding a phone"",""The person in the green patterned top"",""The person sitting on the left side of the table"",""The person sitting on the right side of the table""]",D,The person sitting on the left side of the table,Tasha,https://huggingface.co/datasets/lmms-lab/EgoLife/resolve/main/A3_TASHA/DAY1/DAY1_A3_TASHA_12193000.mp4,Katrina,https://huggingface.co/datasets/lmms-lab/EgoLife/resolve/main/A5_KATRINA/DAY1/DAY1_A5_KATRINA_12193000.mp4,true,day1_4_annotated_20
egolife_rlhf_packet_ranking_v2,fc8ae24487bab271f513,day1_4_full_day_98_packets,xl6775,completed,13,EGOLIFE2U_RANDOM_PAIR_CLIP_PRUNED_DAY1_12193000_A3_A5_0-1,3,EGOLIFE2U_RANDOM_PAIR_CLIP_PRUNED_DAY1_12193000_A3_A5_0-1::candidate_01,2,3,2,false,,,Sun Aug 09 2026 08:23:22 GMT-0400 (Eastern Daylight Time),Sun Aug 09 2026 09:12:43 GMT-0400 (Eastern Daylight Time),3009,"I was standing by the table adjusting my glasses and headgear, but I couldn't see what was happening right behind me. Was there anyone else standing in that doorway area near the whiteboard?","[""No, the area behind me was completely empty."",""Yes, a person in a blue t-shirt was standing there looking at a phone."",""Yes, a person in a light pink top was standing there near the whiteboard."",""Yes, a person in a black top was sitting at the table."",""Yes, a person in a green patterned top was sitting near the window.""]",C,"Yes, a person in a light pink top was standing there near the whiteboard.",Tasha,https://huggingface.co/datasets/lmms-lab/EgoLife/resolve/main/A3_TASHA/DAY1/DAY1_A3_TASHA_12193000.mp4,Katrina,https://huggingface.co/datasets/lmms-lab/EgoLife/resolve/main/A5_KATRINA/DAY1/DAY1_A5_KATRINA_12193000.mp4,true,day1_4_annotated_20
egolife_rlhf_packet_ranking_v2,fc8ae24487bab271f513,day1_4_full_day_98_packets,xl6775,completed,13,EGOLIFE2U_RANDOM_PAIR_CLIP_PRUNED_DAY1_12193000_A3_A5_0-1,4,EGOLIFE2U_RANDOM_PAIR_CLIP_PRUNED_DAY1_12193000_A3_A5_0-1::candidate_05,2,3,2,false,,,Sun Aug 09 2026 08:23:22 GMT-0400 (Eastern Daylight Time),Sun Aug 09 2026 09:12:43 GMT-0400 (Eastern Daylight Time),3009,I remember the person in the white shirt standing up near the whiteboard with a microphone headset on. What was the person sitting at the checkered table wearing on their head?,"[""A pair of large black headphones"",""A blue baseball cap"",""A pair of sunglasses"",""A pink headband"",""Nothing on their head""]",A,A pair of large black headphones,Tasha,https://huggingface.co/datasets/lmms-lab/EgoLife/resolve/main/A3_TASHA/DAY1/DAY1_A3_TASHA_12193000.mp4,Katrina,https://huggingface.co/datasets/lmms-lab/EgoLife/resolve/main/A5_KATRINA/DAY1/DAY1_A5_KATRINA_12193000.mp4,true,day1_4_annotated_20
egolife_rlhf_packet_ranking_v2,fc8ae24487bab271f513,day1_4_full_day_98_packets,xl6775,completed,13,EGOLIFE2U_RANDOM_PAIR_CLIP_PRUNED_DAY1_12193000_A3_A5_0-1,5,EGOLIFE2U_RANDOM_PAIR_CLIP_PRUNED_DAY1_12193000_A3_A5_0-1::candidate_06,2,3,2,false,,,Sun Aug 09 2026 08:23:22 GMT-0400 (Eastern Daylight Time),Sun Aug 09 2026 09:12:43 GMT-0400 (Eastern Daylight Time),3009,I noticed the person in the white shirt standing up by the whiteboard was wearing a headset with a microphone. What was the person sitting at the checkered table wearing on their head?,"[""A pair of large black over-ear headphones"",""A pair of blue-tinted sunglasses"",""A pink headband"",""A white baseball cap"",""Nothing on their head""]",A,A pair of large black over-ear headphones,Tasha,https://huggingface.co/datasets/lmms-lab/EgoLife/resolve/main/A3_TASHA/DAY1/DAY1_A3_TASHA_12193000.mp4,Katrina,https://huggingface.co/datasets/lmms-lab/EgoLife/resolve/main/A5_KATRINA/DAY1/DAY1_A5_KATRINA_12193000.mp4,true,day1_4_annotated_20
egolife_rlhf_packet_ranking_v2,fc8ae24487bab271f513,day1_4_full_day_98_packets,xl6775,completed,13,EGOLIFE2U_RANDOM_PAIR_CLIP_PRUNED_DAY1_12193000_A3_A5_0-1,6,EGOLIFE2U_RANDOM_PAIR_CLIP_PRUNED_DAY1_12193000_A3_A5_0-1::candidate_04,2,1,2,false,,,Sun Aug 09 2026 08:23:22 GMT-0400 (Eastern Daylight Time),Sun Aug 09 2026 09:12:43 GMT-0400 (Eastern Daylight Time),3009,I noticed the person in the white shirt standing near the whiteboard was holding a small black device with a cable attached. What exactly was that device?,"[""A pair of headphones"",""A wireless microphone"",""A digital camera"",""A smartphone"",""A smartwatch""]",B,A wireless microphone,Tasha,https://huggingface.co/datasets/lmms-lab/EgoLife/resolve/main/A3_TASHA/DAY1/DAY1_A3_TASHA_12193000.mp4,Katrina,https://huggingface.co/datasets/lmms-lab/EgoLife/resolve/main/A5_KATRINA/DAY1/DAY1_A5_KATRINA_12193000.mp4,true,day1_4_annotated_20
egolife_rlhf_packet_ranking_v2,fc8ae24487bab271f513,day1_4_full_day_98_packets,xl6775,completed,14,EGOLIFE2U_RANDOM_PAIR_CLIP_PRUNED_DAY1_12383000_A5_A6_0-1,1,EGOLIFE2U_RANDOM_PAIR_CLIP_PRUNED_DAY1_12383000_A5_A6_0-1::candidate_06,3,2,3,false,,,Sun Aug 09 2026 09:13:31 GMT-0400 (Eastern Daylight Time),Sun Aug 09 2026 09:16:52 GMT-0400 (Eastern Daylight Time),203,"I see the person in the blue shirt leaning over the table with the checkered cloth, but from my angle, I can't quite make out what is on their shirt. What kind of logo or design is visible on the front of the blue shirt?","[""a large white abstract graphic"",""a rectangular patch on the upper sleeve"",""a small white emblem on the chest"",""a horizontal white stripe across the chest"",""a vertical stripe down the side""]",C,a small white emblem on the chest,Katrina,https://huggingface.co/datasets/lmms-lab/EgoLife/resolve/main/A5_KATRINA/DAY1/DAY1_A5_KATRINA_12383000.mp4,Shure,https://huggingface.co/datasets/lmms-lab/EgoLife/resolve/main/A6_SHURE/DAY1/DAY1_A6_SHURE_12383000.mp4,true,day1_4_annotated_20
egolife_rlhf_packet_ranking_v2,fc8ae24487bab271f513,day1_4_full_day_98_packets,xl6775,completed,14,EGOLIFE2U_RANDOM_PAIR_CLIP_PRUNED_DAY1_12383000_A5_A6_0-1,2,EGOLIFE2U_RANDOM_PAIR_CLIP_PRUNED_DAY1_12383000_A5_A6_0-1::candidate_02,2,3,1,false,,,Sun Aug 09 2026 09:13:31 GMT-0400 (Eastern Daylight Time),Sun Aug 09 2026 09:16:52 GMT-0400 (Eastern Daylight Time),203,"We were all gathered around the table with the red and white checkered tablecloth working on the wooden puzzle. I could see the person in the white shirt and the one in the peach top, but from my position, I couldn't see who was sitting on the side of the table near the black case and the notebook. Which person was sitting there?","[""The person wearing a blue t-shirt"",""The person wearing a black long-sleeve shirt"",""The person wearing a white shirt"",""The person wearing a peach-colored top"",""The person wearing a patterned blue dress""]",A,The person wearing a blue t-shirt,Katrina,https://huggingface.co/datasets/lmms-lab/EgoLife/resolve/main/A5_KATRINA/DAY1/DAY1_A5_KATRINA_12383000.mp4,Shure,https://huggingface.co/datasets/lmms-lab/EgoLife/resolve/main/A6_SHURE/DAY1/DAY1_A6_SHURE_12383000.mp4,true,day1_4_annotated_20
egolife_rlhf_packet_ranking_v2,fc8ae24487bab271f513,day1_4_full_day_98_packets,xl6775,completed,14,EGOLIFE2U_RANDOM_PAIR_CLIP_PRUNED_DAY1_12383000_A5_A6_0-1,3,EGOLIFE2U_RANDOM_PAIR_CLIP_PRUNED_DAY1_12383000_A5_A6_0-1::candidate_03,2,3,3,false,,,Sun Aug 09 2026 09:13:31 GMT-0400 (Eastern Daylight Time),Sun Aug 09 2026 09:16:52 GMT-0400 (Eastern Daylight Time),203,"I noticed a pair of glasses sitting on the checkered tablecloth during our session, but I couldn't get a good look at them from my angle. What color were the frames of the glasses resting on the table?","[""black frames"",""blue frames"",""white frames"",""brown frames"",""red frames""]",A,black frames,Katrina,https://huggingface.co/datasets/lmms-lab/EgoLife/resolve/main/A5_KATRINA/DAY1/DAY1_A5_KATRINA_12383000.mp4,Shure,https://huggingface.co/datasets/lmms-lab/EgoLife/resolve/main/A6_SHURE/DAY1/DAY1_A6_SHURE_12383000.mp4,true,day1_4_annotated_20
egolife_rlhf_packet_ranking_v2,fc8ae24487bab271f513,day1_4_full_day_98_packets,xl6775,completed,14,EGOLIFE2U_RANDOM_PAIR_CLIP_PRUNED_DAY1_12383000_A5_A6_0-1,4,EGOLIFE2U_RANDOM_PAIR_CLIP_PRUNED_DAY1_12383000_A5_A6_0-1::candidate_04,3,3,1,false,,,Sun Aug 09 2026 09:13:31 GMT-0400 (Eastern Daylight Time),Sun Aug 09 2026 09:16:52 GMT-0400 (Eastern Daylight Time),203,"I noticed the person in the blue shirt standing at the table during our session, but from my angle, I couldn't see the details on their clothing. What logo or text was visible on the front of their shirt?","[""the letters 'CCI'"",""a white star logo"",""the word 'TECH'"",""a circular emblem"",""no visible text or logo""]",A,the letters 'CCI',Katrina,https://huggingface.co/datasets/lmms-lab/EgoLife/resolve/main/A5_KATRINA/DAY1/DAY1_A5_KATRINA_12383000.mp4,Shure,https://huggingface.co/datasets/lmms-lab/EgoLife/resolve/main/A6_SHURE/DAY1/DAY1_A6_SHURE_12383000.mp4,true,day1_4_annotated_20
egolife_rlhf_packet_ranking_v2,fc8ae24487bab271f513,day1_4_full_day_98_packets,xl6775,completed,14,EGOLIFE2U_RANDOM_PAIR_CLIP_PRUNED_DAY1_12383000_A5_A6_0-1,5,EGOLIFE2U_RANDOM_PAIR_CLIP_PRUNED_DAY1_12383000_A5_A6_0-1::candidate_01,2,3,1,false,,,Sun Aug 09 2026 09:13:31 GMT-0400 (Eastern Daylight Time),Sun Aug 09 2026 09:16:52 GMT-0400 (Eastern Daylight Time),203,"We were all gathered around the checkered table playing that wooden puzzle game. I could see the person in the white shirt, the one in the peach top, and myself, but I couldn't see who was on the other side of the table near the black case. Which person was sitting there?","[""The person wearing a blue t-shirt"",""The person wearing a black long-sleeve shirt"",""The person wearing a white shirt"",""The person wearing a peach-colored top"",""The person wearing a patterned blue dress""]",A,The person wearing a blue t-shirt,Katrina,https://huggingface.co/datasets/lmms-lab/EgoLife/resolve/main/A5_KATRINA/DAY1/DAY1_A5_KATRINA_12383000.mp4,Shure,https://huggingface.co/datasets/lmms-lab/EgoLife/resolve/main/A6_SHURE/DAY1/DAY1_A6_SHURE_12383000.mp4,true,day1_4_annotated_20
egolife_rlhf_packet_ranking_v2,fc8ae24487bab271f513,day1_4_full_day_98_packets,xl6775,completed,14,EGOLIFE2U_RANDOM_PAIR_CLIP_PRUNED_DAY1_12383000_A5_A6_0-1,6,EGOLIFE2U_RANDOM_PAIR_CLIP_PRUNED_DAY1_12383000_A5_A6_0-1::candidate_05,2,3,1,false,,,Sun Aug 09 2026 09:13:31 GMT-0400 (Eastern Daylight Time),Sun Aug 09 2026 09:16:52 GMT-0400 (Eastern Daylight Time),203,"I remember the person in the blue shirt standing at the table during our activity, but from my angle, I couldn't clearly see the text on their shirt. What letters or logo was visible on the front of their shirt?","[""the letters 'CCI'"",""a white star logo"",""the word 'TECH'"",""a circular emblem"",""no visible text or logo""]",A,the letters 'CCI',Katrina,https://huggingface.co/datasets/lmms-lab/EgoLife/resolve/main/A5_KATRINA/DAY1/DAY1_A5_KATRINA_12383000.mp4,Shure,https://huggingface.co/datasets/lmms-lab/EgoLife/resolve/main/A6_SHURE/DAY1/DAY1_A6_SHURE_12383000.mp4,true,day1_4_annotated_20
egolife_rlhf_packet_ranking_v2,fc8ae24487bab271f513,day1_4_full_day_98_packets,xl6775,completed,15,EGOLIFE2U_RANDOM_PAIR_CLIP_PRUNED_DAY1_13053000_A1_A6_0-1,1,EGOLIFE2U_RANDOM_PAIR_CLIP_PRUNED_DAY1_13053000_A1_A6_0-1::candidate_05,3,3,3,false,,,Sun Aug 09 2026 09:16:53 GMT-0400 (Eastern Daylight Time),Sun Aug 09 2026 09:19:33 GMT-0400 (Eastern Daylight Time),163,"I see the person with pink hair kneeling on the floor helping with the white frame assembly, but I can't see their upper body clearly. What kind of shirt are they wearing?","[""a white t-shirt with a graphic print"",""a black long-sleeved shirt"",""a blue denim jacket"",""a red striped sweater"",""a green polo shirt""]",A,a white t-shirt with a graphic print,Jake,https://huggingface.co/datasets/lmms-lab/EgoLife/resolve/main/A1_JAKE/DAY1/DAY1_A1_JAKE_13053000.mp4,Shure,https://huggingface.co/datasets/lmms-lab/EgoLife/resolve/main/A6_SHURE/DAY1/DAY1_A6_SHURE_13053000.mp4,true,day1_4_annotated_20
egolife_rlhf_packet_ranking_v2,fc8ae24487bab271f513,day1_4_full_day_98_packets,xl6775,completed,15,EGOLIFE2U_RANDOM_PAIR_CLIP_PRUNED_DAY1_13053000_A1_A6_0-1,2,EGOLIFE2U_RANDOM_PAIR_CLIP_PRUNED_DAY1_13053000_A1_A6_0-1::candidate_03,3,3,3,false,,,Sun Aug 09 2026 09:16:53 GMT-0400 (Eastern Daylight Time),Sun Aug 09 2026 09:19:33 GMT-0400 (Eastern Daylight Time),163,"I was looking at the person with pink hair assembling the white frame on the floor, but I couldn't tell exactly what kind of shirt they were wearing from my angle. What was printed on the front of their shirt?","[""A graphic of a cat"",""The word 'LAZY' in green letters"",""A solid blue stripe across the chest"",""A large cartoon character"",""A plain white logo""]",B,The word 'LAZY' in green letters,Jake,https://huggingface.co/datasets/lmms-lab/EgoLife/resolve/main/A1_JAKE/DAY1/DAY1_A1_JAKE_13053000.mp4,Shure,https://huggingface.co/datasets/lmms-lab/EgoLife/resolve/main/A6_SHURE/DAY1/DAY1_A6_SHURE_13053000.mp4,true,day1_4_annotated_20
egolife_rlhf_packet_ranking_v2,fc8ae24487bab271f513,day1_4_full_day_98_packets,xl6775,completed,15,EGOLIFE2U_RANDOM_PAIR_CLIP_PRUNED_DAY1_13053000_A1_A6_0-1,3,EGOLIFE2U_RANDOM_PAIR_CLIP_PRUNED_DAY1_13053000_A1_A6_0-1::candidate_02,2,3,1,false,,,Sun Aug 09 2026 09:16:53 GMT-0400 (Eastern Daylight Time),Sun Aug 09 2026 09:19:33 GMT-0400 (Eastern Daylight Time),163,"I was looking around the room and saw the white frame structure on the floor, but I couldn't see what was directly behind it. What was the black and white checkered board leaning against?","[""The wall with the projector screen"",""A white cabinet"",""A tall bookshelf"",""A wooden door"",""A large mirror""]",A,The wall with the projector screen,Jake,https://huggingface.co/datasets/lmms-lab/EgoLife/resolve/main/A1_JAKE/DAY1/DAY1_A1_JAKE_13053000.mp4,Shure,https://huggingface.co/datasets/lmms-lab/EgoLife/resolve/main/A6_SHURE/DAY1/DAY1_A6_SHURE_13053000.mp4,true,day1_4_annotated_20
egolife_rlhf_packet_ranking_v2,fc8ae24487bab271f513,day1_4_full_day_98_packets,xl6775,completed,15,EGOLIFE2U_RANDOM_PAIR_CLIP_PRUNED_DAY1_13053000_A1_A6_0-1,4,EGOLIFE2U_RANDOM_PAIR_CLIP_PRUNED_DAY1_13053000_A1_A6_0-1::candidate_01,3,3,1,false,,,Sun Aug 09 2026 09:16:53 GMT-0400 (Eastern Daylight Time),Sun Aug 09 2026 09:19:33 GMT-0400 (Eastern Daylight Time),163,"I was walking around the apartment and looking at the room where the whiteboard is, but I couldn't quite tell if anyone was still down there working on the big white frame. Did I leave anyone behind while I was moving?","[""Yes, the person with pink hair was still kneeling on the floor assembling the white frame"",""Yes, the person in the black shirt was still sitting at the table using their phone"",""No, everyone had left the room and the white frame was completely gone"",""Yes, the person with pink hair was standing up near the doorway by now"",""No, the person with pink hair had moved to the kitchen to help cook""]",A,"Yes, the person with pink hair was still kneeling on the floor assembling the white frame",Jake,https://huggingface.co/datasets/lmms-lab/EgoLife/resolve/main/A1_JAKE/DAY1/DAY1_A1_JAKE_13053000.mp4,Shure,https://huggingface.co/datasets/lmms-lab/EgoLife/resolve/main/A6_SHURE/DAY1/DAY1_A6_SHURE_13053000.mp4,true,day1_4_annotated_20
egolife_rlhf_packet_ranking_v2,fc8ae24487bab271f513,day1_4_full_day_98_packets,xl6775,completed,15,EGOLIFE2U_RANDOM_PAIR_CLIP_PRUNED_DAY1_13053000_A1_A6_0-1,5,EGOLIFE2U_RANDOM_PAIR_CLIP_PRUNED_DAY1_13053000_A1_A6_0-1::candidate_06,3,3,3,false,,,Sun Aug 09 2026 09:16:53 GMT-0400 (Eastern Daylight Time),Sun Aug 09 2026 09:19:33 GMT-0400 (Eastern Daylight Time),163,"I see the person with pink hair kneeling on the floor working on the white frame assembly, but I can't get a clear view of their upper body from where I'm sitting. What kind of shirt are they wearing?","[""a white t-shirt with a graphic print"",""a black long-sleeved shirt"",""a blue denim jacket"",""a red striped sweater"",""a green polo shirt""]",A,a white t-shirt with a graphic print,Jake,https://huggingface.co/datasets/lmms-lab/EgoLife/resolve/main/A1_JAKE/DAY1/DAY1_A1_JAKE_13053000.mp4,Shure,https://huggingface.co/datasets/lmms-lab/EgoLife/resolve/main/A6_SHURE/DAY1/DAY1_A6_SHURE_13053000.mp4,true,day1_4_annotated_20
egolife_rlhf_packet_ranking_v2,fc8ae24487bab271f513,day1_4_full_day_98_packets,xl6775,completed,15,EGOLIFE2U_RANDOM_PAIR_CLIP_PRUNED_DAY1_13053000_A1_A6_0-1,6,EGOLIFE2U_RANDOM_PAIR_CLIP_PRUNED_DAY1_13053000_A1_A6_0-1::candidate_04,2,1,2,false,,,Sun Aug 09 2026 09:16:53 GMT-0400 (Eastern Daylight Time),Sun Aug 09 2026 09:19:33 GMT-0400 (Eastern Daylight Time),163,"While I was holding the long white frame piece, what tool was I using to tighten the screws?","[""a screwdriver"",""a wrench"",""a hammer"",""a pair of pliers"",""a drill""]",A,a screwdriver,Jake,https://huggingface.co/datasets/lmms-lab/EgoLife/resolve/main/A1_JAKE/DAY1/DAY1_A1_JAKE_13053000.mp4,Shure,https://huggingface.co/datasets/lmms-lab/EgoLife/resolve/main/A6_SHURE/DAY1/DAY1_A6_SHURE_13053000.mp4,true,day1_4_annotated_20
egolife_rlhf_packet_ranking_v2,fc8ae24487bab271f513,day1_4_full_day_98_packets,xl6775,completed,16,EGOLIFE2U_RANDOM_PAIR_CLIP_PRUNED_DAY1_13110000_A1_A6_0-1,1,EGOLIFE2U_RANDOM_PAIR_CLIP_PRUNED_DAY1_13110000_A1_A6_0-1::candidate_02,1,3,1,false,,,Sun Aug 09 2026 09:19:37 GMT-0400 (Eastern Daylight Time),Sun Aug 09 2026 09:25:49 GMT-0400 (Eastern Daylight Time),372,I was holding the long white wooden piece from the furniture box while we were assembling the frame. What did the person in the blue shirt do with the similar piece they picked up?,"[""They used it to help steady the frame while I was working."",""They walked around the room tapping it against the floor."",""They measured it against the wall near the whiteboard."",""They carried it out of the room through the doorway."",""They sat down and examined the connection points.""]",B,They walked around the room tapping it against the floor.,Jake,https://huggingface.co/datasets/lmms-lab/EgoLife/resolve/main/A1_JAKE/DAY1/DAY1_A1_JAKE_13110000.mp4,Shure,https://huggingface.co/datasets/lmms-lab/EgoLife/resolve/main/A6_SHURE/DAY1/DAY1_A6_SHURE_13110000.mp4,true,day1_4_annotated_20
egolife_rlhf_packet_ranking_v2,fc8ae24487bab271f513,day1_4_full_day_98_packets,xl6775,completed,16,EGOLIFE2U_RANDOM_PAIR_CLIP_PRUNED_DAY1_13110000_A1_A6_0-1,2,EGOLIFE2U_RANDOM_PAIR_CLIP_PRUNED_DAY1_13110000_A1_A6_0-1::candidate_04,1,3,1,false,,,Sun Aug 09 2026 09:19:37 GMT-0400 (Eastern Daylight Time),Sun Aug 09 2026 09:25:49 GMT-0400 (Eastern Daylight Time),372,I was helping assemble the white wooden frame on the floor near the table. What color shirt was the person standing nearby holding a piece of wood wearing?,"[""A light pink t-shirt"",""A white t-shirt"",""A blue t-shirt"",""A black t-shirt"",""A grey hoodie""]",C,A blue t-shirt,Jake,https://huggingface.co/datasets/lmms-lab/EgoLife/resolve/main/A1_JAKE/DAY1/DAY1_A1_JAKE_13110000.mp4,Shure,https://huggingface.co/datasets/lmms-lab/EgoLife/resolve/main/A6_SHURE/DAY1/DAY1_A6_SHURE_13110000.mp4,true,day1_4_annotated_20
egolife_rlhf_packet_ranking_v2,fc8ae24487bab271f513,day1_4_full_day_98_packets,xl6775,completed,16,EGOLIFE2U_RANDOM_PAIR_CLIP_PRUNED_DAY1_13110000_A1_A6_0-1,3,EGOLIFE2U_RANDOM_PAIR_CLIP_PRUNED_DAY1_13110000_A1_A6_0-1::candidate_06,1,3,1,false,,,Sun Aug 09 2026 09:19:37 GMT-0400 (Eastern Daylight Time),Sun Aug 09 2026 09:25:49 GMT-0400 (Eastern Daylight Time),372,I was looking at the person in the blue shirt standing near the whiteboard. Which specific object were they holding in their hands?,"[""A black tripod"",""A white wooden dowel"",""A cardboard box"",""A white projector screen"",""A piece of furniture""]",B,A white wooden dowel,Jake,https://huggingface.co/datasets/lmms-lab/EgoLife/resolve/main/A1_JAKE/DAY1/DAY1_A1_JAKE_13110000.mp4,Shure,https://huggingface.co/datasets/lmms-lab/EgoLife/resolve/main/A6_SHURE/DAY1/DAY1_A6_SHURE_13110000.mp4,true,day1_4_annotated_20
egolife_rlhf_packet_ranking_v2,fc8ae24487bab271f513,day1_4_full_day_98_packets,xl6775,completed,16,EGOLIFE2U_RANDOM_PAIR_CLIP_PRUNED_DAY1_13110000_A1_A6_0-1,4,EGOLIFE2U_RANDOM_PAIR_CLIP_PRUNED_DAY1_13110000_A1_A6_0-1::candidate_01,1,3,1,false,,,Sun Aug 09 2026 09:19:37 GMT-0400 (Eastern Daylight Time),Sun Aug 09 2026 09:25:49 GMT-0400 (Eastern Daylight Time),372,"While we were assembling the furniture, I was focused on putting together the frame on the floor. What was the person in the blue shirt doing with the long white wooden piece they picked up from the box?","[""They were holding it up to help steady the frame I was working on."",""They were walking around the room and tapping it against the floor."",""They were measuring it against the wall near the whiteboard."",""They were carrying it out of the room through the doorway."",""They were sitting down and examining the connection points.""]",B,They were walking around the room and tapping it against the floor.,Jake,https://huggingface.co/datasets/lmms-lab/EgoLife/resolve/main/A1_JAKE/DAY1/DAY1_A1_JAKE_13110000.mp4,Shure,https://huggingface.co/datasets/lmms-lab/EgoLife/resolve/main/A6_SHURE/DAY1/DAY1_A6_SHURE_13110000.mp4,true,day1_4_annotated_20
egolife_rlhf_packet_ranking_v2,fc8ae24487bab271f513,day1_4_full_day_98_packets,xl6775,completed,16,EGOLIFE2U_RANDOM_PAIR_CLIP_PRUNED_DAY1_13110000_A1_A6_0-1,5,EGOLIFE2U_RANDOM_PAIR_CLIP_PRUNED_DAY1_13110000_A1_A6_0-1::candidate_03,1,3,1,false,,,Sun Aug 09 2026 09:19:37 GMT-0400 (Eastern Daylight Time),Sun Aug 09 2026 09:25:49 GMT-0400 (Eastern Daylight Time),372,"We were working on that white wooden frame on the floor. I was busy holding pieces together, but I need to check on the other part of the furniture we unpacked. Where did the person in the blue shirt end up placing that long brown cardboard tube?","[""They left it inside the box next to the red refrigerator."",""They set it upright against the wall near the whiteboard."",""They laid it flat on the floor near the checkered board."",""They carried it into the other room with the kitchen."",""They put it on the table with the checkered cloth.""]",C,They laid it flat on the floor near the checkered board.,Jake,https://huggingface.co/datasets/lmms-lab/EgoLife/resolve/main/A1_JAKE/DAY1/DAY1_A1_JAKE_13110000.mp4,Shure,https://huggingface.co/datasets/lmms-lab/EgoLife/resolve/main/A6_SHURE/DAY1/DAY1_A6_SHURE_13110000.mp4,true,day1_4_annotated_20
egolife_rlhf_packet_ranking_v2,fc8ae24487bab271f513,day1_4_full_day_98_packets,xl6775,completed,16,EGOLIFE2U_RANDOM_PAIR_CLIP_PRUNED_DAY1_13110000_A1_A6_0-1,6,EGOLIFE2U_RANDOM_PAIR_CLIP_PRUNED_DAY1_13110000_A1_A6_0-1::candidate_05,1,3,1,false,,,Sun Aug 09 2026 09:19:37 GMT-0400 (Eastern Daylight Time),Sun Aug 09 2026 09:25:49 GMT-0400 (Eastern Daylight Time),372,"While I was down on the floor putting together the white furniture frame with the others, I noticed a person in a blue t-shirt moving around in the background. Which piece of furniture were they standing right next to?","[""A white wardrobe"",""A white door"",""A white projector screen"",""A white refrigerator"",""A white cabinet""]",C,A white projector screen,Jake,https://huggingface.co/datasets/lmms-lab/EgoLife/resolve/main/A1_JAKE/DAY1/DAY1_A1_JAKE_13110000.mp4,Shure,https://huggingface.co/datasets/lmms-lab/EgoLife/resolve/main/A6_SHURE/DAY1/DAY1_A6_SHURE_13110000.mp4,true,day1_4_annotated_20
egolife_rlhf_packet_ranking_v2,fc8ae24487bab271f513,day1_4_full_day_98_packets,xl6775,completed,17,EGOLIFE2U_RANDOM_PAIR_CLIP_PRUNED_DAY1_13313000_A1_A5_0-1,1,EGOLIFE2U_RANDOM_PAIR_CLIP_PRUNED_DAY1_13313000_A1_A5_0-1::candidate_06,2,3,1,false,,,Sun Aug 09 2026 09:25:50 GMT-0400 (Eastern Daylight Time),Sun Aug 09 2026 09:28:59 GMT-0400 (Eastern Daylight Time),191,"When the person wearing the black long-sleeved top came over to the table where we were hanging out, what item did they pick up and carry?","[""a cardboard box"",""a silver mixing bowl"",""a plastic bag"",""a red drink cup"",""a white paper""]",A,a cardboard box,Jake,https://huggingface.co/datasets/lmms-lab/EgoLife/resolve/main/A1_JAKE/DAY1/DAY1_A1_JAKE_13313000.mp4,Katrina,https://huggingface.co/datasets/lmms-lab/EgoLife/resolve/main/A5_KATRINA/DAY1/DAY1_A5_KATRINA_13313000.mp4,true,day1_4_annotated_20
egolife_rlhf_packet_ranking_v2,fc8ae24487bab271f513,day1_4_full_day_98_packets,xl6775,completed,17,EGOLIFE2U_RANDOM_PAIR_CLIP_PRUNED_DAY1_13313000_A1_A5_0-1,2,EGOLIFE2U_RANDOM_PAIR_CLIP_PRUNED_DAY1_13313000_A1_A5_0-1::candidate_03,2,3,1,false,,,Sun Aug 09 2026 09:25:50 GMT-0400 (Eastern Daylight Time),Sun Aug 09 2026 09:28:59 GMT-0400 (Eastern Daylight Time),191,"I saw the person with pink hair and sunglasses looking at their phone while standing near the whiteboard, but I couldn't see what they were wearing on their feet. What color were the shoes or slippers they were wearing?","[""Black sneakers"",""Yellow slippers"",""White athletic shoes"",""Blue sandals"",""Red boots""]",B,Yellow slippers,Jake,https://huggingface.co/datasets/lmms-lab/EgoLife/resolve/main/A1_JAKE/DAY1/DAY1_A1_JAKE_13313000.mp4,Katrina,https://huggingface.co/datasets/lmms-lab/EgoLife/resolve/main/A5_KATRINA/DAY1/DAY1_A5_KATRINA_13313000.mp4,true,day1_4_annotated_20
egolife_rlhf_packet_ranking_v2,fc8ae24487bab271f513,day1_4_full_day_98_packets,xl6775,completed,17,EGOLIFE2U_RANDOM_PAIR_CLIP_PRUNED_DAY1_13313000_A1_A5_0-1,3,EGOLIFE2U_RANDOM_PAIR_CLIP_PRUNED_DAY1_13313000_A1_A5_0-1::candidate_01,2,1,1,false,,,Sun Aug 09 2026 09:25:50 GMT-0400 (Eastern Daylight Time),Sun Aug 09 2026 09:28:59 GMT-0400 (Eastern Daylight Time),191,"I was looking at my phone while standing near the table, but I couldn't see what the person with long dark hair was doing with the cardboard box they were holding. What was that person doing with the box?","[""Opening the box and taking items out"",""Putting items into the box"",""Carrying the box to another room"",""Taping the box shut"",""Reading the label on the box""]",B,Putting items into the box,Jake,https://huggingface.co/datasets/lmms-lab/EgoLife/resolve/main/A1_JAKE/DAY1/DAY1_A1_JAKE_13313000.mp4,Katrina,https://huggingface.co/datasets/lmms-lab/EgoLife/resolve/main/A5_KATRINA/DAY1/DAY1_A5_KATRINA_13313000.mp4,true,day1_4_annotated_20
egolife_rlhf_packet_ranking_v2,fc8ae24487bab271f513,day1_4_full_day_98_packets,xl6775,completed,17,EGOLIFE2U_RANDOM_PAIR_CLIP_PRUNED_DAY1_13313000_A1_A5_0-1,4,EGOLIFE2U_RANDOM_PAIR_CLIP_PRUNED_DAY1_13313000_A1_A5_0-1::candidate_04,2,1,1,false,,,Sun Aug 09 2026 09:25:50 GMT-0400 (Eastern Daylight Time),Sun Aug 09 2026 09:28:59 GMT-0400 (Eastern Daylight Time),191,"I see the person with the pink hair standing near the table, but from my angle I can't tell what she's wearing on her feet. What kind of footwear is she wearing?","[""Yellow socks"",""Black sneakers"",""Blue sandals"",""Red slippers"",""White boots""]",A,Yellow socks,Jake,https://huggingface.co/datasets/lmms-lab/EgoLife/resolve/main/A1_JAKE/DAY1/DAY1_A1_JAKE_13313000.mp4,Katrina,https://huggingface.co/datasets/lmms-lab/EgoLife/resolve/main/A5_KATRINA/DAY1/DAY1_A5_KATRINA_13313000.mp4,true,day1_4_annotated_20
egolife_rlhf_packet_ranking_v2,fc8ae24487bab271f513,day1_4_full_day_98_packets,xl6775,completed,17,EGOLIFE2U_RANDOM_PAIR_CLIP_PRUNED_DAY1_13313000_A1_A5_0-1,5,EGOLIFE2U_RANDOM_PAIR_CLIP_PRUNED_DAY1_13313000_A1_A5_0-1::candidate_05,2,3,1,false,,,Sun Aug 09 2026 09:25:50 GMT-0400 (Eastern Daylight Time),Sun Aug 09 2026 09:28:59 GMT-0400 (Eastern Daylight Time),191,"I'm looking at the person in the black top standing by the table with the red and white checkered cloth, but I can't see what they are holding. What kind of object are they carrying?","[""A cardboard box"",""A plastic water bottle"",""A metal mixing bowl"",""A wooden chair"",""A white sheet of paper""]",A,A cardboard box,Jake,https://huggingface.co/datasets/lmms-lab/EgoLife/resolve/main/A1_JAKE/DAY1/DAY1_A1_JAKE_13313000.mp4,Katrina,https://huggingface.co/datasets/lmms-lab/EgoLife/resolve/main/A5_KATRINA/DAY1/DAY1_A5_KATRINA_13313000.mp4,true,day1_4_annotated_20
egolife_rlhf_packet_ranking_v2,fc8ae24487bab271f513,day1_4_full_day_98_packets,xl6775,completed,17,EGOLIFE2U_RANDOM_PAIR_CLIP_PRUNED_DAY1_13313000_A1_A5_0-1,6,EGOLIFE2U_RANDOM_PAIR_CLIP_PRUNED_DAY1_13313000_A1_A5_0-1::candidate_02,3,2,2,false,,,Sun Aug 09 2026 09:25:50 GMT-0400 (Eastern Daylight Time),Sun Aug 09 2026 09:28:59 GMT-0400 (Eastern Daylight Time),191,"I noticed a large stuffed toy animal on the floor in the room with the red refrigerator, but it was too far away for me to see the details clearly. What kind of animal was that stuffed toy?","[""A stuffed giraffe"",""A stuffed elephant"",""A stuffed horse"",""A stuffed bear"",""A stuffed rabbit""]",B,A stuffed elephant,Jake,https://huggingface.co/datasets/lmms-lab/EgoLife/resolve/main/A1_JAKE/DAY1/DAY1_A1_JAKE_13313000.mp4,Katrina,https://huggingface.co/datasets/lmms-lab/EgoLife/resolve/main/A5_KATRINA/DAY1/DAY1_A5_KATRINA_13313000.mp4,true,day1_4_annotated_20
egolife_rlhf_packet_ranking_v2,fc8ae24487bab271f513,day1_4_full_day_98_packets,xl6775,completed,18,EGOLIFE2U_RANDOM_PAIR_CLIP_PRUNED_DAY1_13390000_A2_A4_0-1,1,EGOLIFE2U_RANDOM_PAIR_CLIP_PRUNED_DAY1_13390000_A2_A4_0-1::candidate_05,3,2,2,false,,,Sun Aug 09 2026 09:29:01 GMT-0400 (Eastern Daylight Time),Sun Aug 09 2026 09:34:21 GMT-0400 (Eastern Daylight Time),321,"I noticed a person in a blue shirt standing by the counter near the window, but from my seat at the table, I couldn't see what they were doing. What was that person doing?","[""Washing dishes in the sink"",""Preparing food or handling items on the counter"",""Looking out the window at the patio"",""Talking on a mobile phone"",""Cleaning the window glass""]",B,Preparing food or handling items on the counter,Alice,https://huggingface.co/datasets/lmms-lab/EgoLife/resolve/main/A2_ALICE/DAY1/DAY1_A2_ALICE_13390000.mp4,Lucia,https://huggingface.co/datasets/lmms-lab/EgoLife/resolve/main/A4_LUCIA/DAY1/DAY1_A4_LUCIA_13390000.mp4,true,day1_4_annotated_20
egolife_rlhf_packet_ranking_v2,fc8ae24487bab271f513,day1_4_full_day_98_packets,xl6775,completed,18,EGOLIFE2U_RANDOM_PAIR_CLIP_PRUNED_DAY1_13390000_A2_A4_0-1,2,EGOLIFE2U_RANDOM_PAIR_CLIP_PRUNED_DAY1_13390000_A2_A4_0-1::candidate_06,2,2,1,false,,,Sun Aug 09 2026 09:29:01 GMT-0400 (Eastern Daylight Time),Sun Aug 09 2026 09:34:21 GMT-0400 (Eastern Daylight Time),321,"I saw the person in the blue shirt standing by the counter near the window, but I couldn't see what they were working on. What item were they handling on the counter?","[""A large white rectangular box"",""A silver metal mixing bowl"",""A red plastic container"",""A green glass bottle"",""A stack of wooden chairs""]",A,A large white rectangular box,Alice,https://huggingface.co/datasets/lmms-lab/EgoLife/resolve/main/A2_ALICE/DAY1/DAY1_A2_ALICE_13390000.mp4,Lucia,https://huggingface.co/datasets/lmms-lab/EgoLife/resolve/main/A4_LUCIA/DAY1/DAY1_A4_LUCIA_13390000.mp4,true,day1_4_annotated_20
egolife_rlhf_packet_ranking_v2,fc8ae24487bab271f513,day1_4_full_day_98_packets,xl6775,completed,18,EGOLIFE2U_RANDOM_PAIR_CLIP_PRUNED_DAY1_13390000_A2_A4_0-1,3,EGOLIFE2U_RANDOM_PAIR_CLIP_PRUNED_DAY1_13390000_A2_A4_0-1::candidate_02,2,3,1,false,,,Sun Aug 09 2026 09:29:01 GMT-0400 (Eastern Daylight Time),Sun Aug 09 2026 09:34:21 GMT-0400 (Eastern Daylight Time),321,I saw someone standing by the red refrigerator in the background while I was at the table. Which of these describes what they were wearing?,"[""A pink t-shirt and grey sweatpants"",""A black long-sleeved top and dark jeans"",""A blue t-shirt and light beige shorts"",""A blue and white floral patterned dress"",""A white button-down shirt""]",A,A pink t-shirt and grey sweatpants,Alice,https://huggingface.co/datasets/lmms-lab/EgoLife/resolve/main/A2_ALICE/DAY1/DAY1_A2_ALICE_13390000.mp4,Lucia,https://huggingface.co/datasets/lmms-lab/EgoLife/resolve/main/A4_LUCIA/DAY1/DAY1_A4_LUCIA_13390000.mp4,true,day1_4_annotated_20
egolife_rlhf_packet_ranking_v2,fc8ae24487bab271f513,day1_4_full_day_98_packets,xl6775,completed,18,EGOLIFE2U_RANDOM_PAIR_CLIP_PRUNED_DAY1_13390000_A2_A4_0-1,4,EGOLIFE2U_RANDOM_PAIR_CLIP_PRUNED_DAY1_13390000_A2_A4_0-1::candidate_01,2,3,1,false,,,Sun Aug 09 2026 09:29:01 GMT-0400 (Eastern Daylight Time),Sun Aug 09 2026 09:34:21 GMT-0400 (Eastern Daylight Time),321,"When I was sitting at the table with the checkered cloth, I noticed someone standing in the kitchen area near the window. Which person was standing right next to the person wearing a blue shirt?","[""The person wearing a pink shirt"",""The person wearing a black top"",""The person wearing a white shirt"",""The person wearing a green dress"",""The person wearing a grey shirt""]",B,The person wearing a black top,Alice,https://huggingface.co/datasets/lmms-lab/EgoLife/resolve/main/A2_ALICE/DAY1/DAY1_A2_ALICE_13390000.mp4,Lucia,https://huggingface.co/datasets/lmms-lab/EgoLife/resolve/main/A4_LUCIA/DAY1/DAY1_A4_LUCIA_13390000.mp4,true,day1_4_annotated_20
egolife_rlhf_packet_ranking_v2,fc8ae24487bab271f513,day1_4_full_day_98_packets,xl6775,completed,18,EGOLIFE2U_RANDOM_PAIR_CLIP_PRUNED_DAY1_13390000_A2_A4_0-1,5,EGOLIFE2U_RANDOM_PAIR_CLIP_PRUNED_DAY1_13390000_A2_A4_0-1::candidate_04,3,3,3,false,,,Sun Aug 09 2026 09:29:01 GMT-0400 (Eastern Daylight Time),Sun Aug 09 2026 09:34:21 GMT-0400 (Eastern Daylight Time),321,"I was moving around the kitchen area near the trash bin and noticed a small yellow bucket on the floor, but I couldn't see clearly what was inside. What kind of container was it holding?","[""A clear plastic trash bag"",""A stack of folded towels"",""A set of cooking utensils"",""A bag of dog food"",""A pile of cardboard boxes""]",A,A clear plastic trash bag,Alice,https://huggingface.co/datasets/lmms-lab/EgoLife/resolve/main/A2_ALICE/DAY1/DAY1_A2_ALICE_13390000.mp4,Lucia,https://huggingface.co/datasets/lmms-lab/EgoLife/resolve/main/A4_LUCIA/DAY1/DAY1_A4_LUCIA_13390000.mp4,true,day1_4_annotated_20
egolife_rlhf_packet_ranking_v2,fc8ae24487bab271f513,day1_4_full_day_98_packets,xl6775,completed,18,EGOLIFE2U_RANDOM_PAIR_CLIP_PRUNED_DAY1_13390000_A2_A4_0-1,6,EGOLIFE2U_RANDOM_PAIR_CLIP_PRUNED_DAY1_13390000_A2_A4_0-1::candidate_03,3,3,3,false,,,Sun Aug 09 2026 09:29:01 GMT-0400 (Eastern Daylight Time),Sun Aug 09 2026 09:34:21 GMT-0400 (Eastern Daylight Time),321,"I was moving around the room near the table and noticed a small yellow bucket on the floor, but I couldn't see clearly what was inside. What kind of container was it holding?","[""A clear plastic trash bag"",""A stack of folded towels"",""A set of cooking utensils"",""A bag of dog food"",""A pile of cardboard boxes""]",A,A clear plastic trash bag,Alice,https://huggingface.co/datasets/lmms-lab/EgoLife/resolve/main/A2_ALICE/DAY1/DAY1_A2_ALICE_13390000.mp4,Lucia,https://huggingface.co/datasets/lmms-lab/EgoLife/resolve/main/A4_LUCIA/DAY1/DAY1_A4_LUCIA_13390000.mp4,true,day1_4_annotated_20
egolife_rlhf_packet_ranking_v2,fc8ae24487bab271f513,day1_4_full_day_98_packets,xl6775,completed,19,EGOLIFE2U_RANDOM_PAIR_CLIP_PRUNED_DAY1_13483000_A4_A6_0-1,1,EGOLIFE2U_RANDOM_PAIR_CLIP_PRUNED_DAY1_13483000_A4_A6_0-1::candidate_05,3,1,2,false,,,Sun Aug 09 2026 09:34:22 GMT-0400 (Eastern Daylight Time),Sun Aug 09 2026 09:39:20 GMT-0400 (Eastern Daylight Time),300,"I was looking at the whiteboard in the room with the cat pictures, but I couldn't see the very bottom part of the writing. What was the last item listed on the bottom left of that board?","[""A handwritten list of names"",""A drawing of a smartphone"",""A large question mark"",""A set of mathematical equations"",""A small map of the area""]",B,A drawing of a smartphone,Lucia,https://huggingface.co/datasets/lmms-lab/EgoLife/resolve/main/A4_LUCIA/DAY1/DAY1_A4_LUCIA_13483000.mp4,Shure,https://huggingface.co/datasets/lmms-lab/EgoLife/resolve/main/A6_SHURE/DAY1/DAY1_A6_SHURE_13483000.mp4,true,day1_4_annotated_20
egolife_rlhf_packet_ranking_v2,fc8ae24487bab271f513,day1_4_full_day_98_packets,xl6775,completed,19,EGOLIFE2U_RANDOM_PAIR_CLIP_PRUNED_DAY1_13483000_A4_A6_0-1,2,EGOLIFE2U_RANDOM_PAIR_CLIP_PRUNED_DAY1_13483000_A4_A6_0-1::candidate_02,3,3,3,false,,,Sun Aug 09 2026 09:34:22 GMT-0400 (Eastern Daylight Time),Sun Aug 09 2026 09:39:20 GMT-0400 (Eastern Daylight Time),300,"I was at the table with the checkered cloth and saw the person with pink hair standing near the whiteboard, but I couldn't read what was written on it. What was the list on the whiteboard about?","[""A list of food items and recipes"",""A schedule for the day's meetings"",""A grocery shopping list"",""A set of math equations"",""A list of movie titles""]",A,A list of food items and recipes,Lucia,https://huggingface.co/datasets/lmms-lab/EgoLife/resolve/main/A4_LUCIA/DAY1/DAY1_A4_LUCIA_13483000.mp4,Shure,https://huggingface.co/datasets/lmms-lab/EgoLife/resolve/main/A6_SHURE/DAY1/DAY1_A6_SHURE_13483000.mp4,true,day1_4_annotated_20
egolife_rlhf_packet_ranking_v2,fc8ae24487bab271f513,day1_4_full_day_98_packets,xl6775,completed,19,EGOLIFE2U_RANDOM_PAIR_CLIP_PRUNED_DAY1_13483000_A4_A6_0-1,3,EGOLIFE2U_RANDOM_PAIR_CLIP_PRUNED_DAY1_13483000_A4_A6_0-1::candidate_04,3,3,2,false,,,Sun Aug 09 2026 09:34:22 GMT-0400 (Eastern Daylight Time),Sun Aug 09 2026 09:39:20 GMT-0400 (Eastern Daylight Time),300,I'm trying to remember the setup in the room with the whiteboard and the cat pictures on the wall. What yellow item was sitting on top of the green shelving unit near the air conditioner?,"[""A yellow sun-shaped plush toy"",""A yellow potted plant"",""A yellow lamp"",""A yellow hat"",""A yellow box""]",A,A yellow sun-shaped plush toy,Lucia,https://huggingface.co/datasets/lmms-lab/EgoLife/resolve/main/A4_LUCIA/DAY1/DAY1_A4_LUCIA_13483000.mp4,Shure,https://huggingface.co/datasets/lmms-lab/EgoLife/resolve/main/A6_SHURE/DAY1/DAY1_A6_SHURE_13483000.mp4,true,day1_4_annotated_20
egolife_rlhf_packet_ranking_v2,fc8ae24487bab271f513,day1_4_full_day_98_packets,xl6775,completed,19,EGOLIFE2U_RANDOM_PAIR_CLIP_PRUNED_DAY1_13483000_A4_A6_0-1,4,EGOLIFE2U_RANDOM_PAIR_CLIP_PRUNED_DAY1_13483000_A4_A6_0-1::candidate_03,3,3,2,false,,,Sun Aug 09 2026 09:34:22 GMT-0400 (Eastern Daylight Time),Sun Aug 09 2026 09:39:20 GMT-0400 (Eastern Daylight Time),300,"I was at the table with the checkered cloth and saw the person with pink hair standing near the whiteboard, but I couldn't see the whole wall clearly from my angle. What was sitting on top of the green shelving unit that was next to the whiteboard?","[""A large yellow plush toy shaped like a sun"",""A small potted plant with broad green leaves"",""A stack of books and a picture frame"",""A red box and a black cable"",""A white paper towel roll and a spray bottle""]",A,A large yellow plush toy shaped like a sun,Lucia,https://huggingface.co/datasets/lmms-lab/EgoLife/resolve/main/A4_LUCIA/DAY1/DAY1_A4_LUCIA_13483000.mp4,Shure,https://huggingface.co/datasets/lmms-lab/EgoLife/resolve/main/A6_SHURE/DAY1/DAY1_A6_SHURE_13483000.mp4,true,day1_4_annotated_20
egolife_rlhf_packet_ranking_v2,fc8ae24487bab271f513,day1_4_full_day_98_packets,xl6775,completed,19,EGOLIFE2U_RANDOM_PAIR_CLIP_PRUNED_DAY1_13483000_A4_A6_0-1,5,EGOLIFE2U_RANDOM_PAIR_CLIP_PRUNED_DAY1_13483000_A4_A6_0-1::candidate_06,3,3,2,false,,,Sun Aug 09 2026 09:34:22 GMT-0400 (Eastern Daylight Time),Sun Aug 09 2026 09:39:20 GMT-0400 (Eastern Daylight Time),300,"I saw the person with pink hair standing near the whiteboard in the room with the cat pictures, but I couldn't see what they were holding. What item was that person holding in their hand?","[""A pen or marker"",""A smartphone"",""A black eraser"",""A pair of scissors"",""A white piece of paper""]",B,A smartphone,Lucia,https://huggingface.co/datasets/lmms-lab/EgoLife/resolve/main/A4_LUCIA/DAY1/DAY1_A4_LUCIA_13483000.mp4,Shure,https://huggingface.co/datasets/lmms-lab/EgoLife/resolve/main/A6_SHURE/DAY1/DAY1_A6_SHURE_13483000.mp4,true,day1_4_annotated_20
egolife_rlhf_packet_ranking_v2,fc8ae24487bab271f513,day1_4_full_day_98_packets,xl6775,completed,19,EGOLIFE2U_RANDOM_PAIR_CLIP_PRUNED_DAY1_13483000_A4_A6_0-1,6,EGOLIFE2U_RANDOM_PAIR_CLIP_PRUNED_DAY1_13483000_A4_A6_0-1::candidate_01,2,3,1,false,,,Sun Aug 09 2026 09:34:22 GMT-0400 (Eastern Daylight Time),Sun Aug 09 2026 09:39:20 GMT-0400 (Eastern Daylight Time),300,"I was looking at my phone while sitting at the table with the checkered cloth, and I noticed someone standing near the whiteboard in the room. What color shirt was the person standing right next to the whiteboard wearing?","[""A white t-shirt"",""A blue t-shirt"",""A pink t-shirt"",""A light-colored button-down shirt"",""A dark green shirt""]",A,A white t-shirt,Lucia,https://huggingface.co/datasets/lmms-lab/EgoLife/resolve/main/A4_LUCIA/DAY1/DAY1_A4_LUCIA_13483000.mp4,Shure,https://huggingface.co/datasets/lmms-lab/EgoLife/resolve/main/A6_SHURE/DAY1/DAY1_A6_SHURE_13483000.mp4,true,day1_4_annotated_20
egolife_rlhf_packet_ranking_v2,fc8ae24487bab271f513,day1_4_full_day_98_packets,xl6775,completed,20,EGOLIFE2U_RANDOM_PAIR_CLIP_PRUNED_DAY1_14100000_A3_A6_0-1,1,EGOLIFE2U_RANDOM_PAIR_CLIP_PRUNED_DAY1_14100000_A3_A6_0-1::candidate_06,2,2,2,false,,,Sun Aug 09 2026 09:39:21 GMT-0400 (Eastern Daylight Time),Sun Aug 09 2026 09:43:58 GMT-0400 (Eastern Daylight Time),279,I was sitting in the room with the whiteboard and couldn't see what was beyond the door where everyone was heading. Did we end up going out to the balcony with the umbrellas?,"[""Yes, we went out onto the balcony with the umbrellas."",""No, we stayed inside the room with the whiteboard."",""No, we went into the bedroom with the guitar case."",""Yes, we went to the kitchen area near the window."",""No, we went to the dining table with the checkered cloth.""]",A,"Yes, we went out onto the balcony with the umbrellas.",Tasha,https://huggingface.co/datasets/lmms-lab/EgoLife/resolve/main/A3_TASHA/DAY1/DAY1_A3_TASHA_14100000.mp4,Shure,https://huggingface.co/datasets/lmms-lab/EgoLife/resolve/main/A6_SHURE/DAY1/DAY1_A6_SHURE_14100000.mp4,true,day1_4_annotated_20
egolife_rlhf_packet_ranking_v2,fc8ae24487bab271f513,day1_4_full_day_98_packets,xl6775,completed,20,EGOLIFE2U_RANDOM_PAIR_CLIP_PRUNED_DAY1_14100000_A3_A6_0-1,2,EGOLIFE2U_RANDOM_PAIR_CLIP_PRUNED_DAY1_14100000_A3_A6_0-1::candidate_05,3,3,2,false,,,Sun Aug 09 2026 09:39:21 GMT-0400 (Eastern Daylight Time),Sun Aug 09 2026 09:43:58 GMT-0400 (Eastern Daylight Time),279,"I was looking down at my phone while people were moving around the room, but I couldn't see the exit. Where did the person in the blue shirt go after they were standing near the whiteboard?","[""They stayed in the room and stood by the whiteboard."",""They walked out of the room onto the outdoor wooden deck."",""They went into the bedroom with the guitar case."",""They walked behind the dining table with the checkered cloth."",""They went to the kitchen area near the window.""]",B,They walked out of the room onto the outdoor wooden deck.,Tasha,https://huggingface.co/datasets/lmms-lab/EgoLife/resolve/main/A3_TASHA/DAY1/DAY1_A3_TASHA_14100000.mp4,Shure,https://huggingface.co/datasets/lmms-lab/EgoLife/resolve/main/A6_SHURE/DAY1/DAY1_A6_SHURE_14100000.mp4,true,day1_4_annotated_20
egolife_rlhf_packet_ranking_v2,fc8ae24487bab271f513,day1_4_full_day_98_packets,xl6775,completed,20,EGOLIFE2U_RANDOM_PAIR_CLIP_PRUNED_DAY1_14100000_A3_A6_0-1,3,EGOLIFE2U_RANDOM_PAIR_CLIP_PRUNED_DAY1_14100000_A3_A6_0-1::candidate_04,2,2,2,false,,,Sun Aug 09 2026 09:39:21 GMT-0400 (Eastern Daylight Time),Sun Aug 09 2026 09:43:58 GMT-0400 (Eastern Daylight Time),279,"I was sitting at the table with the checkered cloth while others were moving around, but I didn't notice where the person in the blue shirt went. Which of these places did that person end up at?","[""On the wooden deck outside with the umbrella"",""Inside the bedroom with the white pegboard"",""Standing by the whiteboard in the living room"",""Sitting at the table with me"",""In the kitchen area near the window""]",A,On the wooden deck outside with the umbrella,Tasha,https://huggingface.co/datasets/lmms-lab/EgoLife/resolve/main/A3_TASHA/DAY1/DAY1_A3_TASHA_14100000.mp4,Shure,https://huggingface.co/datasets/lmms-lab/EgoLife/resolve/main/A6_SHURE/DAY1/DAY1_A6_SHURE_14100000.mp4,true,day1_4_annotated_20
egolife_rlhf_packet_ranking_v2,fc8ae24487bab271f513,day1_4_full_day_98_packets,xl6775,completed,20,EGOLIFE2U_RANDOM_PAIR_CLIP_PRUNED_DAY1_14100000_A3_A6_0-1,4,EGOLIFE2U_RANDOM_PAIR_CLIP_PRUNED_DAY1_14100000_A3_A6_0-1::candidate_02,2,2,1,false,,,Sun Aug 09 2026 09:39:21 GMT-0400 (Eastern Daylight Time),Sun Aug 09 2026 09:43:58 GMT-0400 (Eastern Daylight Time),279,"I saw the person in the blue t-shirt and beige shorts standing in the living room near the doorway. When that person eventually stepped outside onto the balcony, what were they carrying in their hands?","[""two red plastic bags"",""a white cardboard box"",""a black plastic trash bag"",""a guitar case"",""a wooden chair""]",A,two red plastic bags,Tasha,https://huggingface.co/datasets/lmms-lab/EgoLife/resolve/main/A3_TASHA/DAY1/DAY1_A3_TASHA_14100000.mp4,Shure,https://huggingface.co/datasets/lmms-lab/EgoLife/resolve/main/A6_SHURE/DAY1/DAY1_A6_SHURE_14100000.mp4,true,day1_4_annotated_20
egolife_rlhf_packet_ranking_v2,fc8ae24487bab271f513,day1_4_full_day_98_packets,xl6775,completed,20,EGOLIFE2U_RANDOM_PAIR_CLIP_PRUNED_DAY1_14100000_A3_A6_0-1,5,EGOLIFE2U_RANDOM_PAIR_CLIP_PRUNED_DAY1_14100000_A3_A6_0-1::candidate_01,2,3,1,false,,,Sun Aug 09 2026 09:39:21 GMT-0400 (Eastern Daylight Time),Sun Aug 09 2026 09:43:58 GMT-0400 (Eastern Daylight Time),279,"I was looking down at my phone and saw a man in a blue t-shirt and beige shorts standing near the door in the living room. Later, I noticed he was heading out to the balcony. Which of the following items was he carrying in his hand when he stepped outside?","[""a black plastic trash bag"",""a red plastic bag"",""a white cardboard box"",""a guitar case"",""a wooden chair""]",B,a red plastic bag,Tasha,https://huggingface.co/datasets/lmms-lab/EgoLife/resolve/main/A3_TASHA/DAY1/DAY1_A3_TASHA_14100000.mp4,Shure,https://huggingface.co/datasets/lmms-lab/EgoLife/resolve/main/A6_SHURE/DAY1/DAY1_A6_SHURE_14100000.mp4,true,day1_4_annotated_20
egolife_rlhf_packet_ranking_v2,fc8ae24487bab271f513,day1_4_full_day_98_packets,xl6775,completed,20,EGOLIFE2U_RANDOM_PAIR_CLIP_PRUNED_DAY1_14100000_A3_A6_0-1,6,EGOLIFE2U_RANDOM_PAIR_CLIP_PRUNED_DAY1_14100000_A3_A6_0-1::candidate_03,2,2,1,false,,,Sun Aug 09 2026 09:39:21 GMT-0400 (Eastern Daylight Time),Sun Aug 09 2026 09:43:58 GMT-0400 (Eastern Daylight Time),279,"I was sitting in the living room and saw the person in the blue t-shirt standing by the door. When that person eventually went outside onto the deck, what were they carrying in their hands?","[""two red plastic bags"",""a white cardboard box"",""a black plastic trash bag"",""a guitar case"",""a wooden chair""]",A,two red plastic bags,Tasha,https://huggingface.co/datasets/lmms-lab/EgoLife/resolve/main/A3_TASHA/DAY1/DAY1_A3_TASHA_14100000.mp4,Shure,https://huggingface.co/datasets/lmms-lab/EgoLife/resolve/main/A6_SHURE/DAY1/DAY1_A6_SHURE_14100000.mp4,true,day1_4_annotated_20
egolife_rlhf_packet_ranking_v4,dbea4d3c4ab21c99f39c,day5_7_full_100,HM,completed,1,EGOLIFE2U_RANDOM_PAIR_CLIP_PRUNED_DAY5_11073000_A1_A6_0-1,1,EGOLIFE2U_RANDOM_PAIR_CLIP_PRUNED_DAY5_11073000_A1_A6_0-1::candidate_03,2,3,2,false,,,Thu Aug 06 2026 10:13:22 GMT-0400 (Eastern Daylight Time),Thu Aug 06 2026 10:26:03 GMT-0400 (Eastern Daylight Time),3445,I was lying in bed using my laptop. What was the screen of the second laptop on the desk in the room with the large projector screen showing?,"[""A download progress bar and a thank you message"",""A video streaming window"",""A spreadsheet with columns of data"",""A desktop background with several icons"",""A web browser with multiple open tabs""]",A,A download progress bar and a thank you message,Jake,https://huggingface.co/datasets/lmms-lab/EgoLife/resolve/main/A1_JAKE/DAY5/DAY5_A1_JAKE_11073000.mp4,Shure,https://huggingface.co/datasets/lmms-lab/EgoLife/resolve/main/A6_SHURE/DAY5/DAY5_A6_SHURE_11073000.mp4,true,day5_7_first_50
egolife_rlhf_packet_ranking_v4,dbea4d3c4ab21c99f39c,day5_7_full_100,HM,completed,1,EGOLIFE2U_RANDOM_PAIR_CLIP_PRUNED_DAY5_11073000_A1_A6_0-1,2,EGOLIFE2U_RANDOM_PAIR_CLIP_PRUNED_DAY5_11073000_A1_A6_0-1::candidate_05,2,3,2,false,,,Thu Aug 06 2026 10:13:22 GMT-0400 (Eastern Daylight Time),Thu Aug 06 2026 10:26:03 GMT-0400 (Eastern Daylight Time),3445,"While I was typing on my laptop in bed, I was wondering about the setup in the other room. Is the laptop on the desk in the room with the projector screen currently open and in use, or is it closed?","[""The laptop is closed and sitting on the desk."",""The laptop is open, displaying a screen, and someone is using the trackpad."",""The laptop is open but turned off with a black screen."",""The laptop is closed, but a tablet is open on the desk instead."",""There is no laptop on the desk in that room.""]",B,"The laptop is open, displaying a screen, and someone is using the trackpad.",Jake,https://huggingface.co/datasets/lmms-lab/EgoLife/resolve/main/A1_JAKE/DAY5/DAY5_A1_JAKE_11073000.mp4,Shure,https://huggingface.co/datasets/lmms-lab/EgoLife/resolve/main/A6_SHURE/DAY5/DAY5_A6_SHURE_11073000.mp4,true,day5_7_first_50
egolife_rlhf_packet_ranking_v4,dbea4d3c4ab21c99f39c,day5_7_full_100,HM,completed,1,EGOLIFE2U_RANDOM_PAIR_CLIP_PRUNED_DAY5_11073000_A1_A6_0-1,3,EGOLIFE2U_RANDOM_PAIR_CLIP_PRUNED_DAY5_11073000_A1_A6_0-1::candidate_02,2,3,2,false,,,Thu Aug 06 2026 10:13:22 GMT-0400 (Eastern Daylight Time),Thu Aug 06 2026 10:26:03 GMT-0400 (Eastern Daylight Time),3445,I was lying in bed using my laptop. What was the screen of the laptop on the desk in the room with the large projector screen showing?,"[""A download progress bar and a thank you message"",""A video streaming window"",""A spreadsheet with columns of data"",""A desktop background with several icons"",""A web browser with multiple open tabs""]",A,A download progress bar and a thank you message,Jake,https://huggingface.co/datasets/lmms-lab/EgoLife/resolve/main/A1_JAKE/DAY5/DAY5_A1_JAKE_11073000.mp4,Shure,https://huggingface.co/datasets/lmms-lab/EgoLife/resolve/main/A6_SHURE/DAY5/DAY5_A6_SHURE_11073000.mp4,true,day5_7_first_50
egolife_rlhf_packet_ranking_v4,dbea4d3c4ab21c99f39c,day5_7_full_100,HM,completed,1,EGOLIFE2U_RANDOM_PAIR_CLIP_PRUNED_DAY5_11073000_A1_A6_0-1,4,EGOLIFE2U_RANDOM_PAIR_CLIP_PRUNED_DAY5_11073000_A1_A6_0-1::candidate_06,3,3,2,false,,,Thu Aug 06 2026 10:13:22 GMT-0400 (Eastern Daylight Time),Thu Aug 06 2026 10:26:03 GMT-0400 (Eastern Daylight Time),3445,"I'm working on my laptop in the bedroom, but I can't see the desk in the room with the big projector screen. Is the laptop sitting on that desk currently open with a screen display, or is it closed?","[""The laptop is closed and sitting on the desk."",""The laptop is open, displaying a screen, and someone is using the trackpad."",""The laptop is open but turned off with a black screen."",""The laptop is closed, but a tablet is open on the desk instead."",""There is no laptop on the desk in that room.""]",B,"The laptop is open, displaying a screen, and someone is using the trackpad.",Jake,https://huggingface.co/datasets/lmms-lab/EgoLife/resolve/main/A1_JAKE/DAY5/DAY5_A1_JAKE_11073000.mp4,Shure,https://huggingface.co/datasets/lmms-lab/EgoLife/resolve/main/A6_SHURE/DAY5/DAY5_A6_SHURE_11073000.mp4,true,day5_7_first_50
egolife_rlhf_packet_ranking_v4,dbea4d3c4ab21c99f39c,day5_7_full_100,HM,completed,1,EGOLIFE2U_RANDOM_PAIR_CLIP_PRUNED_DAY5_11073000_A1_A6_0-1,5,EGOLIFE2U_RANDOM_PAIR_CLIP_PRUNED_DAY5_11073000_A1_A6_0-1::candidate_04,2,1,2,false,,,Thu Aug 06 2026 10:13:22 GMT-0400 (Eastern Daylight Time),Thu Aug 06 2026 10:26:03 GMT-0400 (Eastern Daylight Time),3445,"I was lying in bed working on my laptop, but I couldn't see the details of the room behind me. What was displayed on the screen of the laptop sitting on the desk in the room with the projector screen?","[""A download progress bar and a thank you message"",""A video streaming window"",""A spreadsheet with columns of data"",""A desktop background with several icons"",""A web browser with multiple open tabs""]",A,A download progress bar and a thank you message,Jake,https://huggingface.co/datasets/lmms-lab/EgoLife/resolve/main/A1_JAKE/DAY5/DAY5_A1_JAKE_11073000.mp4,Shure,https://huggingface.co/datasets/lmms-lab/EgoLife/resolve/main/A6_SHURE/DAY5/DAY5_A6_SHURE_11073000.mp4,true,day5_7_first_50
egolife_rlhf_packet_ranking_v4,dbea4d3c4ab21c99f39c,day5_7_full_100,HM,completed,1,EGOLIFE2U_RANDOM_PAIR_CLIP_PRUNED_DAY5_11073000_A1_A6_0-1,6,EGOLIFE2U_RANDOM_PAIR_CLIP_PRUNED_DAY5_11073000_A1_A6_0-1::candidate_01,3,3,1,false,,,Thu Aug 06 2026 10:13:22 GMT-0400 (Eastern Daylight Time),Thu Aug 06 2026 10:26:03 GMT-0400 (Eastern Daylight Time),3445,"I'm trying to remember what was sitting on the desk in the room with the big projector screen, specifically to the left of the laptop. Was there a soda can, a white bottle, a pair of glasses, a red object, or nothing there?","[""a soda can"",""a white bottle"",""a pair of glasses"",""a red object"",""nothing""]",B,a white bottle,Jake,https://huggingface.co/datasets/lmms-lab/EgoLife/resolve/main/A1_JAKE/DAY5/DAY5_A1_JAKE_11073000.mp4,Shure,https://huggingface.co/datasets/lmms-lab/EgoLife/resolve/main/A6_SHURE/DAY5/DAY5_A6_SHURE_11073000.mp4,true,day5_7_first_50
egolife_rlhf_packet_ranking_v4,dbea4d3c4ab21c99f39c,day5_7_full_100,HM,completed,2,EGOLIFE2U_RANDOM_PAIR_CLIP_PRUNED_DAY5_11090000_A1_A6_0-1,1,EGOLIFE2U_RANDOM_PAIR_CLIP_PRUNED_DAY5_11090000_A1_A6_0-1::candidate_05,2,3,2,false,,,Thu Aug 06 2026 10:26:13 GMT-0400 (Eastern Daylight Time),Thu Aug 06 2026 15:41:49 GMT-0400 (Eastern Daylight Time),17194,I was using my laptop in bed and couldn't see what was on the other computer in the room with the projector screen. Could you tell me what was sitting directly to the left of that laptop on the desk?,"[""A pair of eyeglasses and a white bottle with a red cap"",""A pair of white wireless headphones"",""A red beverage can and a bowl of food"",""A smartphone and a black notebook"",""A white mouse and a blue keyboard""]",A,A pair of eyeglasses and a white bottle with a red cap,Jake,https://huggingface.co/datasets/lmms-lab/EgoLife/resolve/main/A1_JAKE/DAY5/DAY5_A1_JAKE_11090000.mp4,Shure,https://huggingface.co/datasets/lmms-lab/EgoLife/resolve/main/A6_SHURE/DAY5/DAY5_A6_SHURE_11090000.mp4,true,day5_7_first_50
egolife_rlhf_packet_ranking_v4,dbea4d3c4ab21c99f39c,day5_7_full_100,HM,completed,2,EGOLIFE2U_RANDOM_PAIR_CLIP_PRUNED_DAY5_11090000_A1_A6_0-1,2,EGOLIFE2U_RANDOM_PAIR_CLIP_PRUNED_DAY5_11090000_A1_A6_0-1::candidate_02,1,2,2,false,,,Thu Aug 06 2026 10:26:13 GMT-0400 (Eastern Daylight Time),Thu Aug 06 2026 15:41:49 GMT-0400 (Eastern Daylight Time),17194,"I was just relaxing in bed with my laptop, but the screen was too dark to see what was on it. On the desk in the room with the projector screen, what was being displayed on the open laptop?","[""A blank desktop background"",""A spreadsheet application"",""A web browser interface"",""A video streaming service"",""A file explorer window""]",C,A web browser interface,Jake,https://huggingface.co/datasets/lmms-lab/EgoLife/resolve/main/A1_JAKE/DAY5/DAY5_A1_JAKE_11090000.mp4,Shure,https://huggingface.co/datasets/lmms-lab/EgoLife/resolve/main/A6_SHURE/DAY5/DAY5_A6_SHURE_11090000.mp4,true,day5_7_first_50
egolife_rlhf_packet_ranking_v4,dbea4d3c4ab21c99f39c,day5_7_full_100,HM,completed,2,EGOLIFE2U_RANDOM_PAIR_CLIP_PRUNED_DAY5_11090000_A1_A6_0-1,3,EGOLIFE2U_RANDOM_PAIR_CLIP_PRUNED_DAY5_11090000_A1_A6_0-1::candidate_06,2,2,2,false,,,Thu Aug 06 2026 10:26:13 GMT-0400 (Eastern Daylight Time),Thu Aug 06 2026 15:41:49 GMT-0400 (Eastern Daylight Time),17194,"I am lying in bed holding my laptop and looking toward the window, but I cannot see the workspace area. In the room with the projector screen, what items are sitting on the desk directly to the left of the laptop?","[""A pair of eyeglasses and a white bottle with a red cap"",""A pair of white wireless headphones and a smartphone"",""A red beverage can and a bowl of food"",""A white computer mouse and a blue notebook"",""A white mouse and a black keyboard""]",A,A pair of eyeglasses and a white bottle with a red cap,Jake,https://huggingface.co/datasets/lmms-lab/EgoLife/resolve/main/A1_JAKE/DAY5/DAY5_A1_JAKE_11090000.mp4,Shure,https://huggingface.co/datasets/lmms-lab/EgoLife/resolve/main/A6_SHURE/DAY5/DAY5_A6_SHURE_11090000.mp4,true,day5_7_first_50
egolife_rlhf_packet_ranking_v4,dbea4d3c4ab21c99f39c,day5_7_full_100,HM,completed,2,EGOLIFE2U_RANDOM_PAIR_CLIP_PRUNED_DAY5_11090000_A1_A6_0-1,4,EGOLIFE2U_RANDOM_PAIR_CLIP_PRUNED_DAY5_11090000_A1_A6_0-1::candidate_01,1,2,2,false,,,Thu Aug 06 2026 10:26:13 GMT-0400 (Eastern Daylight Time),Thu Aug 06 2026 15:41:49 GMT-0400 (Eastern Daylight Time),17194,"I was looking at my laptop while lying in bed, but the screen was too dark to see what was on it. What was being displayed on the laptop screen in the other room with the projector screen?","[""A blank desktop background"",""A spreadsheet application"",""A web browser interface"",""A video streaming service"",""A file explorer window""]",C,A web browser interface,Jake,https://huggingface.co/datasets/lmms-lab/EgoLife/resolve/main/A1_JAKE/DAY5/DAY5_A1_JAKE_11090000.mp4,Shure,https://huggingface.co/datasets/lmms-lab/EgoLife/resolve/main/A6_SHURE/DAY5/DAY5_A6_SHURE_11090000.mp4,true,day5_7_first_50
egolife_rlhf_packet_ranking_v4,dbea4d3c4ab21c99f39c,day5_7_full_100,HM,completed,2,EGOLIFE2U_RANDOM_PAIR_CLIP_PRUNED_DAY5_11090000_A1_A6_0-1,5,EGOLIFE2U_RANDOM_PAIR_CLIP_PRUNED_DAY5_11090000_A1_A6_0-1::candidate_03,1,1,2,false,,,Thu Aug 06 2026 10:26:13 GMT-0400 (Eastern Daylight Time),Thu Aug 06 2026 15:41:49 GMT-0400 (Eastern Daylight Time),17194,"I'm looking at the stickers on my laptop while lying in bed, but I can't see the whole thing clearly. What's the specific brand sticker on the laptop sitting on the desk in the room with the projector screen?","[""A sticker for a bubble tea shop"",""A sticker for a coffee chain"",""A sticker for a tech company"",""A sticker for a video game console"",""A sticker for a clothing brand""]",A,A sticker for a bubble tea shop,Jake,https://huggingface.co/datasets/lmms-lab/EgoLife/resolve/main/A1_JAKE/DAY5/DAY5_A1_JAKE_11090000.mp4,Shure,https://huggingface.co/datasets/lmms-lab/EgoLife/resolve/main/A6_SHURE/DAY5/DAY5_A6_SHURE_11090000.mp4,true,day5_7_first_50
egolife_rlhf_packet_ranking_v4,dbea4d3c4ab21c99f39c,day5_7_full_100,HM,completed,2,EGOLIFE2U_RANDOM_PAIR_CLIP_PRUNED_DAY5_11090000_A1_A6_0-1,6,EGOLIFE2U_RANDOM_PAIR_CLIP_PRUNED_DAY5_11090000_A1_A6_0-1::candidate_04,1,2,2,false,,,Thu Aug 06 2026 10:26:13 GMT-0400 (Eastern Daylight Time),Thu Aug 06 2026 15:41:49 GMT-0400 (Eastern Daylight Time),17194,"While I was lying on the bed looking at my laptop, the screen was just dark and I couldn't see the display. Could you tell me what was actually showing on the screen of the laptop sitting on the desk in the room with the projector screen?","[""A blank black screen with no content visible"",""A web browser displaying a page with text and images"",""A video player with a movie currently playing"",""A photo gallery showing a collection of pictures"",""The operating system desktop with just the background wallpaper""]",B,A web browser displaying a page with text and images,Jake,https://huggingface.co/datasets/lmms-lab/EgoLife/resolve/main/A1_JAKE/DAY5/DAY5_A1_JAKE_11090000.mp4,Shure,https://huggingface.co/datasets/lmms-lab/EgoLife/resolve/main/A6_SHURE/DAY5/DAY5_A6_SHURE_11090000.mp4,true,day5_7_first_50
egolife_rlhf_packet_ranking_v4,dbea4d3c4ab21c99f39c,day5_7_full_100,HM,completed,3,EGOLIFE2U_RANDOM_PAIR_CLIP_PRUNED_DAY5_11093000_A1_A6_0-1,1,EGOLIFE2U_RANDOM_PAIR_CLIP_PRUNED_DAY5_11093000_A1_A6_0-1::candidate_05,1,1,1,false,,,Thu Aug 06 2026 15:42:28 GMT-0400 (Eastern Daylight Time),Thu Aug 06 2026 15:52:04 GMT-0400 (Eastern Daylight Time),533,"I was lying in bed with a laptop and saw a bunch of clutter on the mattress near the wall, but the angle made it hard to tell what everything was. From your view at the desk, could you see that pile? What specific items were sitting on the bed right next to the white and blue boxes?","[""A pair of black-rimmed glasses and a large white bottle with a red cap"",""A grey messenger bag and a pair of black-rimmed glasses"",""A grey messenger bag and a large white bottle with a red cap"",""A grey messenger bag and a black laptop"",""A black laptop and a pair of black-rimmed glasses""]",B,A grey messenger bag and a pair of black-rimmed glasses,Jake,https://huggingface.co/datasets/lmms-lab/EgoLife/resolve/main/A1_JAKE/DAY5/DAY5_A1_JAKE_11093000.mp4,Shure,https://huggingface.co/datasets/lmms-lab/EgoLife/resolve/main/A6_SHURE/DAY5/DAY5_A6_SHURE_11093000.mp4,true,day5_7_first_50
egolife_rlhf_packet_ranking_v4,dbea4d3c4ab21c99f39c,day5_7_full_100,HM,completed,3,EGOLIFE2U_RANDOM_PAIR_CLIP_PRUNED_DAY5_11093000_A1_A6_0-1,2,EGOLIFE2U_RANDOM_PAIR_CLIP_PRUNED_DAY5_11093000_A1_A6_0-1::candidate_03,3,1,2,false,,,Thu Aug 06 2026 15:42:28 GMT-0400 (Eastern Daylight Time),Thu Aug 06 2026 15:52:04 GMT-0400 (Eastern Daylight Time),533,"I could see the desk with the orange mat and the white bottle from my bed, but I couldn't quite make out what else was sitting right next to the bottle. What item was lying on the mat beside it?","[""A pair of black-framed glasses"",""A white smartphone"",""A silver pen"",""A folded white piece of paper"",""A pair of wireless earbuds""]",A,A pair of black-framed glasses,Jake,https://huggingface.co/datasets/lmms-lab/EgoLife/resolve/main/A1_JAKE/DAY5/DAY5_A1_JAKE_11093000.mp4,Shure,https://huggingface.co/datasets/lmms-lab/EgoLife/resolve/main/A6_SHURE/DAY5/DAY5_A6_SHURE_11093000.mp4,true,day5_7_first_50
egolife_rlhf_packet_ranking_v4,dbea4d3c4ab21c99f39c,day5_7_full_100,HM,completed,3,EGOLIFE2U_RANDOM_PAIR_CLIP_PRUNED_DAY5_11093000_A1_A6_0-1,3,EGOLIFE2U_RANDOM_PAIR_CLIP_PRUNED_DAY5_11093000_A1_A6_0-1::candidate_04,2,3,2,false,,,Thu Aug 06 2026 15:42:28 GMT-0400 (Eastern Daylight Time),Thu Aug 06 2026 15:52:04 GMT-0400 (Eastern Daylight Time),533,"I saw a laptop screen in my bedroom, but I'm trying to remember where the other laptop was set up. Was it on the desk with the orange mat and the white bottle, or somewhere else?","[""On a desk with an orange mat and a white bottle"",""On a small white table near the doorway"",""On the floor next to the bed"",""On a chair in the corner of the room"",""On the windowsill near the curtains""]",A,On a desk with an orange mat and a white bottle,Jake,https://huggingface.co/datasets/lmms-lab/EgoLife/resolve/main/A1_JAKE/DAY5/DAY5_A1_JAKE_11093000.mp4,Shure,https://huggingface.co/datasets/lmms-lab/EgoLife/resolve/main/A6_SHURE/DAY5/DAY5_A6_SHURE_11093000.mp4,true,day5_7_first_50
egolife_rlhf_packet_ranking_v4,dbea4d3c4ab21c99f39c,day5_7_full_100,HM,completed,3,EGOLIFE2U_RANDOM_PAIR_CLIP_PRUNED_DAY5_11093000_A1_A6_0-1,4,EGOLIFE2U_RANDOM_PAIR_CLIP_PRUNED_DAY5_11093000_A1_A6_0-1::candidate_02,2,1,2,false,,,Thu Aug 06 2026 15:42:28 GMT-0400 (Eastern Daylight Time),Thu Aug 06 2026 15:52:04 GMT-0400 (Eastern Daylight Time),533,I saw the laptop on the desk with the orange mat in the other room while I was lying on the bed. What white object was sitting right next to the laptop on that desk?,"[""A white bottle with a red cap"",""A white ceramic mug"",""A pair of white wireless earbuds"",""A white smartphone"",""A white piece of paper""]",A,A white bottle with a red cap,Jake,https://huggingface.co/datasets/lmms-lab/EgoLife/resolve/main/A1_JAKE/DAY5/DAY5_A1_JAKE_11093000.mp4,Shure,https://huggingface.co/datasets/lmms-lab/EgoLife/resolve/main/A6_SHURE/DAY5/DAY5_A6_SHURE_11093000.mp4,true,day5_7_first_50
egolife_rlhf_packet_ranking_v4,dbea4d3c4ab21c99f39c,day5_7_full_100,HM,completed,3,EGOLIFE2U_RANDOM_PAIR_CLIP_PRUNED_DAY5_11093000_A1_A6_0-1,5,EGOLIFE2U_RANDOM_PAIR_CLIP_PRUNED_DAY5_11093000_A1_A6_0-1::candidate_06,1,1,1,false,,,Thu Aug 06 2026 15:42:28 GMT-0400 (Eastern Daylight Time),Thu Aug 06 2026 15:52:04 GMT-0400 (Eastern Daylight Time),533,"I was lying on the bed with my laptop and saw a desk nearby with a white bottle on it, but I couldn't tell exactly what brand it was from this angle. Looking at the desk from your perspective, what brand name is written on the label of that white bottle with the red cap?","[""A bottle with a label that says Nivea"",""A bottle with a label that says Vaseline"",""A bottle with a label that says Listerine"",""A bottle with a label that says Aquafresh"",""A bottle with a label that says Johnson's""]",C,A bottle with a label that says Listerine,Jake,https://huggingface.co/datasets/lmms-lab/EgoLife/resolve/main/A1_JAKE/DAY5/DAY5_A1_JAKE_11093000.mp4,Shure,https://huggingface.co/datasets/lmms-lab/EgoLife/resolve/main/A6_SHURE/DAY5/DAY5_A6_SHURE_11093000.mp4,true,day5_7_first_50
egolife_rlhf_packet_ranking_v4,dbea4d3c4ab21c99f39c,day5_7_full_100,HM,completed,3,EGOLIFE2U_RANDOM_PAIR_CLIP_PRUNED_DAY5_11093000_A1_A6_0-1,6,EGOLIFE2U_RANDOM_PAIR_CLIP_PRUNED_DAY5_11093000_A1_A6_0-1::candidate_01,2,1,2,false,,,Thu Aug 06 2026 15:42:28 GMT-0400 (Eastern Daylight Time),Thu Aug 06 2026 15:52:04 GMT-0400 (Eastern Daylight Time),533,I saw a laptop being used on the desk in the other room while I was lying on the bed. Was that laptop sitting on a plain wooden surface or on a desk with an orange mat?,"[""Sitting on a plain wooden surface"",""Sitting on a desk with an orange mat"",""Sitting on a glass table"",""Sitting on a white plastic tray"",""Sitting on a metal folding table""]",B,Sitting on a desk with an orange mat,Jake,https://huggingface.co/datasets/lmms-lab/EgoLife/resolve/main/A1_JAKE/DAY5/DAY5_A1_JAKE_11093000.mp4,Shure,https://huggingface.co/datasets/lmms-lab/EgoLife/resolve/main/A6_SHURE/DAY5/DAY5_A6_SHURE_11093000.mp4,true,day5_7_first_50
egolife_rlhf_packet_ranking_v4,dbea4d3c4ab21c99f39c,day5_7_full_100,HM,completed,4,EGOLIFE2U_RANDOM_PAIR_CLIP_PRUNED_DAY5_11110000_A1_A6_0-1,1,EGOLIFE2U_RANDOM_PAIR_CLIP_PRUNED_DAY5_11110000_A1_A6_0-1::candidate_01,1,3,2,false,,,Thu Aug 06 2026 15:42:59 GMT-0400 (Eastern Daylight Time),Thu Aug 06 2026 16:07:38 GMT-0400 (Eastern Daylight Time),944,I was eating something while standing in the living room with the girl in the red pants. What was the person in the other room doing at the same time?,"[""scrolling through a feed on a smartphone"",""typing on a laptop keyboard"",""watching a movie on the screen"",""drinking from a water bottle"",""cleaning a pair of glasses""]",A,scrolling through a feed on a smartphone,Jake,https://huggingface.co/datasets/lmms-lab/EgoLife/resolve/main/A1_JAKE/DAY5/DAY5_A1_JAKE_11110000.mp4,Shure,https://huggingface.co/datasets/lmms-lab/EgoLife/resolve/main/A6_SHURE/DAY5/DAY5_A6_SHURE_11110000.mp4,true,day5_7_first_50
egolife_rlhf_packet_ranking_v4,dbea4d3c4ab21c99f39c,day5_7_full_100,HM,completed,4,EGOLIFE2U_RANDOM_PAIR_CLIP_PRUNED_DAY5_11110000_A1_A6_0-1,2,EGOLIFE2U_RANDOM_PAIR_CLIP_PRUNED_DAY5_11110000_A1_A6_0-1::candidate_06,2,1,1,false,,,Thu Aug 06 2026 15:42:59 GMT-0400 (Eastern Daylight Time),Thu Aug 06 2026 16:07:38 GMT-0400 (Eastern Daylight Time),944,"I'm looking at the desk where I was sitting, and I see a white bottle with a red cap, a pair of glasses, and a laptop. Which of these items was also visible in the room where the person in red polka-dot pants was standing?","[""A white bottle with a red cap"",""A pair of glasses"",""A laptop"",""A whiteboard"",""A blue storage shelf""]",D,A whiteboard,Jake,https://huggingface.co/datasets/lmms-lab/EgoLife/resolve/main/A1_JAKE/DAY5/DAY5_A1_JAKE_11110000.mp4,Shure,https://huggingface.co/datasets/lmms-lab/EgoLife/resolve/main/A6_SHURE/DAY5/DAY5_A6_SHURE_11110000.mp4,true,day5_7_first_50
egolife_rlhf_packet_ranking_v4,dbea4d3c4ab21c99f39c,day5_7_full_100,HM,completed,4,EGOLIFE2U_RANDOM_PAIR_CLIP_PRUNED_DAY5_11110000_A1_A6_0-1,3,EGOLIFE2U_RANDOM_PAIR_CLIP_PRUNED_DAY5_11110000_A1_A6_0-1::candidate_05,2,2,2,false,,,Thu Aug 06 2026 15:42:59 GMT-0400 (Eastern Daylight Time),Thu Aug 06 2026 16:07:38 GMT-0400 (Eastern Daylight Time),944,"I was handing the small red object to the person in the red polka-dot pants standing in front of the projector screen. While I was doing that, what was the person sitting at the desk looking at?","[""A white bottle with a red cap on the desk"",""A laptop screen showing a document"",""A smartphone displaying a list of items"",""A pair of glasses resting on the desk"",""A white stool next to the desk""]",C,A smartphone displaying a list of items,Jake,https://huggingface.co/datasets/lmms-lab/EgoLife/resolve/main/A1_JAKE/DAY5/DAY5_A1_JAKE_11110000.mp4,Shure,https://huggingface.co/datasets/lmms-lab/EgoLife/resolve/main/A6_SHURE/DAY5/DAY5_A6_SHURE_11110000.mp4,true,day5_7_first_50
egolife_rlhf_packet_ranking_v4,dbea4d3c4ab21c99f39c,day5_7_full_100,HM,completed,4,EGOLIFE2U_RANDOM_PAIR_CLIP_PRUNED_DAY5_11110000_A1_A6_0-1,4,EGOLIFE2U_RANDOM_PAIR_CLIP_PRUNED_DAY5_11110000_A1_A6_0-1::candidate_04,2,3,2,false,,,Thu Aug 06 2026 15:42:59 GMT-0400 (Eastern Daylight Time),Thu Aug 06 2026 16:07:38 GMT-0400 (Eastern Daylight Time),944,"I was standing in the living room with the person in red polka-dot pants handing me a small red object. While I was holding that, what was the person sitting at the desk doing?","[""Scrolling through a list on a smartphone"",""Typing on the laptop keyboard"",""Reading a physical book"",""Drinking from a white bottle"",""Looking at a projector screen""]",A,Scrolling through a list on a smartphone,Jake,https://huggingface.co/datasets/lmms-lab/EgoLife/resolve/main/A1_JAKE/DAY5/DAY5_A1_JAKE_11110000.mp4,Shure,https://huggingface.co/datasets/lmms-lab/EgoLife/resolve/main/A6_SHURE/DAY5/DAY5_A6_SHURE_11110000.mp4,true,day5_7_first_50
egolife_rlhf_packet_ranking_v4,dbea4d3c4ab21c99f39c,day5_7_full_100,HM,completed,4,EGOLIFE2U_RANDOM_PAIR_CLIP_PRUNED_DAY5_11110000_A1_A6_0-1,5,EGOLIFE2U_RANDOM_PAIR_CLIP_PRUNED_DAY5_11110000_A1_A6_0-1::candidate_02,2,1,2,false,,,Thu Aug 06 2026 15:42:59 GMT-0400 (Eastern Daylight Time),Thu Aug 06 2026 16:07:38 GMT-0400 (Eastern Daylight Time),944,"I was sitting at my desk looking at my phone, but I couldn't see what was on the table right in front of me. What was the white bottle with a red cap sitting next to?","[""a pair of eyeglasses"",""a computer mouse"",""a black pen"",""a small notebook"",""a white mug""]",A,a pair of eyeglasses,Jake,https://huggingface.co/datasets/lmms-lab/EgoLife/resolve/main/A1_JAKE/DAY5/DAY5_A1_JAKE_11110000.mp4,Shure,https://huggingface.co/datasets/lmms-lab/EgoLife/resolve/main/A6_SHURE/DAY5/DAY5_A6_SHURE_11110000.mp4,true,day5_7_first_50
egolife_rlhf_packet_ranking_v4,dbea4d3c4ab21c99f39c,day5_7_full_100,HM,completed,4,EGOLIFE2U_RANDOM_PAIR_CLIP_PRUNED_DAY5_11110000_A1_A6_0-1,6,EGOLIFE2U_RANDOM_PAIR_CLIP_PRUNED_DAY5_11110000_A1_A6_0-1::candidate_03,2,3,2,false,,,Thu Aug 06 2026 15:42:59 GMT-0400 (Eastern Daylight Time),Thu Aug 06 2026 16:07:38 GMT-0400 (Eastern Daylight Time),944,"I was interacting with the girl in the living room, but I couldn't see what was on the desk in the other room. What was the white bottle with the red cap sitting next to?","[""a pair of eyeglasses"",""a computer mouse"",""a black pen"",""a small notebook"",""a white mug""]",A,a pair of eyeglasses,Jake,https://huggingface.co/datasets/lmms-lab/EgoLife/resolve/main/A1_JAKE/DAY5/DAY5_A1_JAKE_11110000.mp4,Shure,https://huggingface.co/datasets/lmms-lab/EgoLife/resolve/main/A6_SHURE/DAY5/DAY5_A6_SHURE_11110000.mp4,true,day5_7_first_50
egolife_rlhf_packet_ranking_v4,dbea4d3c4ab21c99f39c,day5_7_full_100,HM,completed,5,EGOLIFE2U_RANDOM_PAIR_CLIP_PRUNED_DAY5_11120000_A1_A6_0-1,1,EGOLIFE2U_RANDOM_PAIR_CLIP_PRUNED_DAY5_11120000_A1_A6_0-1::candidate_02,1,3,2,false,,,Thu Aug 06 2026 15:43:01 GMT-0400 (Eastern Daylight Time),Thu Aug 06 2026 16:18:10 GMT-0400 (Eastern Daylight Time),608,"I was in the living room looking around at the projector screen and the table, but I couldn't see the desk where you were working. What was the specific message or text displayed on your laptop screen?","[""A thank you for downloading confirmation"",""A web browser homepage with search bar"",""A spreadsheet with rows of data"",""A system update progress window"",""A video playback interface""]",A,A thank you for downloading confirmation,Jake,https://huggingface.co/datasets/lmms-lab/EgoLife/resolve/main/A1_JAKE/DAY5/DAY5_A1_JAKE_11120000.mp4,Shure,https://huggingface.co/datasets/lmms-lab/EgoLife/resolve/main/A6_SHURE/DAY5/DAY5_A6_SHURE_11120000.mp4,true,day5_7_first_50
egolife_rlhf_packet_ranking_v4,dbea4d3c4ab21c99f39c,day5_7_full_100,HM,completed,5,EGOLIFE2U_RANDOM_PAIR_CLIP_PRUNED_DAY5_11120000_A1_A6_0-1,2,EGOLIFE2U_RANDOM_PAIR_CLIP_PRUNED_DAY5_11120000_A1_A6_0-1::candidate_06,2,1,2,false,,,Thu Aug 06 2026 15:43:01 GMT-0400 (Eastern Daylight Time),Thu Aug 06 2026 16:18:10 GMT-0400 (Eastern Daylight Time),608,I was walking around the living room with the white screen and saw a red soda can sitting on the desk. What message was displayed on the laptop screen right next to that can?,"[""A video player interface"",""A thank you for downloading message"",""A social media news feed"",""A system update prompt"",""An email inbox view""]",B,A thank you for downloading message,Jake,https://huggingface.co/datasets/lmms-lab/EgoLife/resolve/main/A1_JAKE/DAY5/DAY5_A1_JAKE_11120000.mp4,Shure,https://huggingface.co/datasets/lmms-lab/EgoLife/resolve/main/A6_SHURE/DAY5/DAY5_A6_SHURE_11120000.mp4,true,day5_7_first_50
egolife_rlhf_packet_ranking_v4,dbea4d3c4ab21c99f39c,day5_7_full_100,HM,completed,5,EGOLIFE2U_RANDOM_PAIR_CLIP_PRUNED_DAY5_11120000_A1_A6_0-1,3,EGOLIFE2U_RANDOM_PAIR_CLIP_PRUNED_DAY5_11120000_A1_A6_0-1::candidate_04,2,1,2,false,,,Thu Aug 06 2026 15:43:01 GMT-0400 (Eastern Daylight Time),Thu Aug 06 2026 16:18:10 GMT-0400 (Eastern Daylight Time),608,"I was moving around the living room with the white screen, and I saw a red can sitting on the table with the flowers. What was the message on the laptop screen right next to it?","[""A video player interface"",""A thank you for downloading message"",""A social media news feed"",""A system update prompt"",""An email inbox view""]",B,A thank you for downloading message,Jake,https://huggingface.co/datasets/lmms-lab/EgoLife/resolve/main/A1_JAKE/DAY5/DAY5_A1_JAKE_11120000.mp4,Shure,https://huggingface.co/datasets/lmms-lab/EgoLife/resolve/main/A6_SHURE/DAY5/DAY5_A6_SHURE_11120000.mp4,true,day5_7_first_50
egolife_rlhf_packet_ranking_v4,dbea4d3c4ab21c99f39c,day5_7_full_100,HM,completed,5,EGOLIFE2U_RANDOM_PAIR_CLIP_PRUNED_DAY5_11120000_A1_A6_0-1,4,EGOLIFE2U_RANDOM_PAIR_CLIP_PRUNED_DAY5_11120000_A1_A6_0-1::candidate_01,1,2,2,false,,,Thu Aug 06 2026 15:43:01 GMT-0400 (Eastern Daylight Time),Thu Aug 06 2026 16:18:10 GMT-0400 (Eastern Daylight Time),608,"I was looking around the room with the projector screen and the table full of flowers, and I noticed you were sitting at a desk nearby. What was displayed on the laptop screen in front of you?","[""A video playback interface"",""A thank you for downloading page"",""A list of system settings"",""A web browser with multiple tabs"",""A photo gallery application""]",B,A thank you for downloading page,Jake,https://huggingface.co/datasets/lmms-lab/EgoLife/resolve/main/A1_JAKE/DAY5/DAY5_A1_JAKE_11120000.mp4,Shure,https://huggingface.co/datasets/lmms-lab/EgoLife/resolve/main/A6_SHURE/DAY5/DAY5_A6_SHURE_11120000.mp4,true,day5_7_first_50
egolife_rlhf_packet_ranking_v4,dbea4d3c4ab21c99f39c,day5_7_full_100,HM,completed,5,EGOLIFE2U_RANDOM_PAIR_CLIP_PRUNED_DAY5_11120000_A1_A6_0-1,5,EGOLIFE2U_RANDOM_PAIR_CLIP_PRUNED_DAY5_11120000_A1_A6_0-1::candidate_05,2,1,2,false,,,Thu Aug 06 2026 15:43:01 GMT-0400 (Eastern Daylight Time),Thu Aug 06 2026 16:18:10 GMT-0400 (Eastern Daylight Time),608,I was walking around the living room with the white screen and saw a red soda can sitting on the desk. What message was displayed on the laptop screen right next to that can?,"[""A video player interface"",""A thank you for downloading message"",""A social media news feed"",""A system update prompt"",""An email inbox view""]",B,A thank you for downloading message,Jake,https://huggingface.co/datasets/lmms-lab/EgoLife/resolve/main/A1_JAKE/DAY5/DAY5_A1_JAKE_11120000.mp4,Shure,https://huggingface.co/datasets/lmms-lab/EgoLife/resolve/main/A6_SHURE/DAY5/DAY5_A6_SHURE_11120000.mp4,true,day5_7_first_50
egolife_rlhf_packet_ranking_v4,dbea4d3c4ab21c99f39c,day5_7_full_100,HM,completed,5,EGOLIFE2U_RANDOM_PAIR_CLIP_PRUNED_DAY5_11120000_A1_A6_0-1,6,EGOLIFE2U_RANDOM_PAIR_CLIP_PRUNED_DAY5_11120000_A1_A6_0-1::candidate_03,3,1,1,false,,,Thu Aug 06 2026 15:43:01 GMT-0400 (Eastern Daylight Time),Thu Aug 06 2026 16:18:10 GMT-0400 (Eastern Daylight Time),608,"I saw a white bottle with a red cap sitting on the desk near the laptop, but I couldn't see the whole label. What was the brand name written on that bottle?","[""It said \""Nivea\"" on the front"",""It said \""Dettol\"" on the front"",""It said \""Colgate\"" on the front"",""It said \""Vaseline\"" on the front"",""It said \""Lifebuoy\"" on the front""]",B,"It said ""Dettol"" on the front",Jake,https://huggingface.co/datasets/lmms-lab/EgoLife/resolve/main/A1_JAKE/DAY5/DAY5_A1_JAKE_11120000.mp4,Shure,https://huggingface.co/datasets/lmms-lab/EgoLife/resolve/main/A6_SHURE/DAY5/DAY5_A6_SHURE_11120000.mp4,true,day5_7_first_50
egolife_rlhf_packet_ranking_v4,dbea4d3c4ab21c99f39c,day5_7_full_100,HM,completed,6,EGOLIFE2U_RANDOM_PAIR_CLIP_PRUNED_DAY5_11133000_A1_A6_0-1,1,EGOLIFE2U_RANDOM_PAIR_CLIP_PRUNED_DAY5_11133000_A1_A6_0-1::candidate_05,3,1,1,false,,,Thu Aug 06 2026 15:43:02 GMT-0400 (Eastern Daylight Time),Thu Aug 06 2026 16:35:08 GMT-0400 (Eastern Daylight Time),1016,"I was heading toward the hallway and saw the staircase going up, but I couldn't see the bottom clearly. Was there anything sitting on the floor at the base of those stairs?","[""A cardboard box was sitting on the floor"",""A pair of shoes was lined up by the door"",""The floor was completely empty"",""A pile of books was stacked against the wall"",""A plastic bag was on the ground""]",A,A cardboard box was sitting on the floor,Jake,https://huggingface.co/datasets/lmms-lab/EgoLife/resolve/main/A1_JAKE/DAY5/DAY5_A1_JAKE_11133000.mp4,Shure,https://huggingface.co/datasets/lmms-lab/EgoLife/resolve/main/A6_SHURE/DAY5/DAY5_A6_SHURE_11133000.mp4,true,day5_7_first_50
egolife_rlhf_packet_ranking_v4,dbea4d3c4ab21c99f39c,day5_7_full_100,HM,completed,6,EGOLIFE2U_RANDOM_PAIR_CLIP_PRUNED_DAY5_11133000_A1_A6_0-1,2,EGOLIFE2U_RANDOM_PAIR_CLIP_PRUNED_DAY5_11133000_A1_A6_0-1::candidate_06,1,1,1,false,,,Thu Aug 06 2026 15:43:02 GMT-0400 (Eastern Daylight Time),Thu Aug 06 2026 16:35:08 GMT-0400 (Eastern Daylight Time),1016,I saw a person walking around the living room area with the projector screen. What color pants were they wearing?,"[""Bright pink patterned pants"",""Solid black sweatpants"",""Light blue denim jeans"",""Beige chinos"",""Dark grey athletic pants""]",A,Bright pink patterned pants,Jake,https://huggingface.co/datasets/lmms-lab/EgoLife/resolve/main/A1_JAKE/DAY5/DAY5_A1_JAKE_11133000.mp4,Shure,https://huggingface.co/datasets/lmms-lab/EgoLife/resolve/main/A6_SHURE/DAY5/DAY5_A6_SHURE_11133000.mp4,true,day5_7_first_50
egolife_rlhf_packet_ranking_v4,dbea4d3c4ab21c99f39c,day5_7_full_100,HM,completed,6,EGOLIFE2U_RANDOM_PAIR_CLIP_PRUNED_DAY5_11133000_A1_A6_0-1,3,EGOLIFE2U_RANDOM_PAIR_CLIP_PRUNED_DAY5_11133000_A1_A6_0-1::candidate_01,1,1,1,false,,,Thu Aug 06 2026 15:43:02 GMT-0400 (Eastern Daylight Time),Thu Aug 06 2026 16:35:08 GMT-0400 (Eastern Daylight Time),1016,"I was looking at my messy bed with the laptop and the black bag, and then I saw someone in a white top moving around the room with the whiteboard. When I got a look at the room with the big projector screen and the wooden desk, what color pants was that person wearing?","[""Red pants with white polka dots"",""Black athletic leggings"",""Dark blue jeans"",""Beige cargo pants"",""White sweatpants""]",A,Red pants with white polka dots,Jake,https://huggingface.co/datasets/lmms-lab/EgoLife/resolve/main/A1_JAKE/DAY5/DAY5_A1_JAKE_11133000.mp4,Shure,https://huggingface.co/datasets/lmms-lab/EgoLife/resolve/main/A6_SHURE/DAY5/DAY5_A6_SHURE_11133000.mp4,true,day5_7_first_50
egolife_rlhf_packet_ranking_v4,dbea4d3c4ab21c99f39c,day5_7_full_100,HM,completed,6,EGOLIFE2U_RANDOM_PAIR_CLIP_PRUNED_DAY5_11133000_A1_A6_0-1,4,EGOLIFE2U_RANDOM_PAIR_CLIP_PRUNED_DAY5_11133000_A1_A6_0-1::candidate_03,2,1,1,false,,,Thu Aug 06 2026 15:43:02 GMT-0400 (Eastern Daylight Time),Thu Aug 06 2026 16:35:08 GMT-0400 (Eastern Daylight Time),1016,"I was in the bedroom with the white futon and laptop, and then I saw someone moving in the room with the whiteboard. When I looked over at the room with the projector screen and wooden desk, what color pants was that person wearing?","[""Red pants with white polka dots"",""Black athletic leggings"",""Dark blue jeans"",""Beige cargo pants"",""White sweatpants""]",A,Red pants with white polka dots,Jake,https://huggingface.co/datasets/lmms-lab/EgoLife/resolve/main/A1_JAKE/DAY5/DAY5_A1_JAKE_11133000.mp4,Shure,https://huggingface.co/datasets/lmms-lab/EgoLife/resolve/main/A6_SHURE/DAY5/DAY5_A6_SHURE_11133000.mp4,true,day5_7_first_50
egolife_rlhf_packet_ranking_v4,dbea4d3c4ab21c99f39c,day5_7_full_100,HM,completed,6,EGOLIFE2U_RANDOM_PAIR_CLIP_PRUNED_DAY5_11133000_A1_A6_0-1,5,EGOLIFE2U_RANDOM_PAIR_CLIP_PRUNED_DAY5_11133000_A1_A6_0-1::candidate_04,2,3,2,false,,,Thu Aug 06 2026 15:43:02 GMT-0400 (Eastern Daylight Time),Thu Aug 06 2026 16:35:08 GMT-0400 (Eastern Daylight Time),1016,"I was hanging out in the bedroom with the white sofa bed and then headed toward the hallway, but I couldn't really see what was happening in the living room with the projector screen. Did anyone happen to walk through that living room area while I was upstairs?","[""A person wearing a black t-shirt and red patterned pants walked across the room"",""A person in a white shirt was sitting at the desk"",""No one was in the living room at all"",""A person in a blue dress walked past the window"",""Someone was standing by the kitchen counter""]",A,A person wearing a black t-shirt and red patterned pants walked across the room,Jake,https://huggingface.co/datasets/lmms-lab/EgoLife/resolve/main/A1_JAKE/DAY5/DAY5_A1_JAKE_11133000.mp4,Shure,https://huggingface.co/datasets/lmms-lab/EgoLife/resolve/main/A6_SHURE/DAY5/DAY5_A6_SHURE_11133000.mp4,true,day5_7_first_50
egolife_rlhf_packet_ranking_v4,dbea4d3c4ab21c99f39c,day5_7_full_100,HM,completed,6,EGOLIFE2U_RANDOM_PAIR_CLIP_PRUNED_DAY5_11133000_A1_A6_0-1,6,EGOLIFE2U_RANDOM_PAIR_CLIP_PRUNED_DAY5_11133000_A1_A6_0-1::candidate_02,1,1,2,false,,,Thu Aug 06 2026 15:43:02 GMT-0400 (Eastern Daylight Time),Thu Aug 06 2026 16:35:08 GMT-0400 (Eastern Daylight Time),1016,"I was in my bedroom with the white futon and laptop, and then I saw someone moving in the room with the whiteboard. When I looked over at the other room with the projector screen and wooden desk, what color pants was that person wearing?","[""Red pants with white polka dots"",""Black athletic leggings"",""Dark blue jeans"",""Beige cargo pants"",""White sweatpants""]",A,Red pants with white polka dots,Jake,https://huggingface.co/datasets/lmms-lab/EgoLife/resolve/main/A1_JAKE/DAY5/DAY5_A1_JAKE_11133000.mp4,Shure,https://huggingface.co/datasets/lmms-lab/EgoLife/resolve/main/A6_SHURE/DAY5/DAY5_A6_SHURE_11133000.mp4,true,day5_7_first_50
egolife_rlhf_packet_ranking_v4,dbea4d3c4ab21c99f39c,day5_7_full_100,HM,completed,7,EGOLIFE2U_RANDOM_PAIR_CLIP_PRUNED_DAY5_11140000_A1_A6_0-1,1,EGOLIFE2U_RANDOM_PAIR_CLIP_PRUNED_DAY5_11140000_A1_A6_0-1::candidate_04,2,1,1,false,,,Thu Aug 06 2026 15:43:02 GMT-0400 (Eastern Daylight Time),Thu Aug 06 2026 16:50:09 GMT-0400 (Eastern Daylight Time),909,"I was sitting on the floor in the room with the big projector screen and whiteboard. While I was there, the person in the orange shirt walked past. Which room did they enter?","[""The room with the checkered mat on the wall and a small wooden table"",""The room with the red door and a table covered in a checkered tablecloth"",""The room with the white bed and a laptop sitting on it"",""The room with the green shelving unit and a large potted plant"",""The room with the whiteboard easel and the wicker bean bag chairs""]",C,The room with the white bed and a laptop sitting on it,Jake,https://huggingface.co/datasets/lmms-lab/EgoLife/resolve/main/A1_JAKE/DAY5/DAY5_A1_JAKE_11140000.mp4,Shure,https://huggingface.co/datasets/lmms-lab/EgoLife/resolve/main/A6_SHURE/DAY5/DAY5_A6_SHURE_11140000.mp4,true,day5_7_first_50
egolife_rlhf_packet_ranking_v4,dbea4d3c4ab21c99f39c,day5_7_full_100,HM,completed,7,EGOLIFE2U_RANDOM_PAIR_CLIP_PRUNED_DAY5_11140000_A1_A6_0-1,2,EGOLIFE2U_RANDOM_PAIR_CLIP_PRUNED_DAY5_11140000_A1_A6_0-1::candidate_01,3,2,1,false,,,Thu Aug 06 2026 15:43:02 GMT-0400 (Eastern Daylight Time),Thu Aug 06 2026 16:50:09 GMT-0400 (Eastern Daylight Time),909,"I was looking at the whiteboard with the drawings on it in the room with the large projection screen, but I couldn't see the wall behind it from my angle. What was hanging on the wall directly above the whiteboard?","[""A framed picture of a dog"",""A framed picture of a cat"",""A long framed collage of various cat faces"",""A single large poster of a cat"",""An air conditioning unit""]",C,A long framed collage of various cat faces,Jake,https://huggingface.co/datasets/lmms-lab/EgoLife/resolve/main/A1_JAKE/DAY5/DAY5_A1_JAKE_11140000.mp4,Shure,https://huggingface.co/datasets/lmms-lab/EgoLife/resolve/main/A6_SHURE/DAY5/DAY5_A6_SHURE_11140000.mp4,true,day5_7_first_50
egolife_rlhf_packet_ranking_v4,dbea4d3c4ab21c99f39c,day5_7_full_100,HM,completed,7,EGOLIFE2U_RANDOM_PAIR_CLIP_PRUNED_DAY5_11140000_A1_A6_0-1,3,EGOLIFE2U_RANDOM_PAIR_CLIP_PRUNED_DAY5_11140000_A1_A6_0-1::candidate_06,3,1,1,false,,,Thu Aug 06 2026 15:43:02 GMT-0400 (Eastern Daylight Time),Thu Aug 06 2026 16:50:09 GMT-0400 (Eastern Daylight Time),909,"I was sitting on the floor in the room with the projector screen and whiteboard. I noticed the person in the orange shirt moving around, but I couldn't see where they ended up. Did they eventually sit down in that same room?","[""Yes, they were sitting on a small wooden bench next to the projector screen"",""Yes, they were standing near the table with the checkered tablecloth"",""No, they were standing in the hallway near the bedroom door"",""No, they had left the apartment entirely"",""Yes, they were sitting on the floor in the living room""]",A,"Yes, they were sitting on a small wooden bench next to the projector screen",Jake,https://huggingface.co/datasets/lmms-lab/EgoLife/resolve/main/A1_JAKE/DAY5/DAY5_A1_JAKE_11140000.mp4,Shure,https://huggingface.co/datasets/lmms-lab/EgoLife/resolve/main/A6_SHURE/DAY5/DAY5_A6_SHURE_11140000.mp4,true,day5_7_first_50
egolife_rlhf_packet_ranking_v4,dbea4d3c4ab21c99f39c,day5_7_full_100,HM,completed,7,EGOLIFE2U_RANDOM_PAIR_CLIP_PRUNED_DAY5_11140000_A1_A6_0-1,4,EGOLIFE2U_RANDOM_PAIR_CLIP_PRUNED_DAY5_11140000_A1_A6_0-1::candidate_02,2,1,1,false,,,Thu Aug 06 2026 15:43:02 GMT-0400 (Eastern Daylight Time),Thu Aug 06 2026 16:50:09 GMT-0400 (Eastern Daylight Time),909,"I was looking for that long, rectangular picture frame with the grid of cat faces on it. I could see it clearly on the wall above the whiteboard, but I couldn't see what was on the wall right next to it. What was the large white unit mounted on the wall directly to the right of the cat picture?","[""A large projection screen"",""An air conditioning unit"",""A wall-mounted television"",""A decorative shelf"",""A framed landscape painting""]",B,An air conditioning unit,Jake,https://huggingface.co/datasets/lmms-lab/EgoLife/resolve/main/A1_JAKE/DAY5/DAY5_A1_JAKE_11140000.mp4,Shure,https://huggingface.co/datasets/lmms-lab/EgoLife/resolve/main/A6_SHURE/DAY5/DAY5_A6_SHURE_11140000.mp4,true,day5_7_first_50
egolife_rlhf_packet_ranking_v4,dbea4d3c4ab21c99f39c,day5_7_full_100,HM,completed,7,EGOLIFE2U_RANDOM_PAIR_CLIP_PRUNED_DAY5_11140000_A1_A6_0-1,5,EGOLIFE2U_RANDOM_PAIR_CLIP_PRUNED_DAY5_11140000_A1_A6_0-1::candidate_03,2,1,1,false,,,Thu Aug 06 2026 15:43:02 GMT-0400 (Eastern Daylight Time),Thu Aug 06 2026 16:50:09 GMT-0400 (Eastern Daylight Time),909,"I noticed the person in the orange shirt standing in the hallway near the bedroom door in my view, but they weren't in the living room area where I was sitting. Where did that person end up going?","[""They sat down on a bench next to the projection screen"",""They walked into the kitchen to prepare food"",""They went to the balcony outside the sliding door"",""They sat on the bed in the bedroom"",""They moved to the chair by the whiteboard""]",A,They sat down on a bench next to the projection screen,Jake,https://huggingface.co/datasets/lmms-lab/EgoLife/resolve/main/A1_JAKE/DAY5/DAY5_A1_JAKE_11140000.mp4,Shure,https://huggingface.co/datasets/lmms-lab/EgoLife/resolve/main/A6_SHURE/DAY5/DAY5_A6_SHURE_11140000.mp4,true,day5_7_first_50
egolife_rlhf_packet_ranking_v4,dbea4d3c4ab21c99f39c,day5_7_full_100,HM,completed,7,EGOLIFE2U_RANDOM_PAIR_CLIP_PRUNED_DAY5_11140000_A1_A6_0-1,6,EGOLIFE2U_RANDOM_PAIR_CLIP_PRUNED_DAY5_11140000_A1_A6_0-1::candidate_05,3,1,1,false,,,Thu Aug 06 2026 15:43:02 GMT-0400 (Eastern Daylight Time),Thu Aug 06 2026 16:50:09 GMT-0400 (Eastern Daylight Time),909,"I was sitting on the floor in the room with the projector screen while using my phone. I noticed the person in the orange shirt walking around, but I couldn't see into the other rooms clearly. Did they end up sitting down in the room with the whiteboard easel and wicker bean bags?","[""Yes, they were sitting on a small wooden bench next to the projector screen"",""Yes, they were standing near the table with the checkered tablecloth"",""No, they were standing in the hallway near the bedroom door"",""No, they had left the apartment entirely"",""Yes, they were sitting on the floor in the living room""]",A,"Yes, they were sitting on a small wooden bench next to the projector screen",Jake,https://huggingface.co/datasets/lmms-lab/EgoLife/resolve/main/A1_JAKE/DAY5/DAY5_A1_JAKE_11140000.mp4,Shure,https://huggingface.co/datasets/lmms-lab/EgoLife/resolve/main/A6_SHURE/DAY5/DAY5_A6_SHURE_11140000.mp4,true,day5_7_first_50
egolife_rlhf_packet_ranking_v4,dbea4d3c4ab21c99f39c,day5_7_full_100,HM,completed,8,EGOLIFE2U_RANDOM_PAIR_CLIP_PRUNED_DAY5_11153000_A1_A6_0-1,1,EGOLIFE2U_RANDOM_PAIR_CLIP_PRUNED_DAY5_11153000_A1_A6_0-1::candidate_06,1,1,2,false,,,Thu Aug 06 2026 15:43:02 GMT-0400 (Eastern Daylight Time),Thu Aug 06 2026 16:59:06 GMT-0400 (Eastern Daylight Time),527,I was scrolling on my phone in the living room with the wooden floor. What did I see on the desk where I ended up working on the laptop?,"[""A white bottle with a red cap"",""A blue water bottle"",""A stack of hardcover books"",""A silver thermos"",""A small potted plant""]",A,A white bottle with a red cap,Jake,https://huggingface.co/datasets/lmms-lab/EgoLife/resolve/main/A1_JAKE/DAY5/DAY5_A1_JAKE_11153000.mp4,Shure,https://huggingface.co/datasets/lmms-lab/EgoLife/resolve/main/A6_SHURE/DAY5/DAY5_A6_SHURE_11153000.mp4,true,day5_7_first_50
egolife_rlhf_packet_ranking_v4,dbea4d3c4ab21c99f39c,day5_7_full_100,HM,completed,8,EGOLIFE2U_RANDOM_PAIR_CLIP_PRUNED_DAY5_11153000_A1_A6_0-1,2,EGOLIFE2U_RANDOM_PAIR_CLIP_PRUNED_DAY5_11153000_A1_A6_0-1::candidate_04,2,3,2,false,,,Thu Aug 06 2026 15:43:02 GMT-0400 (Eastern Daylight Time),Thu Aug 06 2026 16:59:06 GMT-0400 (Eastern Daylight Time),527,"I was looking at my phone in the living room and couldn't see into the other room. In the room with the projector screen, was there a red can sitting on the desk?","[""No, there was no red can on the desk"",""Yes, a red soda can was sitting on the desk"",""Yes, a red water bottle was sitting on the desk"",""Yes, a red coffee mug was sitting on the desk"",""Yes, a red thermos was sitting on the desk""]",B,"Yes, a red soda can was sitting on the desk",Jake,https://huggingface.co/datasets/lmms-lab/EgoLife/resolve/main/A1_JAKE/DAY5/DAY5_A1_JAKE_11153000.mp4,Shure,https://huggingface.co/datasets/lmms-lab/EgoLife/resolve/main/A6_SHURE/DAY5/DAY5_A6_SHURE_11153000.mp4,true,day5_7_first_50
egolife_rlhf_packet_ranking_v4,dbea4d3c4ab21c99f39c,day5_7_full_100,HM,completed,8,EGOLIFE2U_RANDOM_PAIR_CLIP_PRUNED_DAY5_11153000_A1_A6_0-1,3,EGOLIFE2U_RANDOM_PAIR_CLIP_PRUNED_DAY5_11153000_A1_A6_0-1::candidate_01,1,3,2,false,,,Thu Aug 06 2026 15:43:02 GMT-0400 (Eastern Daylight Time),Thu Aug 06 2026 16:59:06 GMT-0400 (Eastern Daylight Time),527,"I was scrolling on my phone in the living room earlier, but I couldn't see the desk area where you were setting up. What kind of large white surface was hanging on the wall directly behind the laptop?","[""A large white projection screen"",""A framed family photo"",""A whiteboard with notes"",""A wall calendar"",""A window with blinds""]",A,A large white projection screen,Jake,https://huggingface.co/datasets/lmms-lab/EgoLife/resolve/main/A1_JAKE/DAY5/DAY5_A1_JAKE_11153000.mp4,Shure,https://huggingface.co/datasets/lmms-lab/EgoLife/resolve/main/A6_SHURE/DAY5/DAY5_A6_SHURE_11153000.mp4,true,day5_7_first_50
egolife_rlhf_packet_ranking_v4,dbea4d3c4ab21c99f39c,day5_7_full_100,HM,completed,8,EGOLIFE2U_RANDOM_PAIR_CLIP_PRUNED_DAY5_11153000_A1_A6_0-1,4,EGOLIFE2U_RANDOM_PAIR_CLIP_PRUNED_DAY5_11153000_A1_A6_0-1::candidate_02,2,3,2,false,,,Thu Aug 06 2026 15:43:02 GMT-0400 (Eastern Daylight Time),Thu Aug 06 2026 16:59:06 GMT-0400 (Eastern Daylight Time),527,I was scrolling through my phone in the living room. Which device was sitting on the desk in the other room with the projector screen?,"[""A closed laptop computer"",""A tablet with a stylus"",""An open laptop computer"",""A desktop monitor"",""A portable gaming console""]",C,An open laptop computer,Jake,https://huggingface.co/datasets/lmms-lab/EgoLife/resolve/main/A1_JAKE/DAY5/DAY5_A1_JAKE_11153000.mp4,Shure,https://huggingface.co/datasets/lmms-lab/EgoLife/resolve/main/A6_SHURE/DAY5/DAY5_A6_SHURE_11153000.mp4,true,day5_7_first_50
egolife_rlhf_packet_ranking_v4,dbea4d3c4ab21c99f39c,day5_7_full_100,HM,completed,8,EGOLIFE2U_RANDOM_PAIR_CLIP_PRUNED_DAY5_11153000_A1_A6_0-1,5,EGOLIFE2U_RANDOM_PAIR_CLIP_PRUNED_DAY5_11153000_A1_A6_0-1::candidate_03,2,3,2,false,,,Thu Aug 06 2026 15:43:02 GMT-0400 (Eastern Daylight Time),Thu Aug 06 2026 16:59:06 GMT-0400 (Eastern Daylight Time),527,"I was just scrolling through my phone in the living room. In the room with the projector screen, was the laptop sitting on the desk open or closed?","[""The laptop was closed with the screen facing down"",""The laptop was open with the screen facing up"",""The laptop was missing from the desk entirely"",""The laptop was open but the screen was black"",""The laptop was closed but lying on its side""]",B,The laptop was open with the screen facing up,Jake,https://huggingface.co/datasets/lmms-lab/EgoLife/resolve/main/A1_JAKE/DAY5/DAY5_A1_JAKE_11153000.mp4,Shure,https://huggingface.co/datasets/lmms-lab/EgoLife/resolve/main/A6_SHURE/DAY5/DAY5_A6_SHURE_11153000.mp4,true,day5_7_first_50
egolife_rlhf_packet_ranking_v4,dbea4d3c4ab21c99f39c,day5_7_full_100,HM,completed,8,EGOLIFE2U_RANDOM_PAIR_CLIP_PRUNED_DAY5_11153000_A1_A6_0-1,6,EGOLIFE2U_RANDOM_PAIR_CLIP_PRUNED_DAY5_11153000_A1_A6_0-1::candidate_05,1,1,1,false,,,Thu Aug 06 2026 15:43:02 GMT-0400 (Eastern Daylight Time),Thu Aug 06 2026 16:59:06 GMT-0400 (Eastern Daylight Time),527,I'm trying to locate the room where I ended up working on the laptop; what was the most distinctive object sitting on the desk next to the computer?,"[""A pair of eyeglasses"",""A white bottle with a red cap"",""A stack of hardcover books"",""A silver thermos"",""A small potted plant""]",B,A white bottle with a red cap,Jake,https://huggingface.co/datasets/lmms-lab/EgoLife/resolve/main/A1_JAKE/DAY5/DAY5_A1_JAKE_11153000.mp4,Shure,https://huggingface.co/datasets/lmms-lab/EgoLife/resolve/main/A6_SHURE/DAY5/DAY5_A6_SHURE_11153000.mp4,true,day5_7_first_50
egolife_rlhf_packet_ranking_v4,dbea4d3c4ab21c99f39c,day5_7_full_100,HM,completed,9,EGOLIFE2U_RANDOM_PAIR_CLIP_PRUNED_DAY5_11173000_A2_A6_0-1,1,EGOLIFE2U_RANDOM_PAIR_CLIP_PRUNED_DAY5_11173000_A2_A6_0-1::candidate_03,2,3,2,false,,,Thu Aug 06 2026 15:43:03 GMT-0400 (Eastern Daylight Time),Thu Aug 06 2026 17:19:10 GMT-0400 (Eastern Daylight Time),1245,"I was sitting at the table cleaning a fruit. While I was there, which item was sitting on the desk to the left of the laptop in the room with the black floor tiles?","[""A large white bottle with a red cap"",""A red can of soda"",""A pair of white headphones"",""A stack of cardboard boxes"",""A potted plant with green leaves""]",A,A large white bottle with a red cap,Alice,https://huggingface.co/datasets/lmms-lab/EgoLife/resolve/main/A2_ALICE/DAY5/DAY5_A2_ALICE_11173000.mp4,Shure,https://huggingface.co/datasets/lmms-lab/EgoLife/resolve/main/A6_SHURE/DAY5/DAY5_A6_SHURE_11173000.mp4,true,day5_7_first_50
egolife_rlhf_packet_ranking_v4,dbea4d3c4ab21c99f39c,day5_7_full_100,HM,completed,9,EGOLIFE2U_RANDOM_PAIR_CLIP_PRUNED_DAY5_11173000_A2_A6_0-1,2,EGOLIFE2U_RANDOM_PAIR_CLIP_PRUNED_DAY5_11173000_A2_A6_0-1::candidate_01,2,3,2,false,,,Thu Aug 06 2026 15:43:03 GMT-0400 (Eastern Daylight Time),Thu Aug 06 2026 17:19:10 GMT-0400 (Eastern Daylight Time),1245,"I was busy cleaning this dark fruit with a tissue at the table. While I was doing that, did the person with pink hair who was standing near the door end up staying there, or did they move into the bedroom?","[""The person with pink hair walked into the bedroom"",""The person with pink hair stayed standing by the door"",""The person with pink hair walked toward the desk area"",""The person with pink hair left the room entirely"",""The person with pink hair sat down on the chair""]",A,The person with pink hair walked into the bedroom,Alice,https://huggingface.co/datasets/lmms-lab/EgoLife/resolve/main/A2_ALICE/DAY5/DAY5_A2_ALICE_11173000.mp4,Shure,https://huggingface.co/datasets/lmms-lab/EgoLife/resolve/main/A6_SHURE/DAY5/DAY5_A6_SHURE_11173000.mp4,true,day5_7_first_50
egolife_rlhf_packet_ranking_v4,dbea4d3c4ab21c99f39c,day5_7_full_100,HM,completed,9,EGOLIFE2U_RANDOM_PAIR_CLIP_PRUNED_DAY5_11173000_A2_A6_0-1,3,EGOLIFE2U_RANDOM_PAIR_CLIP_PRUNED_DAY5_11173000_A2_A6_0-1::candidate_06,2,2,2,false,,,Thu Aug 06 2026 15:43:03 GMT-0400 (Eastern Daylight Time),Thu Aug 06 2026 17:19:10 GMT-0400 (Eastern Daylight Time),1245,I noticed someone walking through the doorway in the background while I was at the table. Where did that person go?,"[""Into the bedroom with the full-length mirror"",""Into the kitchen with the stainless steel sink"",""Into the bathroom with the blue tiles"",""Into the living room with the leather sofa"",""Into the dining room with the wooden table""]",A,Into the bedroom with the full-length mirror,Alice,https://huggingface.co/datasets/lmms-lab/EgoLife/resolve/main/A2_ALICE/DAY5/DAY5_A2_ALICE_11173000.mp4,Shure,https://huggingface.co/datasets/lmms-lab/EgoLife/resolve/main/A6_SHURE/DAY5/DAY5_A6_SHURE_11173000.mp4,true,day5_7_first_50
egolife_rlhf_packet_ranking_v4,dbea4d3c4ab21c99f39c,day5_7_full_100,HM,completed,9,EGOLIFE2U_RANDOM_PAIR_CLIP_PRUNED_DAY5_11173000_A2_A6_0-1,4,EGOLIFE2U_RANDOM_PAIR_CLIP_PRUNED_DAY5_11173000_A2_A6_0-1::candidate_02,1,3,2,false,,,Thu Aug 06 2026 15:43:03 GMT-0400 (Eastern Daylight Time),Thu Aug 06 2026 17:19:10 GMT-0400 (Eastern Daylight Time),1245,I was busy cleaning this dark round fruit at the table. Can you tell me which object was sitting on the desk to the left of the person with pink hair who was standing near the doorway?,"[""A white plastic bag hanging from a hook"",""A red can of soda"",""A large white bottle with a red cap"",""A stack of cardboard boxes"",""A potted plant with green leaves""]",C,A large white bottle with a red cap,Alice,https://huggingface.co/datasets/lmms-lab/EgoLife/resolve/main/A2_ALICE/DAY5/DAY5_A2_ALICE_11173000.mp4,Shure,https://huggingface.co/datasets/lmms-lab/EgoLife/resolve/main/A6_SHURE/DAY5/DAY5_A6_SHURE_11173000.mp4,true,day5_7_first_50
egolife_rlhf_packet_ranking_v4,dbea4d3c4ab21c99f39c,day5_7_full_100,HM,completed,9,EGOLIFE2U_RANDOM_PAIR_CLIP_PRUNED_DAY5_11173000_A2_A6_0-1,5,EGOLIFE2U_RANDOM_PAIR_CLIP_PRUNED_DAY5_11173000_A2_A6_0-1::candidate_05,1,1,2,false,,,Thu Aug 06 2026 15:43:03 GMT-0400 (Eastern Daylight Time),Thu Aug 06 2026 17:19:10 GMT-0400 (Eastern Daylight Time),1245,"While I was peeling that fruit at the table, I noticed someone walking through the doorway in the background. Which room did that person enter?","[""The bedroom with the full-length mirror"",""The kitchen with the stainless steel sink"",""The bathroom with the blue tiles"",""The living room with the leather sofa"",""The dining room with the wooden table""]",A,The bedroom with the full-length mirror,Alice,https://huggingface.co/datasets/lmms-lab/EgoLife/resolve/main/A2_ALICE/DAY5/DAY5_A2_ALICE_11173000.mp4,Shure,https://huggingface.co/datasets/lmms-lab/EgoLife/resolve/main/A6_SHURE/DAY5/DAY5_A6_SHURE_11173000.mp4,true,day5_7_first_50
egolife_rlhf_packet_ranking_v4,dbea4d3c4ab21c99f39c,day5_7_full_100,HM,completed,9,EGOLIFE2U_RANDOM_PAIR_CLIP_PRUNED_DAY5_11173000_A2_A6_0-1,6,EGOLIFE2U_RANDOM_PAIR_CLIP_PRUNED_DAY5_11173000_A2_A6_0-1::candidate_04,1,1,2,false,,,Thu Aug 06 2026 15:43:03 GMT-0400 (Eastern Daylight Time),Thu Aug 06 2026 17:19:10 GMT-0400 (Eastern Daylight Time),1245,I was cleaning up a mangosteen at the table and noticed a person in the background near the white projector screen. Which room did that person eventually walk into?,"[""The bedroom with the full-length mirror"",""The kitchen with the stainless steel sink"",""The bathroom with the blue tiles"",""The living room with the leather sofa"",""The dining room with the wooden table""]",A,The bedroom with the full-length mirror,Alice,https://huggingface.co/datasets/lmms-lab/EgoLife/resolve/main/A2_ALICE/DAY5/DAY5_A2_ALICE_11173000.mp4,Shure,https://huggingface.co/datasets/lmms-lab/EgoLife/resolve/main/A6_SHURE/DAY5/DAY5_A6_SHURE_11173000.mp4,true,day5_7_first_50
egolife_rlhf_packet_ranking_v4,dbea4d3c4ab21c99f39c,day5_7_full_100,HM,completed,10,EGOLIFE2U_RANDOM_PAIR_CLIP_PRUNED_DAY5_11183000_A1_A2_0-1,1,EGOLIFE2U_RANDOM_PAIR_CLIP_PRUNED_DAY5_11183000_A1_A2_0-1::candidate_01,1,1,2,false,,,Thu Aug 06 2026 15:43:03 GMT-0400 (Eastern Daylight Time),Thu Aug 06 2026 17:39:50 GMT-0400 (Eastern Daylight Time),1211,I was looking at the table in the room with the pink flowers while sitting at the checkered table. Which of these items was sitting on the surface right next to the tissue box?,"[""A silver digital kitchen scale"",""A stack of white paper napkins"",""A clear plastic storage container"",""A black smartphone"",""A white bag of food supplies""]",A,A silver digital kitchen scale,Jake,https://huggingface.co/datasets/lmms-lab/EgoLife/resolve/main/A1_JAKE/DAY5/DAY5_A1_JAKE_11183000.mp4,Alice,https://huggingface.co/datasets/lmms-lab/EgoLife/resolve/main/A2_ALICE/DAY5/DAY5_A2_ALICE_11183000.mp4,true,day5_7_first_50
egolife_rlhf_packet_ranking_v4,dbea4d3c4ab21c99f39c,day5_7_full_100,HM,completed,10,EGOLIFE2U_RANDOM_PAIR_CLIP_PRUNED_DAY5_11183000_A1_A2_0-1,2,EGOLIFE2U_RANDOM_PAIR_CLIP_PRUNED_DAY5_11183000_A1_A2_0-1::candidate_04,2,3,2,false,,,Thu Aug 06 2026 15:43:03 GMT-0400 (Eastern Daylight Time),Thu Aug 06 2026 17:39:50 GMT-0400 (Eastern Daylight Time),1211,"I was standing in the backyard under the umbrella looking at my phone. Back inside in the room with the checkered tablecloth, what was the person doing with the red fruit they were holding?","[""Peeling the skin with their fingers"",""Cutting it into slices with a knife"",""Squeezing it to get juice"",""Putting it into a blender"",""Sorting the pieces into a bowl""]",A,Peeling the skin with their fingers,Jake,https://huggingface.co/datasets/lmms-lab/EgoLife/resolve/main/A1_JAKE/DAY5/DAY5_A1_JAKE_11183000.mp4,Alice,https://huggingface.co/datasets/lmms-lab/EgoLife/resolve/main/A2_ALICE/DAY5/DAY5_A2_ALICE_11183000.mp4,true,day5_7_first_50
egolife_rlhf_packet_ranking_v4,dbea4d3c4ab21c99f39c,day5_7_full_100,HM,completed,10,EGOLIFE2U_RANDOM_PAIR_CLIP_PRUNED_DAY5_11183000_A1_A2_0-1,3,EGOLIFE2U_RANDOM_PAIR_CLIP_PRUNED_DAY5_11183000_A1_A2_0-1::candidate_03,3,3,2,false,,,Thu Aug 06 2026 15:43:03 GMT-0400 (Eastern Daylight Time),Thu Aug 06 2026 17:39:50 GMT-0400 (Eastern Daylight Time),1211,"I was checking the app on my phone while standing in the backyard, but I couldn't see what was happening inside. What was the person at the table in the room with the checkered cloth doing with the red fruit?","[""Peeling the skin with their fingers"",""Cutting it into slices with a knife"",""Squeezing it to get juice"",""Putting it into a blender"",""Sorting the pieces into a bowl""]",A,Peeling the skin with their fingers,Jake,https://huggingface.co/datasets/lmms-lab/EgoLife/resolve/main/A1_JAKE/DAY5/DAY5_A1_JAKE_11183000.mp4,Alice,https://huggingface.co/datasets/lmms-lab/EgoLife/resolve/main/A2_ALICE/DAY5/DAY5_A2_ALICE_11183000.mp4,true,day5_7_first_50
egolife_rlhf_packet_ranking_v4,dbea4d3c4ab21c99f39c,day5_7_full_100,HM,completed,10,EGOLIFE2U_RANDOM_PAIR_CLIP_PRUNED_DAY5_11183000_A1_A2_0-1,4,EGOLIFE2U_RANDOM_PAIR_CLIP_PRUNED_DAY5_11183000_A1_A2_0-1::candidate_05,1,1,1,false,,,Thu Aug 06 2026 15:43:03 GMT-0400 (Eastern Daylight Time),Thu Aug 06 2026 17:39:50 GMT-0400 (Eastern Daylight Time),1211,"I was standing outside under the umbrella looking at the wooden trays on the table. While I was out there, what kind of food item were you eating at the table inside?","[""A sandwich wrapped in paper"",""A pastry with a pink crust"",""A bowl of instant noodles"",""A sliced apple"",""A chocolate cookie""]",B,A pastry with a pink crust,Jake,https://huggingface.co/datasets/lmms-lab/EgoLife/resolve/main/A1_JAKE/DAY5/DAY5_A1_JAKE_11183000.mp4,Alice,https://huggingface.co/datasets/lmms-lab/EgoLife/resolve/main/A2_ALICE/DAY5/DAY5_A2_ALICE_11183000.mp4,true,day5_7_first_50
egolife_rlhf_packet_ranking_v4,dbea4d3c4ab21c99f39c,day5_7_full_100,HM,completed,10,EGOLIFE2U_RANDOM_PAIR_CLIP_PRUNED_DAY5_11183000_A1_A2_0-1,5,EGOLIFE2U_RANDOM_PAIR_CLIP_PRUNED_DAY5_11183000_A1_A2_0-1::candidate_02,2,3,2,false,,,Thu Aug 06 2026 15:43:03 GMT-0400 (Eastern Daylight Time),Thu Aug 06 2026 17:39:50 GMT-0400 (Eastern Daylight Time),1211,"I was looking at my phone in the backyard, but I couldn't see what the person sitting at the table inside was doing. What were they handling with their hands?","[""Peeling a fruit with red skin"",""Assembling a wooden puzzle"",""Cutting flowers in a vase"",""Sorting mail on the table"",""Writing in a notebook""]",A,Peeling a fruit with red skin,Jake,https://huggingface.co/datasets/lmms-lab/EgoLife/resolve/main/A1_JAKE/DAY5/DAY5_A1_JAKE_11183000.mp4,Alice,https://huggingface.co/datasets/lmms-lab/EgoLife/resolve/main/A2_ALICE/DAY5/DAY5_A2_ALICE_11183000.mp4,true,day5_7_first_50
egolife_rlhf_packet_ranking_v4,dbea4d3c4ab21c99f39c,day5_7_full_100,HM,completed,10,EGOLIFE2U_RANDOM_PAIR_CLIP_PRUNED_DAY5_11183000_A1_A2_0-1,6,EGOLIFE2U_RANDOM_PAIR_CLIP_PRUNED_DAY5_11183000_A1_A2_0-1::candidate_06,1,1,1,false,,,Thu Aug 06 2026 15:43:03 GMT-0400 (Eastern Daylight Time),Thu Aug 06 2026 17:39:50 GMT-0400 (Eastern Daylight Time),1211,I was outside looking at the wooden trays on the table. What kind of food item were you eating at the table inside?,"[""A sandwich wrapped in paper"",""A pastry with a pink crust"",""A bowl of instant noodles"",""A sliced apple"",""A chocolate cookie""]",B,A pastry with a pink crust,Jake,https://huggingface.co/datasets/lmms-lab/EgoLife/resolve/main/A1_JAKE/DAY5/DAY5_A1_JAKE_11183000.mp4,Alice,https://huggingface.co/datasets/lmms-lab/EgoLife/resolve/main/A2_ALICE/DAY5/DAY5_A2_ALICE_11183000.mp4,true,day5_7_first_50
egolife_rlhf_packet_ranking_v4,dbea4d3c4ab21c99f39c,day5_7_full_100,HM,completed,11,EGOLIFE2U_RANDOM_PAIR_CLIP_PRUNED_DAY5_11200000_A1_A2_0-1,1,EGOLIFE2U_RANDOM_PAIR_CLIP_PRUNED_DAY5_11200000_A1_A2_0-1::candidate_06,2,3,1,false,,,Thu Aug 06 2026 15:43:03 GMT-0400 (Eastern Daylight Time),Thu Aug 06 2026 17:47:23 GMT-0400 (Eastern Daylight Time),441,"I was standing on the wooden deck outside looking at my phone, and I noticed someone in the kitchen through the window handling an egg. What was the color of the shirt that person was wearing?","[""a white long-sleeved shirt"",""a purple t-shirt"",""a yellow t-shirt"",""a black hoodie"",""a blue dress""]",A,a white long-sleeved shirt,Jake,https://huggingface.co/datasets/lmms-lab/EgoLife/resolve/main/A1_JAKE/DAY5/DAY5_A1_JAKE_11200000.mp4,Alice,https://huggingface.co/datasets/lmms-lab/EgoLife/resolve/main/A2_ALICE/DAY5/DAY5_A2_ALICE_11200000.mp4,true,day5_7_first_50
egolife_rlhf_packet_ranking_v4,dbea4d3c4ab21c99f39c,day5_7_full_100,HM,completed,11,EGOLIFE2U_RANDOM_PAIR_CLIP_PRUNED_DAY5_11200000_A1_A2_0-1,2,EGOLIFE2U_RANDOM_PAIR_CLIP_PRUNED_DAY5_11200000_A1_A2_0-1::candidate_04,2,1,1,false,,,Thu Aug 06 2026 15:43:03 GMT-0400 (Eastern Daylight Time),Thu Aug 06 2026 17:47:23 GMT-0400 (Eastern Daylight Time),441,I was standing on the wooden deck outside looking at the window. Could you tell me what was sitting on the kitchen counter inside the room with the red refrigerator?,"[""A bundle of colorful flowers in a vase"",""A stack of white ceramic plates"",""A large cardboard shipping box"",""A black laptop computer"",""A silver microwave oven""]",A,A bundle of colorful flowers in a vase,Jake,https://huggingface.co/datasets/lmms-lab/EgoLife/resolve/main/A1_JAKE/DAY5/DAY5_A1_JAKE_11200000.mp4,Alice,https://huggingface.co/datasets/lmms-lab/EgoLife/resolve/main/A2_ALICE/DAY5/DAY5_A2_ALICE_11200000.mp4,true,day5_7_first_50
egolife_rlhf_packet_ranking_v4,dbea4d3c4ab21c99f39c,day5_7_full_100,HM,completed,11,EGOLIFE2U_RANDOM_PAIR_CLIP_PRUNED_DAY5_11200000_A1_A2_0-1,3,EGOLIFE2U_RANDOM_PAIR_CLIP_PRUNED_DAY5_11200000_A1_A2_0-1::candidate_02,2,1,1,false,,,Thu Aug 06 2026 15:43:03 GMT-0400 (Eastern Daylight Time),Thu Aug 06 2026 17:47:23 GMT-0400 (Eastern Daylight Time),441,"I was standing outside on the deck looking at my phone. When I glanced toward the house, I saw the person in the purple shirt in the kitchen area. What were they doing?","[""Peeling an egg"",""Washing dishes in the sink"",""Cooking at the stove"",""Checking a mobile phone"",""Carrying a cardboard box""]",D,Checking a mobile phone,Jake,https://huggingface.co/datasets/lmms-lab/EgoLife/resolve/main/A1_JAKE/DAY5/DAY5_A1_JAKE_11200000.mp4,Alice,https://huggingface.co/datasets/lmms-lab/EgoLife/resolve/main/A2_ALICE/DAY5/DAY5_A2_ALICE_11200000.mp4,true,day5_7_first_50
egolife_rlhf_packet_ranking_v4,dbea4d3c4ab21c99f39c,day5_7_full_100,HM,completed,11,EGOLIFE2U_RANDOM_PAIR_CLIP_PRUNED_DAY5_11200000_A1_A2_0-1,4,EGOLIFE2U_RANDOM_PAIR_CLIP_PRUNED_DAY5_11200000_A1_A2_0-1::candidate_03,2,3,2,false,,,Thu Aug 06 2026 15:43:03 GMT-0400 (Eastern Daylight Time),Thu Aug 06 2026 17:47:23 GMT-0400 (Eastern Daylight Time),441,I was standing out on the deck looking at my phone and saw someone in the kitchen area through the window. I noticed they were holding an egg. What were they doing with it?,"[""Cracking it into a bowl"",""Peeling the shell off"",""Cooking it in a pan"",""Washing it in the sink"",""Throwing it away""]",B,Peeling the shell off,Jake,https://huggingface.co/datasets/lmms-lab/EgoLife/resolve/main/A1_JAKE/DAY5/DAY5_A1_JAKE_11200000.mp4,Alice,https://huggingface.co/datasets/lmms-lab/EgoLife/resolve/main/A2_ALICE/DAY5/DAY5_A2_ALICE_11200000.mp4,true,day5_7_first_50
egolife_rlhf_packet_ranking_v4,dbea4d3c4ab21c99f39c,day5_7_full_100,HM,completed,11,EGOLIFE2U_RANDOM_PAIR_CLIP_PRUNED_DAY5_11200000_A1_A2_0-1,5,EGOLIFE2U_RANDOM_PAIR_CLIP_PRUNED_DAY5_11200000_A1_A2_0-1::candidate_05,2,3,1,false,,,Thu Aug 06 2026 15:43:03 GMT-0400 (Eastern Daylight Time),Thu Aug 06 2026 17:47:23 GMT-0400 (Eastern Daylight Time),441,"I was standing on the wooden deck outside looking through the window, and I saw someone inside handling an egg near the counter. What was that person wearing?","[""a white long-sleeved shirt"",""a purple t-shirt"",""a yellow t-shirt"",""a black hoodie"",""a blue dress""]",A,a white long-sleeved shirt,Jake,https://huggingface.co/datasets/lmms-lab/EgoLife/resolve/main/A1_JAKE/DAY5/DAY5_A1_JAKE_11200000.mp4,Alice,https://huggingface.co/datasets/lmms-lab/EgoLife/resolve/main/A2_ALICE/DAY5/DAY5_A2_ALICE_11200000.mp4,true,day5_7_first_50
egolife_rlhf_packet_ranking_v4,dbea4d3c4ab21c99f39c,day5_7_full_100,HM,completed,11,EGOLIFE2U_RANDOM_PAIR_CLIP_PRUNED_DAY5_11200000_A1_A2_0-1,6,EGOLIFE2U_RANDOM_PAIR_CLIP_PRUNED_DAY5_11200000_A1_A2_0-1::candidate_01,3,3,2,false,,,Thu Aug 06 2026 15:43:03 GMT-0400 (Eastern Daylight Time),Thu Aug 06 2026 17:47:23 GMT-0400 (Eastern Daylight Time),441,"I was standing outside on the deck looking at my phone. When I glanced toward the house, I saw someone standing in the kitchen area near the window. What were they doing?","[""Peeling and holding an egg"",""Washing dishes in the sink"",""Cooking at the stove"",""Checking a mobile phone"",""Carrying a cardboard box""]",A,Peeling and holding an egg,Jake,https://huggingface.co/datasets/lmms-lab/EgoLife/resolve/main/A1_JAKE/DAY5/DAY5_A1_JAKE_11200000.mp4,Alice,https://huggingface.co/datasets/lmms-lab/EgoLife/resolve/main/A2_ALICE/DAY5/DAY5_A2_ALICE_11200000.mp4,true,day5_7_first_50
egolife_rlhf_packet_ranking_v4,dbea4d3c4ab21c99f39c,day5_7_full_100,HM,completed,12,EGOLIFE2U_RANDOM_PAIR_CLIP_PRUNED_DAY5_11203000_A2_A6_0-1,1,EGOLIFE2U_RANDOM_PAIR_CLIP_PRUNED_DAY5_11203000_A2_A6_0-1::candidate_06,2,1,1,false,,,Thu Aug 06 2026 15:43:03 GMT-0400 (Eastern Daylight Time),Thu Aug 06 2026 17:53:57 GMT-0400 (Eastern Daylight Time),394,"I was standing in front of the mirror adjusting my hair, and in the reflection I saw you sitting at a desk with a laptop open. What was visible on the laptop screen?","[""A video playing in a browser window"",""A dark screen saver with a clock"",""A spreadsheet with columns of numbers"",""A text document with a white background"",""A map application showing a street view""]",A,A video playing in a browser window,Alice,https://huggingface.co/datasets/lmms-lab/EgoLife/resolve/main/A2_ALICE/DAY5/DAY5_A2_ALICE_11203000.mp4,Shure,https://huggingface.co/datasets/lmms-lab/EgoLife/resolve/main/A6_SHURE/DAY5/DAY5_A6_SHURE_11203000.mp4,true,day5_7_first_50
egolife_rlhf_packet_ranking_v4,dbea4d3c4ab21c99f39c,day5_7_full_100,HM,completed,12,EGOLIFE2U_RANDOM_PAIR_CLIP_PRUNED_DAY5_11203000_A2_A6_0-1,2,EGOLIFE2U_RANDOM_PAIR_CLIP_PRUNED_DAY5_11203000_A2_A6_0-1::candidate_04,2,2,1,false,,,Thu Aug 06 2026 15:43:03 GMT-0400 (Eastern Daylight Time),Thu Aug 06 2026 17:53:57 GMT-0400 (Eastern Daylight Time),394,I was just checking my reflection in the mirror and saw someone standing in the doorway behind me. What was that person wearing?,"[""A purple short-sleeved shirt"",""A black long-sleeved shirt"",""A white t-shirt"",""A grey hoodie"",""A blue button-down shirt""]",A,A purple short-sleeved shirt,Alice,https://huggingface.co/datasets/lmms-lab/EgoLife/resolve/main/A2_ALICE/DAY5/DAY5_A2_ALICE_11203000.mp4,Shure,https://huggingface.co/datasets/lmms-lab/EgoLife/resolve/main/A6_SHURE/DAY5/DAY5_A6_SHURE_11203000.mp4,true,day5_7_first_50
egolife_rlhf_packet_ranking_v4,dbea4d3c4ab21c99f39c,day5_7_full_100,HM,completed,12,EGOLIFE2U_RANDOM_PAIR_CLIP_PRUNED_DAY5_11203000_A2_A6_0-1,3,EGOLIFE2U_RANDOM_PAIR_CLIP_PRUNED_DAY5_11203000_A2_A6_0-1::candidate_03,2,1,1,false,,,Thu Aug 06 2026 15:43:03 GMT-0400 (Eastern Daylight Time),Thu Aug 06 2026 17:53:57 GMT-0400 (Eastern Daylight Time),394,I was peeling something in the room with the chessboard pattern on the wall. I noticed a white bottle with a red cap on the desk where the laptop is. What kind of bottle is it?,"[""A container of cleaning wipes"",""A bottle of drinking water"",""A bottle of soda"",""A bottle of lotion"",""A bottle of medicine""]",A,A container of cleaning wipes,Alice,https://huggingface.co/datasets/lmms-lab/EgoLife/resolve/main/A2_ALICE/DAY5/DAY5_A2_ALICE_11203000.mp4,Shure,https://huggingface.co/datasets/lmms-lab/EgoLife/resolve/main/A6_SHURE/DAY5/DAY5_A6_SHURE_11203000.mp4,true,day5_7_first_50
egolife_rlhf_packet_ranking_v4,dbea4d3c4ab21c99f39c,day5_7_full_100,HM,completed,12,EGOLIFE2U_RANDOM_PAIR_CLIP_PRUNED_DAY5_11203000_A2_A6_0-1,4,EGOLIFE2U_RANDOM_PAIR_CLIP_PRUNED_DAY5_11203000_A2_A6_0-1::candidate_05,2,3,1,false,,,Thu Aug 06 2026 15:43:03 GMT-0400 (Eastern Daylight Time),Thu Aug 06 2026 17:53:57 GMT-0400 (Eastern Daylight Time),394,"I was standing by the mirror checking my hair, and I could see a person in a purple shirt standing in the background near the doorway. What color was the refrigerator visible in that same room?","[""A red refrigerator"",""A white refrigerator"",""A stainless steel refrigerator"",""A black refrigerator"",""A blue refrigerator""]",A,A red refrigerator,Alice,https://huggingface.co/datasets/lmms-lab/EgoLife/resolve/main/A2_ALICE/DAY5/DAY5_A2_ALICE_11203000.mp4,Shure,https://huggingface.co/datasets/lmms-lab/EgoLife/resolve/main/A6_SHURE/DAY5/DAY5_A6_SHURE_11203000.mp4,true,day5_7_first_50
egolife_rlhf_packet_ranking_v4,dbea4d3c4ab21c99f39c,day5_7_full_100,HM,completed,12,EGOLIFE2U_RANDOM_PAIR_CLIP_PRUNED_DAY5_11203000_A2_A6_0-1,5,EGOLIFE2U_RANDOM_PAIR_CLIP_PRUNED_DAY5_11203000_A2_A6_0-1::candidate_01,1,1,1,false,,,Thu Aug 06 2026 15:43:03 GMT-0400 (Eastern Daylight Time),Thu Aug 06 2026 17:53:57 GMT-0400 (Eastern Daylight Time),394,"I was standing by the mirror adjusting my hair. In the reflection behind me, who was visible standing near the open doorway?","[""A person in a purple shirt"",""A person in a white shirt"",""A person in a blue shirt"",""A person in a red shirt"",""A person in a black shirt""]",A,A person in a purple shirt,Alice,https://huggingface.co/datasets/lmms-lab/EgoLife/resolve/main/A2_ALICE/DAY5/DAY5_A2_ALICE_11203000.mp4,Shure,https://huggingface.co/datasets/lmms-lab/EgoLife/resolve/main/A6_SHURE/DAY5/DAY5_A6_SHURE_11203000.mp4,true,day5_7_first_50
egolife_rlhf_packet_ranking_v4,dbea4d3c4ab21c99f39c,day5_7_full_100,HM,completed,12,EGOLIFE2U_RANDOM_PAIR_CLIP_PRUNED_DAY5_11203000_A2_A6_0-1,6,EGOLIFE2U_RANDOM_PAIR_CLIP_PRUNED_DAY5_11203000_A2_A6_0-1::candidate_02,2,1,1,false,,,Thu Aug 06 2026 15:43:03 GMT-0400 (Eastern Daylight Time),Thu Aug 06 2026 17:53:57 GMT-0400 (Eastern Daylight Time),394,I was sitting in the room with the chessboard pattern on the wall. What was the white bottle with the red cap sitting next to the laptop on the desk?,"[""A bottle of wipes"",""A bottle of water"",""A bottle of soda"",""A bottle of lotion"",""A bottle of pills""]",A,A bottle of wipes,Alice,https://huggingface.co/datasets/lmms-lab/EgoLife/resolve/main/A2_ALICE/DAY5/DAY5_A2_ALICE_11203000.mp4,Shure,https://huggingface.co/datasets/lmms-lab/EgoLife/resolve/main/A6_SHURE/DAY5/DAY5_A6_SHURE_11203000.mp4,true,day5_7_first_50
egolife_rlhf_packet_ranking_v4,dbea4d3c4ab21c99f39c,day5_7_full_100,HM,completed,13,EGOLIFE2U_RANDOM_PAIR_CLIP_PRUNED_DAY5_11223000_A1_A6_0-1,1,EGOLIFE2U_RANDOM_PAIR_CLIP_PRUNED_DAY5_11223000_A1_A6_0-1::candidate_02,1,3,2,false,,,Thu Aug 06 2026 15:43:03 GMT-0400 (Eastern Daylight Time),Thu Aug 06 2026 18:00:30 GMT-0400 (Eastern Daylight Time),404,"While I was out on the deck dealing with the trash bins, you were inside. What large white object was hanging on the wall directly behind the laptop you were using?","[""A projector screen"",""A framed poster"",""A whiteboard"",""A mirror"",""A window with blinds""]",A,A projector screen,Jake,https://huggingface.co/datasets/lmms-lab/EgoLife/resolve/main/A1_JAKE/DAY5/DAY5_A1_JAKE_11223000.mp4,Shure,https://huggingface.co/datasets/lmms-lab/EgoLife/resolve/main/A6_SHURE/DAY5/DAY5_A6_SHURE_11223000.mp4,true,day5_7_first_50
egolife_rlhf_packet_ranking_v4,dbea4d3c4ab21c99f39c,day5_7_full_100,HM,completed,13,EGOLIFE2U_RANDOM_PAIR_CLIP_PRUNED_DAY5_11223000_A1_A6_0-1,2,EGOLIFE2U_RANDOM_PAIR_CLIP_PRUNED_DAY5_11223000_A1_A6_0-1::candidate_01,3,3,1,false,,,Thu Aug 06 2026 15:43:03 GMT-0400 (Eastern Daylight Time),Thu Aug 06 2026 18:00:30 GMT-0400 (Eastern Daylight Time),404,"I just went out to the backyard and headed over to the corner with the teal wall where the cleaning supplies are stored. I'm looking for the broom that was leaning against the wall, but I can't tell from my angle which of the two trash bins it is resting against. Which bin was the broom leaning on?","[""The left bin with the light blue lid"",""The right bin with the dark grey lid"",""A cardboard box on the deck"",""The wooden gate in the background"",""A white bucket on the floor""]",A,The left bin with the light blue lid,Jake,https://huggingface.co/datasets/lmms-lab/EgoLife/resolve/main/A1_JAKE/DAY5/DAY5_A1_JAKE_11223000.mp4,Shure,https://huggingface.co/datasets/lmms-lab/EgoLife/resolve/main/A6_SHURE/DAY5/DAY5_A6_SHURE_11223000.mp4,true,day5_7_first_50
egolife_rlhf_packet_ranking_v4,dbea4d3c4ab21c99f39c,day5_7_full_100,HM,completed,13,EGOLIFE2U_RANDOM_PAIR_CLIP_PRUNED_DAY5_11223000_A1_A6_0-1,3,EGOLIFE2U_RANDOM_PAIR_CLIP_PRUNED_DAY5_11223000_A1_A6_0-1::candidate_03,1,3,1,false,,,Thu Aug 06 2026 15:43:03 GMT-0400 (Eastern Daylight Time),Thu Aug 06 2026 18:00:30 GMT-0400 (Eastern Daylight Time),404,I was out on the deck walking toward the trash bins near the wooden gate. What color were the lids of the bins I was approaching?,"[""Green"",""Blue"",""Black"",""Grey"",""Red""]",D,Grey,Jake,https://huggingface.co/datasets/lmms-lab/EgoLife/resolve/main/A1_JAKE/DAY5/DAY5_A1_JAKE_11223000.mp4,Shure,https://huggingface.co/datasets/lmms-lab/EgoLife/resolve/main/A6_SHURE/DAY5/DAY5_A6_SHURE_11223000.mp4,true,day5_7_first_50
egolife_rlhf_packet_ranking_v4,dbea4d3c4ab21c99f39c,day5_7_full_100,HM,completed,13,EGOLIFE2U_RANDOM_PAIR_CLIP_PRUNED_DAY5_11223000_A1_A6_0-1,4,EGOLIFE2U_RANDOM_PAIR_CLIP_PRUNED_DAY5_11223000_A1_A6_0-1::candidate_04,2,2,2,false,,,Thu Aug 06 2026 15:43:03 GMT-0400 (Eastern Daylight Time),Thu Aug 06 2026 18:00:30 GMT-0400 (Eastern Daylight Time),404,I was just out on the deck and noticed a white bottle sitting on the desk in the room with the projector screen. What was on the table right next to that white bottle?,"[""A pair of eyeglasses"",""A smartphone"",""A red soda can"",""A white container with chopsticks"",""A white piece of paper""]",A,A pair of eyeglasses,Jake,https://huggingface.co/datasets/lmms-lab/EgoLife/resolve/main/A1_JAKE/DAY5/DAY5_A1_JAKE_11223000.mp4,Shure,https://huggingface.co/datasets/lmms-lab/EgoLife/resolve/main/A6_SHURE/DAY5/DAY5_A6_SHURE_11223000.mp4,true,day5_7_first_50
egolife_rlhf_packet_ranking_v4,dbea4d3c4ab21c99f39c,day5_7_full_100,HM,completed,13,EGOLIFE2U_RANDOM_PAIR_CLIP_PRUNED_DAY5_11223000_A1_A6_0-1,5,EGOLIFE2U_RANDOM_PAIR_CLIP_PRUNED_DAY5_11223000_A1_A6_0-1::candidate_06,1,1,1,false,,,Thu Aug 06 2026 15:43:03 GMT-0400 (Eastern Daylight Time),Thu Aug 06 2026 18:00:30 GMT-0400 (Eastern Daylight Time),404,"I walked out to the backyard deck and headed over to the corner where the trash bins and cleaning tools are kept. I noticed a large white bottle sitting on the wooden floorboards right next to the mop and broom. Was that bottle still there, or had someone moved it?","[""It was sitting on the floorboards next to the mop"",""It had been moved inside the house"",""It was placed on top of one of the trash bins"",""It was sitting on the desk with the orange tablecloth"",""It was lying on the wooden deck near the gate""]",A,It was sitting on the floorboards next to the mop,Jake,https://huggingface.co/datasets/lmms-lab/EgoLife/resolve/main/A1_JAKE/DAY5/DAY5_A1_JAKE_11223000.mp4,Shure,https://huggingface.co/datasets/lmms-lab/EgoLife/resolve/main/A6_SHURE/DAY5/DAY5_A6_SHURE_11223000.mp4,true,day5_7_first_50
egolife_rlhf_packet_ranking_v4,dbea4d3c4ab21c99f39c,day5_7_full_100,HM,completed,13,EGOLIFE2U_RANDOM_PAIR_CLIP_PRUNED_DAY5_11223000_A1_A6_0-1,6,EGOLIFE2U_RANDOM_PAIR_CLIP_PRUNED_DAY5_11223000_A1_A6_0-1::candidate_05,2,3,2,false,,,Thu Aug 06 2026 15:43:03 GMT-0400 (Eastern Daylight Time),Thu Aug 06 2026 18:00:30 GMT-0400 (Eastern Daylight Time),404,"While I was heading out to the backyard deck to check on the trash bins, what was the person at the desk with the orange tablecloth doing?","[""Typing on a laptop"",""Drinking from a red soda can"",""Looking through a pair of glasses"",""Using a tablet device"",""Writing on a piece of paper""]",A,Typing on a laptop,Jake,https://huggingface.co/datasets/lmms-lab/EgoLife/resolve/main/A1_JAKE/DAY5/DAY5_A1_JAKE_11223000.mp4,Shure,https://huggingface.co/datasets/lmms-lab/EgoLife/resolve/main/A6_SHURE/DAY5/DAY5_A6_SHURE_11223000.mp4,true,day5_7_first_50
egolife_rlhf_packet_ranking_v4,dbea4d3c4ab21c99f39c,day5_7_full_100,HM,completed,14,EGOLIFE2U_RANDOM_PAIR_CLIP_PRUNED_DAY5_11250000_A2_A6_0-1,1,EGOLIFE2U_RANDOM_PAIR_CLIP_PRUNED_DAY5_11250000_A2_A6_0-1::candidate_04,1,2,1,false,,,Thu Aug 06 2026 15:43:04 GMT-0400 (Eastern Daylight Time),Thu Aug 06 2026 19:09:14 GMT-0400 (Eastern Daylight Time),4137,I'm looking at all the flowers on the table with the checkered cloth. Which specific type of pink flower is in the clear glass vase right in the middle?,"[""Pink carnations"",""Pink roses"",""Pink tulips"",""Pink lilies"",""Pink daisies""]",A,Pink carnations,Alice,https://huggingface.co/datasets/lmms-lab/EgoLife/resolve/main/A2_ALICE/DAY5/DAY5_A2_ALICE_11250000.mp4,Shure,https://huggingface.co/datasets/lmms-lab/EgoLife/resolve/main/A6_SHURE/DAY5/DAY5_A6_SHURE_11250000.mp4,true,day5_7_first_50
egolife_rlhf_packet_ranking_v4,dbea4d3c4ab21c99f39c,day5_7_full_100,HM,completed,14,EGOLIFE2U_RANDOM_PAIR_CLIP_PRUNED_DAY5_11250000_A2_A6_0-1,2,EGOLIFE2U_RANDOM_PAIR_CLIP_PRUNED_DAY5_11250000_A2_A6_0-1::candidate_01,1,1,2,false,,,Thu Aug 06 2026 15:43:04 GMT-0400 (Eastern Daylight Time),Thu Aug 06 2026 19:09:14 GMT-0400 (Eastern Daylight Time),4137,I was sitting at my desk working on my laptop. Was there a white bottle with a red cap on my desk?,"[""Yes, it was on the left side of the laptop."",""Yes, it was on the right side of the laptop."",""No, there was only a red soda can."",""No, there was only a pair of glasses."",""No, there was only a white bowl.""]",A,"Yes, it was on the left side of the laptop.",Alice,https://huggingface.co/datasets/lmms-lab/EgoLife/resolve/main/A2_ALICE/DAY5/DAY5_A2_ALICE_11250000.mp4,Shure,https://huggingface.co/datasets/lmms-lab/EgoLife/resolve/main/A6_SHURE/DAY5/DAY5_A6_SHURE_11250000.mp4,true,day5_7_first_50
egolife_rlhf_packet_ranking_v4,dbea4d3c4ab21c99f39c,day5_7_full_100,HM,completed,14,EGOLIFE2U_RANDOM_PAIR_CLIP_PRUNED_DAY5_11250000_A2_A6_0-1,3,EGOLIFE2U_RANDOM_PAIR_CLIP_PRUNED_DAY5_11250000_A2_A6_0-1::candidate_02,2,3,2,false,,,Thu Aug 06 2026 15:43:04 GMT-0400 (Eastern Daylight Time),Thu Aug 06 2026 19:09:14 GMT-0400 (Eastern Daylight Time),4137,I was arranging flowers on the table with the red and white checkered cloth. What color soda can was sitting on the desk next to the laptop screen?,"[""A red soda can"",""A blue soda can"",""A green soda can"",""A yellow soda can"",""A silver soda can""]",A,A red soda can,Alice,https://huggingface.co/datasets/lmms-lab/EgoLife/resolve/main/A2_ALICE/DAY5/DAY5_A2_ALICE_11250000.mp4,Shure,https://huggingface.co/datasets/lmms-lab/EgoLife/resolve/main/A6_SHURE/DAY5/DAY5_A6_SHURE_11250000.mp4,true,day5_7_first_50
egolife_rlhf_packet_ranking_v4,dbea4d3c4ab21c99f39c,day5_7_full_100,HM,completed,14,EGOLIFE2U_RANDOM_PAIR_CLIP_PRUNED_DAY5_11250000_A2_A6_0-1,4,EGOLIFE2U_RANDOM_PAIR_CLIP_PRUNED_DAY5_11250000_A2_A6_0-1::candidate_06,1,3,2,false,,,Thu Aug 06 2026 15:43:04 GMT-0400 (Eastern Daylight Time),Thu Aug 06 2026 19:09:14 GMT-0400 (Eastern Daylight Time),4137,"When I was inside arranging the flowers on the table, what were you doing at your desk?","[""Typing on a laptop"",""Watching a movie"",""Drinking from a red can"",""Organizing files"",""Taking a phone call""]",A,Typing on a laptop,Alice,https://huggingface.co/datasets/lmms-lab/EgoLife/resolve/main/A2_ALICE/DAY5/DAY5_A2_ALICE_11250000.mp4,Shure,https://huggingface.co/datasets/lmms-lab/EgoLife/resolve/main/A6_SHURE/DAY5/DAY5_A6_SHURE_11250000.mp4,true,day5_7_first_50
egolife_rlhf_packet_ranking_v4,dbea4d3c4ab21c99f39c,day5_7_full_100,HM,completed,14,EGOLIFE2U_RANDOM_PAIR_CLIP_PRUNED_DAY5_11250000_A2_A6_0-1,5,EGOLIFE2U_RANDOM_PAIR_CLIP_PRUNED_DAY5_11250000_A2_A6_0-1::candidate_03,1,1,2,false,,,Thu Aug 06 2026 15:43:04 GMT-0400 (Eastern Daylight Time),Thu Aug 06 2026 19:09:14 GMT-0400 (Eastern Daylight Time),4137,I was just looking at my phone on the desk while you were arranging the flowers at the table. What was the red can sitting next to my laptop?,"[""A red soda can"",""A red energy drink"",""A red coffee mug"",""A red water bottle"",""A red juice box""]",A,A red soda can,Alice,https://huggingface.co/datasets/lmms-lab/EgoLife/resolve/main/A2_ALICE/DAY5/DAY5_A2_ALICE_11250000.mp4,Shure,https://huggingface.co/datasets/lmms-lab/EgoLife/resolve/main/A6_SHURE/DAY5/DAY5_A6_SHURE_11250000.mp4,true,day5_7_first_50
egolife_rlhf_packet_ranking_v4,dbea4d3c4ab21c99f39c,day5_7_full_100,HM,completed,14,EGOLIFE2U_RANDOM_PAIR_CLIP_PRUNED_DAY5_11250000_A2_A6_0-1,6,EGOLIFE2U_RANDOM_PAIR_CLIP_PRUNED_DAY5_11250000_A2_A6_0-1::candidate_05,2,1,1,false,,,Thu Aug 06 2026 15:43:04 GMT-0400 (Eastern Daylight Time),Thu Aug 06 2026 19:09:14 GMT-0400 (Eastern Daylight Time),4137,I'm looking at the table with the checkered cloth covered in flowers and snacks. There's a large white bottle with a red cap sitting on the desk next to the laptop. What is that bottle?,"[""A bottle of medicine or supplements"",""A bottle of dish soap"",""A bottle of cooking oil"",""A bottle of perfume"",""A bottle of water""]",A,A bottle of medicine or supplements,Alice,https://huggingface.co/datasets/lmms-lab/EgoLife/resolve/main/A2_ALICE/DAY5/DAY5_A2_ALICE_11250000.mp4,Shure,https://huggingface.co/datasets/lmms-lab/EgoLife/resolve/main/A6_SHURE/DAY5/DAY5_A6_SHURE_11250000.mp4,true,day5_7_first_50
egolife_rlhf_packet_ranking_v4,dbea4d3c4ab21c99f39c,day5_7_full_100,HM,completed,15,EGOLIFE2U_RANDOM_PAIR_CLIP_PRUNED_DAY5_11260000_A2_A6_0-1,1,EGOLIFE2U_RANDOM_PAIR_CLIP_PRUNED_DAY5_11260000_A2_A6_0-1::candidate_01,2,1,2,false,,,Thu Aug 06 2026 15:43:04 GMT-0400 (Eastern Daylight Time),Thu Aug 06 2026 19:23:39 GMT-0400 (Eastern Daylight Time),942,"I was standing by the table with the checkered tablecloth, and I noticed a large white bottle with a red cap sitting on the surface nearby. What was the person at the desk doing while I was there?","[""Typing on a laptop keyboard"",""Cleaning the table with a cloth"",""Looking at a printed photograph"",""Drinking from a mug"",""Writing in a notebook""]",A,Typing on a laptop keyboard,Alice,https://huggingface.co/datasets/lmms-lab/EgoLife/resolve/main/A2_ALICE/DAY5/DAY5_A2_ALICE_11260000.mp4,Shure,https://huggingface.co/datasets/lmms-lab/EgoLife/resolve/main/A6_SHURE/DAY5/DAY5_A6_SHURE_11260000.mp4,true,day5_7_first_50
egolife_rlhf_packet_ranking_v4,dbea4d3c4ab21c99f39c,day5_7_full_100,HM,completed,15,EGOLIFE2U_RANDOM_PAIR_CLIP_PRUNED_DAY5_11260000_A2_A6_0-1,2,EGOLIFE2U_RANDOM_PAIR_CLIP_PRUNED_DAY5_11260000_A2_A6_0-1::candidate_04,1,3,2,false,,,Thu Aug 06 2026 15:43:04 GMT-0400 (Eastern Daylight Time),Thu Aug 06 2026 19:23:39 GMT-0400 (Eastern Daylight Time),942,"I was busy eating a sandwich and arranging those pink flowers on the checkered table. While I was handling the food and flowers, what were you doing at the desk with the projector screen?","[""Scrolling through a messaging app on a smartphone"",""Typing on a laptop keyboard"",""Adjusting a white bottle with a red cap"",""Cleaning the desk with a cloth"",""Writing on a piece of paper""]",A,Scrolling through a messaging app on a smartphone,Alice,https://huggingface.co/datasets/lmms-lab/EgoLife/resolve/main/A2_ALICE/DAY5/DAY5_A2_ALICE_11260000.mp4,Shure,https://huggingface.co/datasets/lmms-lab/EgoLife/resolve/main/A6_SHURE/DAY5/DAY5_A6_SHURE_11260000.mp4,true,day5_7_first_50
egolife_rlhf_packet_ranking_v4,dbea4d3c4ab21c99f39c,day5_7_full_100,HM,completed,15,EGOLIFE2U_RANDOM_PAIR_CLIP_PRUNED_DAY5_11260000_A2_A6_0-1,3,EGOLIFE2U_RANDOM_PAIR_CLIP_PRUNED_DAY5_11260000_A2_A6_0-1::candidate_05,1,3,2,false,,,Thu Aug 06 2026 15:43:04 GMT-0400 (Eastern Daylight Time),Thu Aug 06 2026 19:23:39 GMT-0400 (Eastern Daylight Time),942,I was at the table with the checkered cloth eating a sandwich and looking at the flowers. Did you notice what was sitting on the desk near the laptop screen while you were working?,"[""A large white bottle with a red cap"",""A small potted cactus"",""A pair of black sunglasses"",""A stack of red envelopes"",""A blue water bottle""]",A,A large white bottle with a red cap,Alice,https://huggingface.co/datasets/lmms-lab/EgoLife/resolve/main/A2_ALICE/DAY5/DAY5_A2_ALICE_11260000.mp4,Shure,https://huggingface.co/datasets/lmms-lab/EgoLife/resolve/main/A6_SHURE/DAY5/DAY5_A6_SHURE_11260000.mp4,true,day5_7_first_50
egolife_rlhf_packet_ranking_v4,dbea4d3c4ab21c99f39c,day5_7_full_100,HM,completed,15,EGOLIFE2U_RANDOM_PAIR_CLIP_PRUNED_DAY5_11260000_A2_A6_0-1,4,EGOLIFE2U_RANDOM_PAIR_CLIP_PRUNED_DAY5_11260000_A2_A6_0-1::candidate_02,2,1,2,false,,,Thu Aug 06 2026 15:43:04 GMT-0400 (Eastern Daylight Time),Thu Aug 06 2026 19:23:39 GMT-0400 (Eastern Daylight Time),942,"I was standing by the table with the checkered tablecloth and the flower vases, and I noticed a large white bottle with a red cap sitting on a desk nearby. What was the person at that desk doing with the smartphone and laptop?","[""Typing on the laptop keyboard"",""Scrolling through a photo gallery"",""Taking a picture of the table"",""Watching a video on the phone"",""Reading a printed document""]",A,Typing on the laptop keyboard,Alice,https://huggingface.co/datasets/lmms-lab/EgoLife/resolve/main/A2_ALICE/DAY5/DAY5_A2_ALICE_11260000.mp4,Shure,https://huggingface.co/datasets/lmms-lab/EgoLife/resolve/main/A6_SHURE/DAY5/DAY5_A6_SHURE_11260000.mp4,true,day5_7_first_50
egolife_rlhf_packet_ranking_v4,dbea4d3c4ab21c99f39c,day5_7_full_100,HM,completed,15,EGOLIFE2U_RANDOM_PAIR_CLIP_PRUNED_DAY5_11260000_A2_A6_0-1,5,EGOLIFE2U_RANDOM_PAIR_CLIP_PRUNED_DAY5_11260000_A2_A6_0-1::candidate_06,1,3,2,false,,,Thu Aug 06 2026 15:43:04 GMT-0400 (Eastern Daylight Time),Thu Aug 06 2026 19:23:39 GMT-0400 (Eastern Daylight Time),942,I was at the table with the checkered cloth eating a sandwich and looking at the flowers. Did you notice what was sitting on the desk near the laptop screen?,"[""A large white bottle with a red cap"",""A small potted cactus"",""A pair of black sunglasses"",""A stack of red envelopes"",""A blue water bottle""]",A,A large white bottle with a red cap,Alice,https://huggingface.co/datasets/lmms-lab/EgoLife/resolve/main/A2_ALICE/DAY5/DAY5_A2_ALICE_11260000.mp4,Shure,https://huggingface.co/datasets/lmms-lab/EgoLife/resolve/main/A6_SHURE/DAY5/DAY5_A6_SHURE_11260000.mp4,true,day5_7_first_50
egolife_rlhf_packet_ranking_v4,dbea4d3c4ab21c99f39c,day5_7_full_100,HM,completed,15,EGOLIFE2U_RANDOM_PAIR_CLIP_PRUNED_DAY5_11260000_A2_A6_0-1,6,EGOLIFE2U_RANDOM_PAIR_CLIP_PRUNED_DAY5_11260000_A2_A6_0-1::candidate_03,2,1,2,false,,,Thu Aug 06 2026 15:43:04 GMT-0400 (Eastern Daylight Time),Thu Aug 06 2026 19:23:39 GMT-0400 (Eastern Daylight Time),942,"I was standing by the table with the checkered tablecloth and the flower vases, and I noticed a large white bottle with a red cap sitting on a desk nearby. What was the person at that desk doing with the smartphone and laptop?","[""Typing on the laptop keyboard"",""Scrolling through a photo gallery"",""Taking a picture of the table"",""Watching a video on the phone"",""Reading a printed document""]",A,Typing on the laptop keyboard,Alice,https://huggingface.co/datasets/lmms-lab/EgoLife/resolve/main/A2_ALICE/DAY5/DAY5_A2_ALICE_11260000.mp4,Shure,https://huggingface.co/datasets/lmms-lab/EgoLife/resolve/main/A6_SHURE/DAY5/DAY5_A6_SHURE_11260000.mp4,true,day5_7_first_50
egolife_rlhf_packet_ranking_v4,dbea4d3c4ab21c99f39c,day5_7_full_100,HM,completed,16,EGOLIFE2U_RANDOM_PAIR_CLIP_PRUNED_DAY5_11310000_A1_A2_0-1,1,EGOLIFE2U_RANDOM_PAIR_CLIP_PRUNED_DAY5_11310000_A1_A2_0-1::candidate_02,2,1,2,false,,,Thu Aug 06 2026 15:43:04 GMT-0400 (Eastern Daylight Time),Thu Aug 06 2026 20:11:06 GMT-0400 (Eastern Daylight Time),2765,I just went out to the wooden deck with this white plastic bag. What was the little girl in the maroon dress doing inside near the whiteboard while I was heading out?,"[""Sitting at the table arranging flowers"",""Standing by the whiteboard holding a marker"",""Kneeling on the floor looking through boxes"",""Sitting on the bed using a laptop"",""Standing in the living room holding a toy""]",B,Standing by the whiteboard holding a marker,Jake,https://huggingface.co/datasets/lmms-lab/EgoLife/resolve/main/A1_JAKE/DAY5/DAY5_A1_JAKE_11310000.mp4,Alice,https://huggingface.co/datasets/lmms-lab/EgoLife/resolve/main/A2_ALICE/DAY5/DAY5_A2_ALICE_11310000.mp4,true,day5_7_first_50
egolife_rlhf_packet_ranking_v4,dbea4d3c4ab21c99f39c,day5_7_full_100,HM,completed,16,EGOLIFE2U_RANDOM_PAIR_CLIP_PRUNED_DAY5_11310000_A1_A2_0-1,2,EGOLIFE2U_RANDOM_PAIR_CLIP_PRUNED_DAY5_11310000_A1_A2_0-1::candidate_04,2,3,2,false,,,Thu Aug 06 2026 15:43:04 GMT-0400 (Eastern Daylight Time),Thu Aug 06 2026 20:11:06 GMT-0400 (Eastern Daylight Time),2765,"When I went out onto the wooden deck with that white bag, where had the person in the red dress ended up?","[""Standing in the living room near the whiteboard"",""Sitting on the bed in the bedroom"",""Standing on the wooden deck with me"",""Sitting at the dining table with the flowers"",""In the kitchen near the refrigerator""]",A,Standing in the living room near the whiteboard,Jake,https://huggingface.co/datasets/lmms-lab/EgoLife/resolve/main/A1_JAKE/DAY5/DAY5_A1_JAKE_11310000.mp4,Alice,https://huggingface.co/datasets/lmms-lab/EgoLife/resolve/main/A2_ALICE/DAY5/DAY5_A2_ALICE_11310000.mp4,true,day5_7_first_50
egolife_rlhf_packet_ranking_v4,dbea4d3c4ab21c99f39c,day5_7_full_100,HM,completed,16,EGOLIFE2U_RANDOM_PAIR_CLIP_PRUNED_DAY5_11310000_A1_A2_0-1,3,EGOLIFE2U_RANDOM_PAIR_CLIP_PRUNED_DAY5_11310000_A1_A2_0-1::candidate_05,1,1,1,false,,,Thu Aug 06 2026 15:43:04 GMT-0400 (Eastern Daylight Time),Thu Aug 06 2026 20:11:06 GMT-0400 (Eastern Daylight Time),2765,"I was standing by the whiteboard near the entrance of the living room holding a plastic bag. Who was the other person I was waiting for, who was sitting at the table with the flowers?","[""The person wearing a white shirt and white pants"",""The person wearing a red dress"",""The person in the purple shirt"",""The person in the grey shirt"",""The person in the blue dress""]",A,The person wearing a white shirt and white pants,Jake,https://huggingface.co/datasets/lmms-lab/EgoLife/resolve/main/A1_JAKE/DAY5/DAY5_A1_JAKE_11310000.mp4,Alice,https://huggingface.co/datasets/lmms-lab/EgoLife/resolve/main/A2_ALICE/DAY5/DAY5_A2_ALICE_11310000.mp4,true,day5_7_first_50
egolife_rlhf_packet_ranking_v4,dbea4d3c4ab21c99f39c,day5_7_full_100,HM,completed,16,EGOLIFE2U_RANDOM_PAIR_CLIP_PRUNED_DAY5_11310000_A1_A2_0-1,4,EGOLIFE2U_RANDOM_PAIR_CLIP_PRUNED_DAY5_11310000_A1_A2_0-1::candidate_01,2,1,2,false,,,Thu Aug 06 2026 15:43:04 GMT-0400 (Eastern Daylight Time),Thu Aug 06 2026 20:11:06 GMT-0400 (Eastern Daylight Time),2765,I just headed out to the wooden deck with this white plastic bag. What was the little girl in the maroon dress doing inside while I was walking out?,"[""Sitting at the table arranging the flowers"",""Standing by the whiteboard holding a marker"",""Kneeling on the floor looking through boxes"",""Sitting on the bed using a laptop"",""Standing in the living room holding a toy""]",B,Standing by the whiteboard holding a marker,Jake,https://huggingface.co/datasets/lmms-lab/EgoLife/resolve/main/A1_JAKE/DAY5/DAY5_A1_JAKE_11310000.mp4,Alice,https://huggingface.co/datasets/lmms-lab/EgoLife/resolve/main/A2_ALICE/DAY5/DAY5_A2_ALICE_11310000.mp4,true,day5_7_first_50
egolife_rlhf_packet_ranking_v4,dbea4d3c4ab21c99f39c,day5_7_full_100,HM,completed,16,EGOLIFE2U_RANDOM_PAIR_CLIP_PRUNED_DAY5_11310000_A1_A2_0-1,5,EGOLIFE2U_RANDOM_PAIR_CLIP_PRUNED_DAY5_11310000_A1_A2_0-1::candidate_06,2,2,2,false,,,Thu Aug 06 2026 15:43:04 GMT-0400 (Eastern Daylight Time),Thu Aug 06 2026 20:11:06 GMT-0400 (Eastern Daylight Time),2765,I was walking toward the sliding door near the tall potted plant to step out onto the wooden deck. What object was sitting on the table where the person in the white shirt was working?,"[""A laptop computer"",""A cardboard cutout of a character"",""A stack of books"",""A pile of laundry"",""A large whiteboard""]",B,A cardboard cutout of a character,Jake,https://huggingface.co/datasets/lmms-lab/EgoLife/resolve/main/A1_JAKE/DAY5/DAY5_A1_JAKE_11310000.mp4,Alice,https://huggingface.co/datasets/lmms-lab/EgoLife/resolve/main/A2_ALICE/DAY5/DAY5_A2_ALICE_11310000.mp4,true,day5_7_first_50
egolife_rlhf_packet_ranking_v4,dbea4d3c4ab21c99f39c,day5_7_full_100,HM,completed,16,EGOLIFE2U_RANDOM_PAIR_CLIP_PRUNED_DAY5_11310000_A1_A2_0-1,6,EGOLIFE2U_RANDOM_PAIR_CLIP_PRUNED_DAY5_11310000_A1_A2_0-1::candidate_03,2,3,1,false,,,Thu Aug 06 2026 15:43:04 GMT-0400 (Eastern Daylight Time),Thu Aug 06 2026 20:11:06 GMT-0400 (Eastern Daylight Time),2765,I saw the little girl in the maroon dress standing in front of the whiteboard. What was written at the very top of that board?,"[""A list of chores"",""The word 'Timeline'"",""A drawing of a house"",""The word 'Shopping'"",""A math equation""]",B,The word 'Timeline',Jake,https://huggingface.co/datasets/lmms-lab/EgoLife/resolve/main/A1_JAKE/DAY5/DAY5_A1_JAKE_11310000.mp4,Alice,https://huggingface.co/datasets/lmms-lab/EgoLife/resolve/main/A2_ALICE/DAY5/DAY5_A2_ALICE_11310000.mp4,true,day5_7_first_50
egolife_rlhf_packet_ranking_v4,dbea4d3c4ab21c99f39c,day5_7_full_100,HM,completed,17,EGOLIFE2U_RANDOM_PAIR_CLIP_PRUNED_DAY5_11313000_A1_A6_0-1,1,EGOLIFE2U_RANDOM_PAIR_CLIP_PRUNED_DAY5_11313000_A1_A6_0-1::candidate_01,2,3,1,false,,,Thu Aug 06 2026 15:43:04 GMT-0400 (Eastern Daylight Time),Fri Aug 07 2026 08:38:41 GMT-0400 (Eastern Daylight Time),43959,"I was looking out at the backyard patio while washing things at the sink, but I couldn't see what was on the desk in the other room. Which of these items was sitting on the desk next to the laptop?","[""A white bottle with a red cap"",""A pair of wooden salad servers"",""A red soda can"",""A black smartphone"",""A pair of eyeglasses""]",C,A red soda can,Jake,https://huggingface.co/datasets/lmms-lab/EgoLife/resolve/main/A1_JAKE/DAY5/DAY5_A1_JAKE_11313000.mp4,Shure,https://huggingface.co/datasets/lmms-lab/EgoLife/resolve/main/A6_SHURE/DAY5/DAY5_A6_SHURE_11313000.mp4,true,day5_7_first_50
egolife_rlhf_packet_ranking_v4,dbea4d3c4ab21c99f39c,day5_7_full_100,HM,completed,17,EGOLIFE2U_RANDOM_PAIR_CLIP_PRUNED_DAY5_11313000_A1_A6_0-1,2,EGOLIFE2U_RANDOM_PAIR_CLIP_PRUNED_DAY5_11313000_A1_A6_0-1::candidate_02,1,2,2,false,,,Thu Aug 06 2026 15:43:04 GMT-0400 (Eastern Daylight Time),Fri Aug 07 2026 08:38:41 GMT-0400 (Eastern Daylight Time),43959,"I was washing dishes at the sink and looking out towards the backyard. In the living room where the projector screen is, what red item was sitting on the desk?","[""A red soda can"",""A red plastic bottle"",""A red smartphone case"",""A red notebook"",""A red mug""]",A,A red soda can,Jake,https://huggingface.co/datasets/lmms-lab/EgoLife/resolve/main/A1_JAKE/DAY5/DAY5_A1_JAKE_11313000.mp4,Shure,https://huggingface.co/datasets/lmms-lab/EgoLife/resolve/main/A6_SHURE/DAY5/DAY5_A6_SHURE_11313000.mp4,true,day5_7_first_50
egolife_rlhf_packet_ranking_v4,dbea4d3c4ab21c99f39c,day5_7_full_100,HM,completed,17,EGOLIFE2U_RANDOM_PAIR_CLIP_PRUNED_DAY5_11313000_A1_A6_0-1,3,EGOLIFE2U_RANDOM_PAIR_CLIP_PRUNED_DAY5_11313000_A1_A6_0-1::candidate_06,2,1,1,false,,,Thu Aug 06 2026 15:43:04 GMT-0400 (Eastern Daylight Time),Fri Aug 07 2026 08:38:41 GMT-0400 (Eastern Daylight Time),43959,I noticed a bottle with a red cap sitting on the desk next to the laptop. What is that bottle actually?,"[""A white bottle of cleaning spray"",""A white bottle of cleaning fluid"",""A white bottle of hand sanitizer"",""A white bottle of lotion"",""A white bottle of mouthwash""]",B,A white bottle of cleaning fluid,Jake,https://huggingface.co/datasets/lmms-lab/EgoLife/resolve/main/A1_JAKE/DAY5/DAY5_A1_JAKE_11313000.mp4,Shure,https://huggingface.co/datasets/lmms-lab/EgoLife/resolve/main/A6_SHURE/DAY5/DAY5_A6_SHURE_11313000.mp4,true,day5_7_first_50
egolife_rlhf_packet_ranking_v4,dbea4d3c4ab21c99f39c,day5_7_full_100,HM,completed,17,EGOLIFE2U_RANDOM_PAIR_CLIP_PRUNED_DAY5_11313000_A1_A6_0-1,4,EGOLIFE2U_RANDOM_PAIR_CLIP_PRUNED_DAY5_11313000_A1_A6_0-1::candidate_03,2,1,2,false,,,Thu Aug 06 2026 15:43:04 GMT-0400 (Eastern Daylight Time),Fri Aug 07 2026 08:38:41 GMT-0400 (Eastern Daylight Time),43959,"I was checking the backyard area and then came inside to wash dishes at the sink. In the room with the projector screen where I saw you working on the laptop, what white appliance is sitting on the counter behind the sofa?","[""A white microwave"",""A white toaster oven"",""A white air fryer"",""A white mini-fridge"",""A white coffee maker""]",A,A white microwave,Jake,https://huggingface.co/datasets/lmms-lab/EgoLife/resolve/main/A1_JAKE/DAY5/DAY5_A1_JAKE_11313000.mp4,Shure,https://huggingface.co/datasets/lmms-lab/EgoLife/resolve/main/A6_SHURE/DAY5/DAY5_A6_SHURE_11313000.mp4,true,day5_7_first_50
egolife_rlhf_packet_ranking_v4,dbea4d3c4ab21c99f39c,day5_7_full_100,HM,completed,17,EGOLIFE2U_RANDOM_PAIR_CLIP_PRUNED_DAY5_11313000_A1_A6_0-1,5,EGOLIFE2U_RANDOM_PAIR_CLIP_PRUNED_DAY5_11313000_A1_A6_0-1::candidate_04,3,2,1,false,,,Thu Aug 06 2026 15:43:04 GMT-0400 (Eastern Daylight Time),Fri Aug 07 2026 08:38:41 GMT-0400 (Eastern Daylight Time),43959,"I was outside looking at the blue house and then came inside to wash a glass at the sink, but I missed what was happening in the living area. While I was handling the glass at the sink, which person was standing near the large white projection screen?","[""A person wearing a maroon dress"",""A person wearing a white outfit"",""A person wearing a dark jacket"",""A person wearing a red shirt"",""A person wearing a blue robe""]",B,A person wearing a white outfit,Jake,https://huggingface.co/datasets/lmms-lab/EgoLife/resolve/main/A1_JAKE/DAY5/DAY5_A1_JAKE_11313000.mp4,Shure,https://huggingface.co/datasets/lmms-lab/EgoLife/resolve/main/A6_SHURE/DAY5/DAY5_A6_SHURE_11313000.mp4,true,day5_7_first_50
egolife_rlhf_packet_ranking_v4,dbea4d3c4ab21c99f39c,day5_7_full_100,HM,completed,17,EGOLIFE2U_RANDOM_PAIR_CLIP_PRUNED_DAY5_11313000_A1_A6_0-1,6,EGOLIFE2U_RANDOM_PAIR_CLIP_PRUNED_DAY5_11313000_A1_A6_0-1::candidate_05,3,2,1,false,,,Thu Aug 06 2026 15:43:04 GMT-0400 (Eastern Daylight Time),Fri Aug 07 2026 08:38:41 GMT-0400 (Eastern Daylight Time),43959,"I saw a large white appliance sitting on the kitchen counter next to the sink, but from my angle I couldn't tell what it was. What is that white box actually?","[""A washing machine"",""A microwave oven"",""A refrigerator"",""A coffee maker"",""A toaster oven""]",B,A microwave oven,Jake,https://huggingface.co/datasets/lmms-lab/EgoLife/resolve/main/A1_JAKE/DAY5/DAY5_A1_JAKE_11313000.mp4,Shure,https://huggingface.co/datasets/lmms-lab/EgoLife/resolve/main/A6_SHURE/DAY5/DAY5_A6_SHURE_11313000.mp4,true,day5_7_first_50
egolife_rlhf_packet_ranking_v4,dbea4d3c4ab21c99f39c,day5_7_full_100,HM,completed,18,EGOLIFE2U_RANDOM_PAIR_CLIP_PRUNED_DAY5_11330000_A1_A2_0-1,1,EGOLIFE2U_RANDOM_PAIR_CLIP_PRUNED_DAY5_11330000_A1_A2_0-1::candidate_05,2,1,1,false,,,Thu Aug 06 2026 15:43:05 GMT-0400 (Eastern Daylight Time),Fri Aug 07 2026 08:54:18 GMT-0400 (Eastern Daylight Time),945,I'm holding these black glasses in my hands while sitting at the table. What is the person sitting on the stool right next to me wearing?,"[""a dark purple or maroon outfit with white cuffs"",""a white shirt with light-colored patterned pants"",""a bright blue dress with a white collar"",""a black t-shirt and dark jeans"",""a red sweater and black skirt""]",A,a dark purple or maroon outfit with white cuffs,Jake,https://huggingface.co/datasets/lmms-lab/EgoLife/resolve/main/A1_JAKE/DAY5/DAY5_A1_JAKE_11330000.mp4,Alice,https://huggingface.co/datasets/lmms-lab/EgoLife/resolve/main/A2_ALICE/DAY5/DAY5_A2_ALICE_11330000.mp4,true,day5_7_first_50
egolife_rlhf_packet_ranking_v4,dbea4d3c4ab21c99f39c,day5_7_full_100,HM,completed,18,EGOLIFE2U_RANDOM_PAIR_CLIP_PRUNED_DAY5_11330000_A1_A2_0-1,2,EGOLIFE2U_RANDOM_PAIR_CLIP_PRUNED_DAY5_11330000_A1_A2_0-1::candidate_04,2,1,1,false,,,Thu Aug 06 2026 15:43:05 GMT-0400 (Eastern Daylight Time),Fri Aug 07 2026 08:54:18 GMT-0400 (Eastern Daylight Time),945,"I'm looking at the black frame object I'm holding in my hands, but I can't quite tell what it is. What is that item?","[""a pair of eyeglasses"",""a head-mounted camera"",""a pair of sunglasses"",""a pair of headphones"",""a small handheld mirror""]",A,a pair of eyeglasses,Jake,https://huggingface.co/datasets/lmms-lab/EgoLife/resolve/main/A1_JAKE/DAY5/DAY5_A1_JAKE_11330000.mp4,Alice,https://huggingface.co/datasets/lmms-lab/EgoLife/resolve/main/A2_ALICE/DAY5/DAY5_A2_ALICE_11330000.mp4,true,day5_7_first_50
egolife_rlhf_packet_ranking_v4,dbea4d3c4ab21c99f39c,day5_7_full_100,HM,completed,18,EGOLIFE2U_RANDOM_PAIR_CLIP_PRUNED_DAY5_11330000_A1_A2_0-1,3,EGOLIFE2U_RANDOM_PAIR_CLIP_PRUNED_DAY5_11330000_A1_A2_0-1::candidate_01,3,1,1,false,,,Thu Aug 06 2026 15:43:05 GMT-0400 (Eastern Daylight Time),Fri Aug 07 2026 08:54:18 GMT-0400 (Eastern Daylight Time),945,"I see a cardboard cutout on the table that looks like a cartoon animal head, but from my angle, I can't quite tell which character it is. Which character does that cardboard figure represent?","[""A Pikachu"",""A Sanrio character"",""A Hello Kitty"",""A My Melody"",""A Pochacco""]",C,A Hello Kitty,Jake,https://huggingface.co/datasets/lmms-lab/EgoLife/resolve/main/A1_JAKE/DAY5/DAY5_A1_JAKE_11330000.mp4,Alice,https://huggingface.co/datasets/lmms-lab/EgoLife/resolve/main/A2_ALICE/DAY5/DAY5_A2_ALICE_11330000.mp4,true,day5_7_first_50
egolife_rlhf_packet_ranking_v4,dbea4d3c4ab21c99f39c,day5_7_full_100,HM,completed,18,EGOLIFE2U_RANDOM_PAIR_CLIP_PRUNED_DAY5_11330000_A1_A2_0-1,4,EGOLIFE2U_RANDOM_PAIR_CLIP_PRUNED_DAY5_11330000_A1_A2_0-1::candidate_02,3,1,1,false,,,Thu Aug 06 2026 15:43:05 GMT-0400 (Eastern Daylight Time),Fri Aug 07 2026 08:54:18 GMT-0400 (Eastern Daylight Time),945,"I noticed a cardboard figure sitting on the table next to the checkered tablecloth, but from my angle, it looks like just a brown shape. What character is that cardboard cutout actually supposed to be?","[""A brown bear character"",""A cartoon rabbit character"",""A cat character with pink ears"",""A dog character with floppy ears"",""A bird character with a beak""]",A,A brown bear character,Jake,https://huggingface.co/datasets/lmms-lab/EgoLife/resolve/main/A1_JAKE/DAY5/DAY5_A1_JAKE_11330000.mp4,Alice,https://huggingface.co/datasets/lmms-lab/EgoLife/resolve/main/A2_ALICE/DAY5/DAY5_A2_ALICE_11330000.mp4,true,day5_7_first_50
egolife_rlhf_packet_ranking_v4,dbea4d3c4ab21c99f39c,day5_7_full_100,HM,completed,18,EGOLIFE2U_RANDOM_PAIR_CLIP_PRUNED_DAY5_11330000_A1_A2_0-1,5,EGOLIFE2U_RANDOM_PAIR_CLIP_PRUNED_DAY5_11330000_A1_A2_0-1::candidate_03,3,1,1,false,,,Thu Aug 06 2026 15:43:05 GMT-0400 (Eastern Daylight Time),Fri Aug 07 2026 08:54:18 GMT-0400 (Eastern Daylight Time),945,"I see a person standing near the window by the table with the checkered cloth, but it's a bit hard to tell from my angle. What color is the outfit that person is wearing?","[""A dark purple dress"",""A bright red jacket"",""A light blue shirt"",""A white apron"",""A black t-shirt""]",A,A dark purple dress,Jake,https://huggingface.co/datasets/lmms-lab/EgoLife/resolve/main/A1_JAKE/DAY5/DAY5_A1_JAKE_11330000.mp4,Alice,https://huggingface.co/datasets/lmms-lab/EgoLife/resolve/main/A2_ALICE/DAY5/DAY5_A2_ALICE_11330000.mp4,true,day5_7_first_50
egolife_rlhf_packet_ranking_v4,dbea4d3c4ab21c99f39c,day5_7_full_100,HM,completed,18,EGOLIFE2U_RANDOM_PAIR_CLIP_PRUNED_DAY5_11330000_A1_A2_0-1,6,EGOLIFE2U_RANDOM_PAIR_CLIP_PRUNED_DAY5_11330000_A1_A2_0-1::candidate_06,2,3,1,false,,,Thu Aug 06 2026 15:43:05 GMT-0400 (Eastern Daylight Time),Fri Aug 07 2026 08:54:18 GMT-0400 (Eastern Daylight Time),945,I was holding the black glasses near the table while that person in the dark outfit stood nearby. What was the other person sitting at the table wearing?,"[""a white top with a light pattern"",""a dark purple or maroon outfit with white cuffs"",""a bright blue shirt and jeans"",""a black t-shirt and dark pants"",""a red sweater and a skirt""]",A,a white top with a light pattern,Jake,https://huggingface.co/datasets/lmms-lab/EgoLife/resolve/main/A1_JAKE/DAY5/DAY5_A1_JAKE_11330000.mp4,Alice,https://huggingface.co/datasets/lmms-lab/EgoLife/resolve/main/A2_ALICE/DAY5/DAY5_A2_ALICE_11330000.mp4,true,day5_7_first_50
egolife_rlhf_packet_ranking_v4,dbea4d3c4ab21c99f39c,day5_7_full_100,HM,completed,19,EGOLIFE2U_RANDOM_PAIR_CLIP_PRUNED_DAY5_11333000_A2_A6_0-1,1,EGOLIFE2U_RANDOM_PAIR_CLIP_PRUNED_DAY5_11333000_A2_A6_0-1::candidate_04,2,3,1,false,,,Thu Aug 06 2026 15:43:05 GMT-0400 (Eastern Daylight Time),Fri Aug 07 2026 08:59:39 GMT-0400 (Eastern Daylight Time),289,I was sitting at the table with the checkered cloth folding a tissue while I noticed the person in the maroon top standing nearby. Where did that person end up going?,"[""They moved to the kitchen near the sink and window"",""They sat down on the sofa in the living room"",""They walked out the front door"",""They went into the bedroom with the closed door"",""They stayed standing by the table the whole time""]",A,They moved to the kitchen near the sink and window,Alice,https://huggingface.co/datasets/lmms-lab/EgoLife/resolve/main/A2_ALICE/DAY5/DAY5_A2_ALICE_11333000.mp4,Shure,https://huggingface.co/datasets/lmms-lab/EgoLife/resolve/main/A6_SHURE/DAY5/DAY5_A6_SHURE_11333000.mp4,true,day5_7_first_50
egolife_rlhf_packet_ranking_v4,dbea4d3c4ab21c99f39c,day5_7_full_100,HM,completed,19,EGOLIFE2U_RANDOM_PAIR_CLIP_PRUNED_DAY5_11333000_A2_A6_0-1,2,EGOLIFE2U_RANDOM_PAIR_CLIP_PRUNED_DAY5_11333000_A2_A6_0-1::candidate_05,2,3,1,false,,,Thu Aug 06 2026 15:43:05 GMT-0400 (Eastern Daylight Time),Fri Aug 07 2026 08:59:39 GMT-0400 (Eastern Daylight Time),289,I was sitting at the table with the checkered cloth folding a tissue while I noticed the person in the maroon top standing nearby. Where did that person end up going?,"[""They moved to the kitchen near the sink and window"",""They sat down on the sofa in the living room"",""They walked out the front door"",""They went into the bedroom with the closed door"",""They stayed standing by the table the whole time""]",A,They moved to the kitchen near the sink and window,Alice,https://huggingface.co/datasets/lmms-lab/EgoLife/resolve/main/A2_ALICE/DAY5/DAY5_A2_ALICE_11333000.mp4,Shure,https://huggingface.co/datasets/lmms-lab/EgoLife/resolve/main/A6_SHURE/DAY5/DAY5_A6_SHURE_11333000.mp4,true,day5_7_first_50
egolife_rlhf_packet_ranking_v4,dbea4d3c4ab21c99f39c,day5_7_full_100,HM,completed,19,EGOLIFE2U_RANDOM_PAIR_CLIP_PRUNED_DAY5_11333000_A2_A6_0-1,3,EGOLIFE2U_RANDOM_PAIR_CLIP_PRUNED_DAY5_11333000_A2_A6_0-1::candidate_03,2,1,1,false,,,Thu Aug 06 2026 15:43:05 GMT-0400 (Eastern Daylight Time),Fri Aug 07 2026 08:59:39 GMT-0400 (Eastern Daylight Time),289,"I was sitting at the table with the checkered cloth and the cardboard decorations, but I couldn't see what was happening in the other room. Was the person in the living room with the projection screen standing near the white door on the right?","[""Yes, standing near the white door on the right"",""No, sitting on the brown sofa on the left"",""Yes, standing right in front of the projection screen"",""No, sitting at the desk in the middle of the room"",""No, standing near the tripod on the left side""]",A,"Yes, standing near the white door on the right",Alice,https://huggingface.co/datasets/lmms-lab/EgoLife/resolve/main/A2_ALICE/DAY5/DAY5_A2_ALICE_11333000.mp4,Shure,https://huggingface.co/datasets/lmms-lab/EgoLife/resolve/main/A6_SHURE/DAY5/DAY5_A6_SHURE_11333000.mp4,true,day5_7_first_50
egolife_rlhf_packet_ranking_v4,dbea4d3c4ab21c99f39c,day5_7_full_100,HM,completed,19,EGOLIFE2U_RANDOM_PAIR_CLIP_PRUNED_DAY5_11333000_A2_A6_0-1,4,EGOLIFE2U_RANDOM_PAIR_CLIP_PRUNED_DAY5_11333000_A2_A6_0-1::candidate_01,2,1,1,false,,,Thu Aug 06 2026 15:43:05 GMT-0400 (Eastern Daylight Time),Fri Aug 07 2026 08:59:39 GMT-0400 (Eastern Daylight Time),289,"I was sitting at the table with the checkered cloth and the cardboard decorations, but I couldn't see what was happening in the other room. Was the person in the living room with the projection screen standing near the white door on the right?","[""Yes, standing near the white door on the right"",""No, sitting on the brown sofa on the left"",""Yes, standing right in front of the projection screen"",""No, sitting at the desk in the middle of the room"",""No, standing near the tripod on the left side""]",A,"Yes, standing near the white door on the right",Alice,https://huggingface.co/datasets/lmms-lab/EgoLife/resolve/main/A2_ALICE/DAY5/DAY5_A2_ALICE_11333000.mp4,Shure,https://huggingface.co/datasets/lmms-lab/EgoLife/resolve/main/A6_SHURE/DAY5/DAY5_A6_SHURE_11333000.mp4,true,day5_7_first_50
egolife_rlhf_packet_ranking_v4,dbea4d3c4ab21c99f39c,day5_7_full_100,HM,completed,19,EGOLIFE2U_RANDOM_PAIR_CLIP_PRUNED_DAY5_11333000_A2_A6_0-1,5,EGOLIFE2U_RANDOM_PAIR_CLIP_PRUNED_DAY5_11333000_A2_A6_0-1::candidate_06,3,1,1,false,,,Thu Aug 06 2026 15:43:05 GMT-0400 (Eastern Daylight Time),Fri Aug 07 2026 08:59:39 GMT-0400 (Eastern Daylight Time),289,"I was sitting at the table with the checkered cloth folding a tissue, but I couldn't see what was happening over by the window. What was the person in the maroon top doing near the sink?","[""Washing dishes in the sink"",""Holding a white kettle near the window"",""Cooking on the stove"",""Standing still looking out the window"",""Opening the refrigerator""]",B,Holding a white kettle near the window,Alice,https://huggingface.co/datasets/lmms-lab/EgoLife/resolve/main/A2_ALICE/DAY5/DAY5_A2_ALICE_11333000.mp4,Shure,https://huggingface.co/datasets/lmms-lab/EgoLife/resolve/main/A6_SHURE/DAY5/DAY5_A6_SHURE_11333000.mp4,true,day5_7_first_50
egolife_rlhf_packet_ranking_v4,dbea4d3c4ab21c99f39c,day5_7_full_100,HM,completed,19,EGOLIFE2U_RANDOM_PAIR_CLIP_PRUNED_DAY5_11333000_A2_A6_0-1,6,EGOLIFE2U_RANDOM_PAIR_CLIP_PRUNED_DAY5_11333000_A2_A6_0-1::candidate_02,2,1,1,false,,,Thu Aug 06 2026 15:43:05 GMT-0400 (Eastern Daylight Time),Fri Aug 07 2026 08:59:39 GMT-0400 (Eastern Daylight Time),289,"I was sitting at the table with the checkered cloth and the cardboard decorations, but I couldn't see what was happening in the other room. Was the person in the living room with the projection screen standing near the white door on the right?","[""Yes, standing near the white door on the right"",""No, sitting on the brown sofa on the left"",""Yes, standing right in front of the projection screen"",""No, sitting at the desk in the middle of the room"",""No, standing near the tripod on the left side""]",A,"Yes, standing near the white door on the right",Alice,https://huggingface.co/datasets/lmms-lab/EgoLife/resolve/main/A2_ALICE/DAY5/DAY5_A2_ALICE_11333000.mp4,Shure,https://huggingface.co/datasets/lmms-lab/EgoLife/resolve/main/A6_SHURE/DAY5/DAY5_A6_SHURE_11333000.mp4,true,day5_7_first_50
egolife_rlhf_packet_ranking_v4,dbea4d3c4ab21c99f39c,day5_7_full_100,HM,completed,20,EGOLIFE2U_RANDOM_PAIR_CLIP_PRUNED_DAY5_11383000_A2_A4_0-1,1,EGOLIFE2U_RANDOM_PAIR_CLIP_PRUNED_DAY5_11383000_A2_A4_0-1::candidate_02,3,1,2,false,,,Thu Aug 06 2026 15:43:05 GMT-0400 (Eastern Daylight Time),Fri Aug 07 2026 09:15:11 GMT-0400 (Eastern Daylight Time),937,"I saw the girl in the maroon dress standing by the table with the checkered cloth, but from my angle I couldn't see what she had in her hands. What was she holding and peeling while standing there?","[""A small red apple"",""A yellow banana"",""A green grape"",""An orange"",""A piece of candy""]",A,A small red apple,Alice,https://huggingface.co/datasets/lmms-lab/EgoLife/resolve/main/A2_ALICE/DAY5/DAY5_A2_ALICE_11383000.mp4,Lucia,https://huggingface.co/datasets/lmms-lab/EgoLife/resolve/main/A4_LUCIA/DAY5/DAY5_A4_LUCIA_11383000.mp4,true,day5_7_first_50
egolife_rlhf_packet_ranking_v4,dbea4d3c4ab21c99f39c,day5_7_full_100,HM,completed,20,EGOLIFE2U_RANDOM_PAIR_CLIP_PRUNED_DAY5_11383000_A2_A4_0-1,2,EGOLIFE2U_RANDOM_PAIR_CLIP_PRUNED_DAY5_11383000_A2_A4_0-1::candidate_05,2,3,1,false,,,Thu Aug 06 2026 15:43:05 GMT-0400 (Eastern Daylight Time),Fri Aug 07 2026 09:15:11 GMT-0400 (Eastern Daylight Time),937,I noticed a person in a purple dress moving around the room near the kitchen and the table. What color were the slippers they were wearing?,"[""A bright blue pair of slippers"",""A pair of black sandals"",""A pair of white sneakers"",""A pair of brown loafers"",""A pair of pink slippers""]",A,A bright blue pair of slippers,Alice,https://huggingface.co/datasets/lmms-lab/EgoLife/resolve/main/A2_ALICE/DAY5/DAY5_A2_ALICE_11383000.mp4,Lucia,https://huggingface.co/datasets/lmms-lab/EgoLife/resolve/main/A4_LUCIA/DAY5/DAY5_A4_LUCIA_11383000.mp4,true,day5_7_first_50
egolife_rlhf_packet_ranking_v4,dbea4d3c4ab21c99f39c,day5_7_full_100,HM,completed,20,EGOLIFE2U_RANDOM_PAIR_CLIP_PRUNED_DAY5_11383000_A2_A4_0-1,3,EGOLIFE2U_RANDOM_PAIR_CLIP_PRUNED_DAY5_11383000_A2_A4_0-1::candidate_06,1,2,2,false,,,Thu Aug 06 2026 15:43:05 GMT-0400 (Eastern Daylight Time),Fri Aug 07 2026 09:15:11 GMT-0400 (Eastern Daylight Time),937,"I was moving around the kitchen and dining area earlier, and later I saw you at the table with the checkered tablecloth. When you were down on the floor with that white bowl, what was the dark, round item you were holding in your hands?","[""a small brown object"",""a red apple"",""a black game controller"",""a purple grape"",""a blue toy""]",A,a small brown object,Alice,https://huggingface.co/datasets/lmms-lab/EgoLife/resolve/main/A2_ALICE/DAY5/DAY5_A2_ALICE_11383000.mp4,Lucia,https://huggingface.co/datasets/lmms-lab/EgoLife/resolve/main/A4_LUCIA/DAY5/DAY5_A4_LUCIA_11383000.mp4,true,day5_7_first_50
egolife_rlhf_packet_ranking_v4,dbea4d3c4ab21c99f39c,day5_7_full_100,HM,completed,20,EGOLIFE2U_RANDOM_PAIR_CLIP_PRUNED_DAY5_11383000_A2_A4_0-1,4,EGOLIFE2U_RANDOM_PAIR_CLIP_PRUNED_DAY5_11383000_A2_A4_0-1::candidate_01,3,3,2,false,,,Thu Aug 06 2026 15:43:05 GMT-0400 (Eastern Daylight Time),Fri Aug 07 2026 09:15:11 GMT-0400 (Eastern Daylight Time),937,"I was standing by the table with the checkered cloth and flowers, but I didn't catch what was happening on the floor nearby. What was the person in the maroon dress doing with the small red round object they were holding in their hands?","[""Peeling the skin off of it"",""Cutting it into slices"",""Washing it under water"",""Taking a photo of it"",""Placing it into a box""]",A,Peeling the skin off of it,Alice,https://huggingface.co/datasets/lmms-lab/EgoLife/resolve/main/A2_ALICE/DAY5/DAY5_A2_ALICE_11383000.mp4,Lucia,https://huggingface.co/datasets/lmms-lab/EgoLife/resolve/main/A4_LUCIA/DAY5/DAY5_A4_LUCIA_11383000.mp4,true,day5_7_first_50
egolife_rlhf_packet_ranking_v4,dbea4d3c4ab21c99f39c,day5_7_full_100,HM,completed,20,EGOLIFE2U_RANDOM_PAIR_CLIP_PRUNED_DAY5_11383000_A2_A4_0-1,5,EGOLIFE2U_RANDOM_PAIR_CLIP_PRUNED_DAY5_11383000_A2_A4_0-1::candidate_04,1,1,1,false,,,Thu Aug 06 2026 15:43:05 GMT-0400 (Eastern Daylight Time),Fri Aug 07 2026 09:15:11 GMT-0400 (Eastern Daylight Time),937,I was looking down at the floor near the table with the checkered cloth and flowers. What was the white object sitting on the floor in front of me?,"[""A cardboard shipping box"",""A dark green fabric bag"",""A white bowl"",""A small blue vacuum cleaner"",""A wooden chair leg""]",C,A white bowl,Alice,https://huggingface.co/datasets/lmms-lab/EgoLife/resolve/main/A2_ALICE/DAY5/DAY5_A2_ALICE_11383000.mp4,Lucia,https://huggingface.co/datasets/lmms-lab/EgoLife/resolve/main/A4_LUCIA/DAY5/DAY5_A4_LUCIA_11383000.mp4,true,day5_7_first_50
egolife_rlhf_packet_ranking_v4,dbea4d3c4ab21c99f39c,day5_7_full_100,HM,completed,20,EGOLIFE2U_RANDOM_PAIR_CLIP_PRUNED_DAY5_11383000_A2_A4_0-1,6,EGOLIFE2U_RANDOM_PAIR_CLIP_PRUNED_DAY5_11383000_A2_A4_0-1::candidate_03,2,2,2,false,,,Thu Aug 06 2026 15:43:05 GMT-0400 (Eastern Daylight Time),Fri Aug 07 2026 09:15:11 GMT-0400 (Eastern Daylight Time),937,"I was standing by the table with the checkered cloth and flowers, looking down at the items on the floor. What was the dark green object sitting on the chair nearby?","[""A white ceramic bowl"",""A cardboard shipping box"",""A small blue vacuum cleaner"",""A dark green fabric bag"",""A wooden chair leg""]",D,A dark green fabric bag,Alice,https://huggingface.co/datasets/lmms-lab/EgoLife/resolve/main/A2_ALICE/DAY5/DAY5_A2_ALICE_11383000.mp4,Lucia,https://huggingface.co/datasets/lmms-lab/EgoLife/resolve/main/A4_LUCIA/DAY5/DAY5_A4_LUCIA_11383000.mp4,true,day5_7_first_50
egolife_rlhf_packet_ranking_v4,dbea4d3c4ab21c99f39c,day5_7_full_100,HM,completed,21,EGOLIFE2U_RANDOM_PAIR_CLIP_PRUNED_DAY5_11390000_A2_A6_0-1,1,EGOLIFE2U_RANDOM_PAIR_CLIP_PRUNED_DAY5_11390000_A2_A6_0-1::candidate_06,2,3,2,false,,,Thu Aug 06 2026 15:43:06 GMT-0400 (Eastern Daylight Time),Fri Aug 07 2026 09:26:55 GMT-0400 (Eastern Daylight Time),727,"I was cutting something at the table with the checkered cloth, and I saw a large cardboard box with a cute character face on it sitting nearby. What was the main thing on the desk in the room with the black tile floor and the projector screen?","[""A large cardboard box with a character face"",""A black laptop computer"",""A large stuffed sun plush toy"",""Several vases of flowers"",""A whiteboard on an easel""]",B,A black laptop computer,Alice,https://huggingface.co/datasets/lmms-lab/EgoLife/resolve/main/A2_ALICE/DAY5/DAY5_A2_ALICE_11390000.mp4,Shure,https://huggingface.co/datasets/lmms-lab/EgoLife/resolve/main/A6_SHURE/DAY5/DAY5_A6_SHURE_11390000.mp4,true,day5_7_first_50
egolife_rlhf_packet_ranking_v4,dbea4d3c4ab21c99f39c,day5_7_full_100,HM,completed,21,EGOLIFE2U_RANDOM_PAIR_CLIP_PRUNED_DAY5_11390000_A2_A6_0-1,2,EGOLIFE2U_RANDOM_PAIR_CLIP_PRUNED_DAY5_11390000_A2_A6_0-1::candidate_05,3,3,2,false,,,Thu Aug 06 2026 15:43:06 GMT-0400 (Eastern Daylight Time),Fri Aug 07 2026 09:26:55 GMT-0400 (Eastern Daylight Time),727,"I was just sitting at the table with the flowers and cutting something, but I lost track of where everyone else ended up. Where was the person in the purple shirt sitting in the room with the projector screen?","[""On a brown sofa against the wall"",""In a wooden chair at the desk"",""On a white stool near the tripod"",""On a floor cushion in the middle of the room"",""On a white chair with a blue cloth draped over it""]",A,On a brown sofa against the wall,Alice,https://huggingface.co/datasets/lmms-lab/EgoLife/resolve/main/A2_ALICE/DAY5/DAY5_A2_ALICE_11390000.mp4,Shure,https://huggingface.co/datasets/lmms-lab/EgoLife/resolve/main/A6_SHURE/DAY5/DAY5_A6_SHURE_11390000.mp4,true,day5_7_first_50
egolife_rlhf_packet_ranking_v4,dbea4d3c4ab21c99f39c,day5_7_full_100,HM,completed,21,EGOLIFE2U_RANDOM_PAIR_CLIP_PRUNED_DAY5_11390000_A2_A6_0-1,3,EGOLIFE2U_RANDOM_PAIR_CLIP_PRUNED_DAY5_11390000_A2_A6_0-1::candidate_02,2,1,1,false,,,Thu Aug 06 2026 15:43:06 GMT-0400 (Eastern Daylight Time),Fri Aug 07 2026 09:26:55 GMT-0400 (Eastern Daylight Time),727,"I was busy cutting tape at the dining table with the flowers, but I noticed the living room was empty when I looked that way. Where did the two people sitting on the sofa go?","[""They left the apartment entirely"",""They moved to the desk with the large projector screen"",""They went into the bedroom"",""They moved to the kitchen area"",""They are still sitting on the sofa""]",B,They moved to the desk with the large projector screen,Alice,https://huggingface.co/datasets/lmms-lab/EgoLife/resolve/main/A2_ALICE/DAY5/DAY5_A2_ALICE_11390000.mp4,Shure,https://huggingface.co/datasets/lmms-lab/EgoLife/resolve/main/A6_SHURE/DAY5/DAY5_A6_SHURE_11390000.mp4,true,day5_7_first_50
egolife_rlhf_packet_ranking_v4,dbea4d3c4ab21c99f39c,day5_7_full_100,HM,completed,21,EGOLIFE2U_RANDOM_PAIR_CLIP_PRUNED_DAY5_11390000_A2_A6_0-1,4,EGOLIFE2U_RANDOM_PAIR_CLIP_PRUNED_DAY5_11390000_A2_A6_0-1::candidate_03,3,1,1,false,,,Thu Aug 06 2026 15:43:06 GMT-0400 (Eastern Daylight Time),Fri Aug 07 2026 09:26:55 GMT-0400 (Eastern Daylight Time),727,"I was sitting at the dining table cutting tape, and I noticed the living room was empty when I glanced that way. Where did the person in the purple shirt and the person in the grey shirt end up?","[""They left the apartment entirely"",""They moved to the desk with the large projector screen"",""They went into the bedroom"",""They moved to the kitchen area"",""They are still sitting on the sofa""]",B,They moved to the desk with the large projector screen,Alice,https://huggingface.co/datasets/lmms-lab/EgoLife/resolve/main/A2_ALICE/DAY5/DAY5_A2_ALICE_11390000.mp4,Shure,https://huggingface.co/datasets/lmms-lab/EgoLife/resolve/main/A6_SHURE/DAY5/DAY5_A6_SHURE_11390000.mp4,true,day5_7_first_50
egolife_rlhf_packet_ranking_v4,dbea4d3c4ab21c99f39c,day5_7_full_100,HM,completed,21,EGOLIFE2U_RANDOM_PAIR_CLIP_PRUNED_DAY5_11390000_A2_A6_0-1,5,EGOLIFE2U_RANDOM_PAIR_CLIP_PRUNED_DAY5_11390000_A2_A6_0-1::candidate_04,3,1,1,false,,,Thu Aug 06 2026 15:43:06 GMT-0400 (Eastern Daylight Time),Fri Aug 07 2026 09:26:55 GMT-0400 (Eastern Daylight Time),727,"I was sitting at the dining table cutting tape, and I noticed the living room was empty when I glanced that way. Where did the person in the purple shirt and the person in the grey shirt end up?","[""They left the apartment entirely"",""They moved to the desk with the large projector screen"",""They went into the bedroom"",""They moved to the kitchen area"",""They are still sitting on the sofa""]",A,They left the apartment entirely,Alice,https://huggingface.co/datasets/lmms-lab/EgoLife/resolve/main/A2_ALICE/DAY5/DAY5_A2_ALICE_11390000.mp4,Shure,https://huggingface.co/datasets/lmms-lab/EgoLife/resolve/main/A6_SHURE/DAY5/DAY5_A6_SHURE_11390000.mp4,true,day5_7_first_50
egolife_rlhf_packet_ranking_v4,dbea4d3c4ab21c99f39c,day5_7_full_100,HM,completed,21,EGOLIFE2U_RANDOM_PAIR_CLIP_PRUNED_DAY5_11390000_A2_A6_0-1,6,EGOLIFE2U_RANDOM_PAIR_CLIP_PRUNED_DAY5_11390000_A2_A6_0-1::candidate_01,2,3,2,false,,,Thu Aug 06 2026 15:43:06 GMT-0400 (Eastern Daylight Time),Fri Aug 07 2026 09:26:55 GMT-0400 (Eastern Daylight Time),727,"I was looking around the room and saw the child in the red dress standing by the whiteboard, but I couldn't see who else was there. Who was sitting on the sofa in the living room?","[""A man in a purple shirt"",""A woman in a blue dress"",""A man in a grey shirt"",""A child in a red dress"",""A woman in a white shirt""]",A,A man in a purple shirt,Alice,https://huggingface.co/datasets/lmms-lab/EgoLife/resolve/main/A2_ALICE/DAY5/DAY5_A2_ALICE_11390000.mp4,Shure,https://huggingface.co/datasets/lmms-lab/EgoLife/resolve/main/A6_SHURE/DAY5/DAY5_A6_SHURE_11390000.mp4,true,day5_7_first_50
egolife_rlhf_packet_ranking_v4,dbea4d3c4ab21c99f39c,day5_7_full_100,HM,completed,22,EGOLIFE2U_RANDOM_PAIR_CLIP_PRUNED_DAY5_11410000_A1_A6_0-1,1,EGOLIFE2U_RANDOM_PAIR_CLIP_PRUNED_DAY5_11410000_A1_A6_0-1::candidate_02,2,1,1,false,,,Thu Aug 06 2026 15:43:06 GMT-0400 (Eastern Daylight Time),Fri Aug 07 2026 11:18:14 GMT-0400 (Eastern Daylight Time),6658,"I was checking my phone in the living room with the dark tiled floor. In the kitchen where the other person was preparing food, was there anything cooking on the stove?","[""There was a pot with visible steam rising from it"",""The stove was completely empty with no cookware on it"",""There was a frying pan with food being cooked"",""There was a kettle boiling water on the burner"",""There was a large pot of soup simmering""]",A,There was a pot with visible steam rising from it,Jake,https://huggingface.co/datasets/lmms-lab/EgoLife/resolve/main/A1_JAKE/DAY5/DAY5_A1_JAKE_11410000.mp4,Shure,https://huggingface.co/datasets/lmms-lab/EgoLife/resolve/main/A6_SHURE/DAY5/DAY5_A6_SHURE_11410000.mp4,true,day5_7_first_50
egolife_rlhf_packet_ranking_v4,dbea4d3c4ab21c99f39c,day5_7_full_100,HM,completed,22,EGOLIFE2U_RANDOM_PAIR_CLIP_PRUNED_DAY5_11410000_A1_A6_0-1,2,EGOLIFE2U_RANDOM_PAIR_CLIP_PRUNED_DAY5_11410000_A1_A6_0-1::candidate_03,2,3,2,false,,,Thu Aug 06 2026 15:43:06 GMT-0400 (Eastern Daylight Time),Fri Aug 07 2026 11:18:14 GMT-0400 (Eastern Daylight Time),6658,"I was sitting in the living room with the dark tiled floor checking my phone. In the kitchen, what was the person preparing on the small portable burner?","[""A pot of water or liquid being heated"",""A frying pan with food being cooked"",""A kettle boiling for tea"",""A large pot of soup simmering"",""A wok stir-frying vegetables""]",A,A pot of water or liquid being heated,Jake,https://huggingface.co/datasets/lmms-lab/EgoLife/resolve/main/A1_JAKE/DAY5/DAY5_A1_JAKE_11410000.mp4,Shure,https://huggingface.co/datasets/lmms-lab/EgoLife/resolve/main/A6_SHURE/DAY5/DAY5_A6_SHURE_11410000.mp4,true,day5_7_first_50
egolife_rlhf_packet_ranking_v4,dbea4d3c4ab21c99f39c,day5_7_full_100,HM,completed,22,EGOLIFE2U_RANDOM_PAIR_CLIP_PRUNED_DAY5_11410000_A1_A6_0-1,3,EGOLIFE2U_RANDOM_PAIR_CLIP_PRUNED_DAY5_11410000_A1_A6_0-1::candidate_05,2,1,1,false,,,Thu Aug 06 2026 15:43:06 GMT-0400 (Eastern Daylight Time),Fri Aug 07 2026 11:18:14 GMT-0400 (Eastern Daylight Time),6658,I was standing in the kitchen with the white tiled walls. Did the portable electric kettle plugged into the wall outlet have a visible cord connecting it to the base?,"[""Yes, a black cord was visible connecting the kettle to the base"",""No, there was no cord visible between the kettle and the base"",""Yes, a white cord was visible connecting the kettle to the base"",""No, the kettle was sitting on a wooden board instead of a base"",""Yes, a red cord was visible connecting the kettle to the base""]",A,"Yes, a black cord was visible connecting the kettle to the base",Jake,https://huggingface.co/datasets/lmms-lab/EgoLife/resolve/main/A1_JAKE/DAY5/DAY5_A1_JAKE_11410000.mp4,Shure,https://huggingface.co/datasets/lmms-lab/EgoLife/resolve/main/A6_SHURE/DAY5/DAY5_A6_SHURE_11410000.mp4,true,day5_7_first_50
egolife_rlhf_packet_ranking_v4,dbea4d3c4ab21c99f39c,day5_7_full_100,HM,completed,22,EGOLIFE2U_RANDOM_PAIR_CLIP_PRUNED_DAY5_11410000_A1_A6_0-1,4,EGOLIFE2U_RANDOM_PAIR_CLIP_PRUNED_DAY5_11410000_A1_A6_0-1::candidate_01,2,3,2,false,,,Thu Aug 06 2026 15:43:06 GMT-0400 (Eastern Daylight Time),Fri Aug 07 2026 11:18:14 GMT-0400 (Eastern Daylight Time),6658,"I was just using my phone in the living room with the dark tiled floor. In the kitchen where the other person was preparing food, was the stove turned on?","[""The stove was turned on with a visible flame in the burner"",""The stove was turned off and there was no flame"",""The stove was covered with a pot of boiling water"",""The stove was covered with a frying pan"",""The stove was covered with a wooden cutting board""]",B,The stove was turned off and there was no flame,Jake,https://huggingface.co/datasets/lmms-lab/EgoLife/resolve/main/A1_JAKE/DAY5/DAY5_A1_JAKE_11410000.mp4,Shure,https://huggingface.co/datasets/lmms-lab/EgoLife/resolve/main/A6_SHURE/DAY5/DAY5_A6_SHURE_11410000.mp4,true,day5_7_first_50
egolife_rlhf_packet_ranking_v4,dbea4d3c4ab21c99f39c,day5_7_full_100,HM,completed,22,EGOLIFE2U_RANDOM_PAIR_CLIP_PRUNED_DAY5_11410000_A1_A6_0-1,5,EGOLIFE2U_RANDOM_PAIR_CLIP_PRUNED_DAY5_11410000_A1_A6_0-1::candidate_04,2,2,2,false,,,Thu Aug 06 2026 15:43:06 GMT-0400 (Eastern Daylight Time),Fri Aug 07 2026 11:18:14 GMT-0400 (Eastern Daylight Time),6658,I was checking my phone in the living room with the dark tiled floor and the flower-shaped floor lamp. What was the person in the other room doing near the window with the white umbrella outside?,"[""Using a portable electric kettle to boil water"",""Washing dishes in the sink by the window"",""Setting up a camera on a tripod"",""Looking at a smartphone screen"",""Eating food from a bowl""]",A,Using a portable electric kettle to boil water,Jake,https://huggingface.co/datasets/lmms-lab/EgoLife/resolve/main/A1_JAKE/DAY5/DAY5_A1_JAKE_11410000.mp4,Shure,https://huggingface.co/datasets/lmms-lab/EgoLife/resolve/main/A6_SHURE/DAY5/DAY5_A6_SHURE_11410000.mp4,true,day5_7_first_50
egolife_rlhf_packet_ranking_v4,dbea4d3c4ab21c99f39c,day5_7_full_100,HM,completed,22,EGOLIFE2U_RANDOM_PAIR_CLIP_PRUNED_DAY5_11410000_A1_A6_0-1,6,EGOLIFE2U_RANDOM_PAIR_CLIP_PRUNED_DAY5_11410000_A1_A6_0-1::candidate_06,1,1,1,false,,,Thu Aug 06 2026 15:43:06 GMT-0400 (Eastern Daylight Time),Fri Aug 07 2026 11:18:14 GMT-0400 (Eastern Daylight Time),6658,I was sitting in the room with the desk and dark tiled floor. Can you tell me if the portable kettle on the counter in the kitchen with the white tiled walls was connected to a base?,"[""Yes, it was sitting on a black base with a visible cord"",""No, it was just sitting directly on the counter surface"",""Yes, it was connected to a white base with a visible cord"",""No, it was hanging from a hook on the wall"",""Yes, it was sitting on a wooden board instead of a base""]",A,"Yes, it was sitting on a black base with a visible cord",Jake,https://huggingface.co/datasets/lmms-lab/EgoLife/resolve/main/A1_JAKE/DAY5/DAY5_A1_JAKE_11410000.mp4,Shure,https://huggingface.co/datasets/lmms-lab/EgoLife/resolve/main/A6_SHURE/DAY5/DAY5_A6_SHURE_11410000.mp4,true,day5_7_first_50
egolife_rlhf_packet_ranking_v4,dbea4d3c4ab21c99f39c,day5_7_full_100,HM,completed,23,EGOLIFE2U_RANDOM_PAIR_CLIP_PRUNED_DAY5_11450000_A1_A3_0-1,1,EGOLIFE2U_RANDOM_PAIR_CLIP_PRUNED_DAY5_11450000_A1_A3_0-1::candidate_03,2,2,2,false,,,Thu Aug 06 2026 15:43:06 GMT-0400 (Eastern Daylight Time),Fri Aug 07 2026 12:06:52 GMT-0400 (Eastern Daylight Time),2959,I saw someone holding a glass with dark liquid while walking up the stairs; what was the floor like on those stairs?,"[""Wooden steps with a light-colored handrail"",""Tiled steps with a metal handrail"",""Carpeted steps with no handrail"",""Concrete steps with a wooden handrail"",""Marble steps with a glass handrail""]",A,Wooden steps with a light-colored handrail,Jake,https://huggingface.co/datasets/lmms-lab/EgoLife/resolve/main/A1_JAKE/DAY5/DAY5_A1_JAKE_11450000.mp4,Tasha,https://huggingface.co/datasets/lmms-lab/EgoLife/resolve/main/A3_TASHA/DAY5/DAY5_A3_TASHA_11450000.mp4,true,day5_7_first_50
egolife_rlhf_packet_ranking_v4,dbea4d3c4ab21c99f39c,day5_7_full_100,HM,completed,23,EGOLIFE2U_RANDOM_PAIR_CLIP_PRUNED_DAY5_11450000_A1_A3_0-1,2,EGOLIFE2U_RANDOM_PAIR_CLIP_PRUNED_DAY5_11450000_A1_A3_0-1::candidate_04,2,3,1,false,,,Thu Aug 06 2026 15:43:06 GMT-0400 (Eastern Daylight Time),Fri Aug 07 2026 12:06:52 GMT-0400 (Eastern Daylight Time),2959,I was standing in the living room earlier with the projection screen and table in front of me. I saw someone walking toward the door and eventually going up the stairs. What was that person holding in their hand?,"[""A glass with a dark liquid"",""A white plastic bottle"",""A smartphone"",""A small white remote control"",""A red soda can""]",A,A glass with a dark liquid,Jake,https://huggingface.co/datasets/lmms-lab/EgoLife/resolve/main/A1_JAKE/DAY5/DAY5_A1_JAKE_11450000.mp4,Tasha,https://huggingface.co/datasets/lmms-lab/EgoLife/resolve/main/A3_TASHA/DAY5/DAY5_A3_TASHA_11450000.mp4,true,day5_7_first_50
egolife_rlhf_packet_ranking_v4,dbea4d3c4ab21c99f39c,day5_7_full_100,HM,completed,23,EGOLIFE2U_RANDOM_PAIR_CLIP_PRUNED_DAY5_11450000_A1_A3_0-1,3,EGOLIFE2U_RANDOM_PAIR_CLIP_PRUNED_DAY5_11450000_A1_A3_0-1::candidate_05,2,3,1,false,,,Thu Aug 06 2026 15:43:06 GMT-0400 (Eastern Daylight Time),Fri Aug 07 2026 12:06:52 GMT-0400 (Eastern Daylight Time),2959,I saw someone walking up the wooden staircase near the end of our time together. What were they holding in their hand while climbing?,"[""A clear glass with a dark liquid inside"",""A white smartphone with a black case"",""A white remote control"",""A red plastic water bottle"",""A set of car keys""]",A,A clear glass with a dark liquid inside,Jake,https://huggingface.co/datasets/lmms-lab/EgoLife/resolve/main/A1_JAKE/DAY5/DAY5_A1_JAKE_11450000.mp4,Tasha,https://huggingface.co/datasets/lmms-lab/EgoLife/resolve/main/A3_TASHA/DAY5/DAY5_A3_TASHA_11450000.mp4,true,day5_7_first_50
egolife_rlhf_packet_ranking_v4,dbea4d3c4ab21c99f39c,day5_7_full_100,HM,completed,23,EGOLIFE2U_RANDOM_PAIR_CLIP_PRUNED_DAY5_11450000_A1_A3_0-1,4,EGOLIFE2U_RANDOM_PAIR_CLIP_PRUNED_DAY5_11450000_A1_A3_0-1::candidate_02,1,3,1,false,,,Thu Aug 06 2026 15:43:06 GMT-0400 (Eastern Daylight Time),Fri Aug 07 2026 12:06:52 GMT-0400 (Eastern Daylight Time),2959,What was the person holding while walking up the wooden stairs?,"[""A clear glass with dark liquid"",""A white ceramic mug"",""A blue plastic water bottle"",""A silver metal thermos"",""A brown paper coffee cup""]",A,A clear glass with dark liquid,Jake,https://huggingface.co/datasets/lmms-lab/EgoLife/resolve/main/A1_JAKE/DAY5/DAY5_A1_JAKE_11450000.mp4,Tasha,https://huggingface.co/datasets/lmms-lab/EgoLife/resolve/main/A3_TASHA/DAY5/DAY5_A3_TASHA_11450000.mp4,true,day5_7_first_50
egolife_rlhf_packet_ranking_v4,dbea4d3c4ab21c99f39c,day5_7_full_100,HM,completed,23,EGOLIFE2U_RANDOM_PAIR_CLIP_PRUNED_DAY5_11450000_A1_A3_0-1,5,EGOLIFE2U_RANDOM_PAIR_CLIP_PRUNED_DAY5_11450000_A1_A3_0-1::candidate_01,1,1,2,false,,,Thu Aug 06 2026 15:43:06 GMT-0400 (Eastern Daylight Time),Fri Aug 07 2026 12:06:52 GMT-0400 (Eastern Daylight Time),2959,"I was in the living room with the group earlier and then went off to find a drink. When I was carrying that glass of dark liquid up the wooden stairs, what was the color of the walls in the stairwell?","[""White walls"",""Bright blue walls"",""Dark brown walls"",""Mustard yellow walls"",""Light grey walls""]",D,Mustard yellow walls,Jake,https://huggingface.co/datasets/lmms-lab/EgoLife/resolve/main/A1_JAKE/DAY5/DAY5_A1_JAKE_11450000.mp4,Tasha,https://huggingface.co/datasets/lmms-lab/EgoLife/resolve/main/A3_TASHA/DAY5/DAY5_A3_TASHA_11450000.mp4,true,day5_7_first_50
egolife_rlhf_packet_ranking_v4,dbea4d3c4ab21c99f39c,day5_7_full_100,HM,completed,23,EGOLIFE2U_RANDOM_PAIR_CLIP_PRUNED_DAY5_11450000_A1_A3_0-1,6,EGOLIFE2U_RANDOM_PAIR_CLIP_PRUNED_DAY5_11450000_A1_A3_0-1::candidate_06,1,3,1,false,,,Thu Aug 06 2026 15:43:06 GMT-0400 (Eastern Daylight Time),Fri Aug 07 2026 12:06:52 GMT-0400 (Eastern Daylight Time),2959,I remember you went up the wooden staircase with a glass in your hand. Where were you when you started walking up those stairs?,"[""Standing in the middle of the living room near the table"",""Sitting on the brown sofa in the living room"",""Standing by the glass balcony doors"",""Walking through the kitchen doorway"",""Standing next to the white projector screen""]",B,Sitting on the brown sofa in the living room,Jake,https://huggingface.co/datasets/lmms-lab/EgoLife/resolve/main/A1_JAKE/DAY5/DAY5_A1_JAKE_11450000.mp4,Tasha,https://huggingface.co/datasets/lmms-lab/EgoLife/resolve/main/A3_TASHA/DAY5/DAY5_A3_TASHA_11450000.mp4,true,day5_7_first_50
egolife_rlhf_packet_ranking_v4,dbea4d3c4ab21c99f39c,day5_7_full_100,HM,completed,24,EGOLIFE2U_RANDOM_PAIR_CLIP_PRUNED_DAY5_11463000_A2_A6_0-1,1,EGOLIFE2U_RANDOM_PAIR_CLIP_PRUNED_DAY5_11463000_A2_A6_0-1::candidate_03,3,3,2,false,,,Thu Aug 06 2026 15:43:06 GMT-0400 (Eastern Daylight Time),Fri Aug 07 2026 12:23:48 GMT-0400 (Eastern Daylight Time),974,I was standing in the living room with the checkered tablecloth and couldn't see into the kitchen clearly. What kind of fruit did the person with pink hair end up washing at the sink?,"[""a bunch of green grapes"",""a cluster of red cherries"",""a pile of yellow lemons"",""some red strawberries"",""a bowl of blueberries""]",A,a bunch of green grapes,Alice,https://huggingface.co/datasets/lmms-lab/EgoLife/resolve/main/A2_ALICE/DAY5/DAY5_A2_ALICE_11463000.mp4,Shure,https://huggingface.co/datasets/lmms-lab/EgoLife/resolve/main/A6_SHURE/DAY5/DAY5_A6_SHURE_11463000.mp4,true,day5_7_first_50
egolife_rlhf_packet_ranking_v4,dbea4d3c4ab21c99f39c,day5_7_full_100,HM,completed,24,EGOLIFE2U_RANDOM_PAIR_CLIP_PRUNED_DAY5_11463000_A2_A6_0-1,2,EGOLIFE2U_RANDOM_PAIR_CLIP_PRUNED_DAY5_11463000_A2_A6_0-1::candidate_05,3,1,2,false,,,Thu Aug 06 2026 15:43:06 GMT-0400 (Eastern Daylight Time),Fri Aug 07 2026 12:23:48 GMT-0400 (Eastern Daylight Time),974,"I was looking at the person with pink hair working at the kitchen sink, but I couldn't see what they were holding. What kind of fruit was the person washing in their hands?","[""A bunch of green grapes"",""A small white bowl"",""Some red apples"",""A clear drinking glass"",""A wooden cutting board""]",A,A bunch of green grapes,Alice,https://huggingface.co/datasets/lmms-lab/EgoLife/resolve/main/A2_ALICE/DAY5/DAY5_A2_ALICE_11463000.mp4,Shure,https://huggingface.co/datasets/lmms-lab/EgoLife/resolve/main/A6_SHURE/DAY5/DAY5_A6_SHURE_11463000.mp4,true,day5_7_first_50
egolife_rlhf_packet_ranking_v4,dbea4d3c4ab21c99f39c,day5_7_full_100,HM,completed,24,EGOLIFE2U_RANDOM_PAIR_CLIP_PRUNED_DAY5_11463000_A2_A6_0-1,3,EGOLIFE2U_RANDOM_PAIR_CLIP_PRUNED_DAY5_11463000_A2_A6_0-1::candidate_01,2,2,2,false,,,Thu Aug 06 2026 15:43:06 GMT-0400 (Eastern Daylight Time),Fri Aug 07 2026 12:23:48 GMT-0400 (Eastern Daylight Time),974,"I was just looking at the table in the living room with the checkered cloth and the Pikachu box, but I couldn't see what was on the kitchen counter near the window. What was the person with pink hair doing there?","[""washing a bunch of green grapes"",""filling a water bottle from the tap"",""drying a wooden cutting board"",""pouring juice into a glass"",""arranging bottles on the sill""]",A,washing a bunch of green grapes,Alice,https://huggingface.co/datasets/lmms-lab/EgoLife/resolve/main/A2_ALICE/DAY5/DAY5_A2_ALICE_11463000.mp4,Shure,https://huggingface.co/datasets/lmms-lab/EgoLife/resolve/main/A6_SHURE/DAY5/DAY5_A6_SHURE_11463000.mp4,true,day5_7_first_50
egolife_rlhf_packet_ranking_v4,dbea4d3c4ab21c99f39c,day5_7_full_100,HM,completed,24,EGOLIFE2U_RANDOM_PAIR_CLIP_PRUNED_DAY5_11463000_A2_A6_0-1,4,EGOLIFE2U_RANDOM_PAIR_CLIP_PRUNED_DAY5_11463000_A2_A6_0-1::candidate_06,2,1,2,false,,,Thu Aug 06 2026 15:43:06 GMT-0400 (Eastern Daylight Time),Fri Aug 07 2026 12:23:48 GMT-0400 (Eastern Daylight Time),974,I noticed the person with pink hair standing by the sink area. What fruit were they handling?,"[""Green grapes"",""Red apples"",""Yellow bananas"",""Blueberries"",""Orange segments""]",A,Green grapes,Alice,https://huggingface.co/datasets/lmms-lab/EgoLife/resolve/main/A2_ALICE/DAY5/DAY5_A2_ALICE_11463000.mp4,Shure,https://huggingface.co/datasets/lmms-lab/EgoLife/resolve/main/A6_SHURE/DAY5/DAY5_A6_SHURE_11463000.mp4,true,day5_7_first_50
egolife_rlhf_packet_ranking_v4,dbea4d3c4ab21c99f39c,day5_7_full_100,HM,completed,24,EGOLIFE2U_RANDOM_PAIR_CLIP_PRUNED_DAY5_11463000_A2_A6_0-1,5,EGOLIFE2U_RANDOM_PAIR_CLIP_PRUNED_DAY5_11463000_A2_A6_0-1::candidate_04,2,3,2,false,,,Thu Aug 06 2026 15:43:06 GMT-0400 (Eastern Daylight Time),Fri Aug 07 2026 12:23:48 GMT-0400 (Eastern Daylight Time),974,"I was looking around the room with the table and whiteboard, but I couldn't see what anyone was doing in the kitchen. What was the person with pink hair washing at the sink?","[""A bunch of green grapes"",""A small white bowl"",""Some red apples"",""A clear drinking glass"",""A wooden cutting board""]",A,A bunch of green grapes,Alice,https://huggingface.co/datasets/lmms-lab/EgoLife/resolve/main/A2_ALICE/DAY5/DAY5_A2_ALICE_11463000.mp4,Shure,https://huggingface.co/datasets/lmms-lab/EgoLife/resolve/main/A6_SHURE/DAY5/DAY5_A6_SHURE_11463000.mp4,true,day5_7_first_50
egolife_rlhf_packet_ranking_v4,dbea4d3c4ab21c99f39c,day5_7_full_100,HM,completed,24,EGOLIFE2U_RANDOM_PAIR_CLIP_PRUNED_DAY5_11463000_A2_A6_0-1,6,EGOLIFE2U_RANDOM_PAIR_CLIP_PRUNED_DAY5_11463000_A2_A6_0-1::candidate_02,2,2,2,false,,,Thu Aug 06 2026 15:43:06 GMT-0400 (Eastern Daylight Time),Fri Aug 07 2026 12:23:48 GMT-0400 (Eastern Daylight Time),974,"I was looking at the table with the checkered cloth and the Pikachu box in the living room, but I couldn't see clearly into the kitchen area. What kind of fruit was the person with pink hair washing at the sink?","[""a bunch of green grapes"",""a cluster of red cherries"",""a pile of yellow lemons"",""some red strawberries"",""a bowl of blueberries""]",A,a bunch of green grapes,Alice,https://huggingface.co/datasets/lmms-lab/EgoLife/resolve/main/A2_ALICE/DAY5/DAY5_A2_ALICE_11463000.mp4,Shure,https://huggingface.co/datasets/lmms-lab/EgoLife/resolve/main/A6_SHURE/DAY5/DAY5_A6_SHURE_11463000.mp4,true,day5_7_first_50
egolife_rlhf_packet_ranking_v4,dbea4d3c4ab21c99f39c,day5_7_full_100,HM,completed,25,EGOLIFE2U_RANDOM_PAIR_CLIP_PRUNED_DAY5_11470000_A2_A4_0-1,1,EGOLIFE2U_RANDOM_PAIR_CLIP_PRUNED_DAY5_11470000_A2_A4_0-1::candidate_06,3,1,1,false,,,Thu Aug 06 2026 15:43:06 GMT-0400 (Eastern Daylight Time),Fri Aug 07 2026 12:29:58 GMT-0400 (Eastern Daylight Time),373,"I'm trying to remember exactly what was on the table with the checkered cloth, but I couldn't see the whole thing from my angle. Was there a large bouquet of pink and yellow flowers on it, or was it just a small vase?","[""A large bouquet of pink and yellow flowers"",""A single red rose in a glass vase"",""A potted green plant with no blooms"",""A small white ceramic vase with dried grass"",""A basket of artificial red roses""]",A,A large bouquet of pink and yellow flowers,Alice,https://huggingface.co/datasets/lmms-lab/EgoLife/resolve/main/A2_ALICE/DAY5/DAY5_A2_ALICE_11470000.mp4,Lucia,https://huggingface.co/datasets/lmms-lab/EgoLife/resolve/main/A4_LUCIA/DAY5/DAY5_A4_LUCIA_11470000.mp4,true,day5_7_first_50
egolife_rlhf_packet_ranking_v4,dbea4d3c4ab21c99f39c,day5_7_full_100,HM,completed,25,EGOLIFE2U_RANDOM_PAIR_CLIP_PRUNED_DAY5_11470000_A2_A4_0-1,2,EGOLIFE2U_RANDOM_PAIR_CLIP_PRUNED_DAY5_11470000_A2_A4_0-1::candidate_03,3,2,2,false,,,Thu Aug 06 2026 15:43:06 GMT-0400 (Eastern Daylight Time),Fri Aug 07 2026 12:29:58 GMT-0400 (Eastern Daylight Time),373,"I was looking at the person standing in the middle of the room near the table with the flowers. From my angle, I could see their white outfit and yellow slippers clearly, but I couldn't see what was on the wall behind them. What was that large white rectangular thing hanging on the wall in the background?","[""A large projection screen"",""A whiteboard with writing"",""A framed photograph"",""A window with blinds"",""A decorative painting""]",A,A large projection screen,Alice,https://huggingface.co/datasets/lmms-lab/EgoLife/resolve/main/A2_ALICE/DAY5/DAY5_A2_ALICE_11470000.mp4,Lucia,https://huggingface.co/datasets/lmms-lab/EgoLife/resolve/main/A4_LUCIA/DAY5/DAY5_A4_LUCIA_11470000.mp4,true,day5_7_first_50
egolife_rlhf_packet_ranking_v4,dbea4d3c4ab21c99f39c,day5_7_full_100,HM,completed,25,EGOLIFE2U_RANDOM_PAIR_CLIP_PRUNED_DAY5_11470000_A2_A4_0-1,3,EGOLIFE2U_RANDOM_PAIR_CLIP_PRUNED_DAY5_11470000_A2_A4_0-1::candidate_01,3,1,1,false,,,Thu Aug 06 2026 15:43:06 GMT-0400 (Eastern Daylight Time),Fri Aug 07 2026 12:29:58 GMT-0400 (Eastern Daylight Time),373,"I was looking at the person in the white shirt and shorts standing in the room with the flowers. From my view, I could see a large white board behind them, but I couldn't tell if there was anything written on it. Was the whiteboard blank or did it have writing on it?","[""It was completely blank and clean"",""It was covered in black marker writing"",""It had a large map drawn on it"",""It had colorful sticky notes all over it"",""It was covered in red marker writing""]",B,It was covered in black marker writing,Alice,https://huggingface.co/datasets/lmms-lab/EgoLife/resolve/main/A2_ALICE/DAY5/DAY5_A2_ALICE_11470000.mp4,Lucia,https://huggingface.co/datasets/lmms-lab/EgoLife/resolve/main/A4_LUCIA/DAY5/DAY5_A4_LUCIA_11470000.mp4,true,day5_7_first_50
egolife_rlhf_packet_ranking_v4,dbea4d3c4ab21c99f39c,day5_7_full_100,HM,completed,25,EGOLIFE2U_RANDOM_PAIR_CLIP_PRUNED_DAY5_11470000_A2_A4_0-1,4,EGOLIFE2U_RANDOM_PAIR_CLIP_PRUNED_DAY5_11470000_A2_A4_0-1::candidate_05,3,2,2,false,,,Thu Aug 06 2026 15:43:06 GMT-0400 (Eastern Daylight Time),Fri Aug 07 2026 12:29:58 GMT-0400 (Eastern Daylight Time),373,"I was looking at the person in the white shirt standing near the table, but my view was blocked by the flowers. What large white rectangular screen was hanging on the wall behind them?","[""A projector screen"",""A whiteboard on an easel"",""A framed poster"",""A large mirror"",""A bulletin board""]",A,A projector screen,Alice,https://huggingface.co/datasets/lmms-lab/EgoLife/resolve/main/A2_ALICE/DAY5/DAY5_A2_ALICE_11470000.mp4,Lucia,https://huggingface.co/datasets/lmms-lab/EgoLife/resolve/main/A4_LUCIA/DAY5/DAY5_A4_LUCIA_11470000.mp4,true,day5_7_first_50
egolife_rlhf_packet_ranking_v4,dbea4d3c4ab21c99f39c,day5_7_full_100,HM,completed,25,EGOLIFE2U_RANDOM_PAIR_CLIP_PRUNED_DAY5_11470000_A2_A4_0-1,5,EGOLIFE2U_RANDOM_PAIR_CLIP_PRUNED_DAY5_11470000_A2_A4_0-1::candidate_04,3,1,2,false,,,Thu Aug 06 2026 15:43:06 GMT-0400 (Eastern Daylight Time),Fri Aug 07 2026 12:29:58 GMT-0400 (Eastern Daylight Time),373,"I was standing near the window looking at the person in the white outfit holding a chair, but I couldn't see the whole room. What was the large white rectangular object hanging on the wall behind that person?","[""A whiteboard on an easel"",""A projector screen"",""A framed poster"",""A large mirror"",""A bulletin board""]",B,A projector screen,Alice,https://huggingface.co/datasets/lmms-lab/EgoLife/resolve/main/A2_ALICE/DAY5/DAY5_A2_ALICE_11470000.mp4,Lucia,https://huggingface.co/datasets/lmms-lab/EgoLife/resolve/main/A4_LUCIA/DAY5/DAY5_A4_LUCIA_11470000.mp4,true,day5_7_first_50
egolife_rlhf_packet_ranking_v4,dbea4d3c4ab21c99f39c,day5_7_full_100,HM,completed,25,EGOLIFE2U_RANDOM_PAIR_CLIP_PRUNED_DAY5_11470000_A2_A4_0-1,6,EGOLIFE2U_RANDOM_PAIR_CLIP_PRUNED_DAY5_11470000_A2_A4_0-1::candidate_02,3,1,1,false,,,Thu Aug 06 2026 15:43:06 GMT-0400 (Eastern Daylight Time),Fri Aug 07 2026 12:29:58 GMT-0400 (Eastern Daylight Time),373,"I was watching the person in the white shirt and shorts standing by the table with the flowers. From my angle, I could see them clearly, but I couldn't tell what kind of flooring they were standing on. What kind of floor was underneath them?","[""Hardwood floor planks"",""Tiled floor"",""Rug"",""Carpet"",""Concrete floor""]",A,Hardwood floor planks,Alice,https://huggingface.co/datasets/lmms-lab/EgoLife/resolve/main/A2_ALICE/DAY5/DAY5_A2_ALICE_11470000.mp4,Lucia,https://huggingface.co/datasets/lmms-lab/EgoLife/resolve/main/A4_LUCIA/DAY5/DAY5_A4_LUCIA_11470000.mp4,true,day5_7_first_50
egolife_rlhf_packet_ranking_v4,dbea4d3c4ab21c99f39c,day5_7_full_100,HM,completed,26,EGOLIFE2U_RANDOM_PAIR_CLIP_PRUNED_DAY5_11473000_A3_A4_0-1,1,EGOLIFE2U_RANDOM_PAIR_CLIP_PRUNED_DAY5_11473000_A3_A4_0-1::candidate_01,3,1,1,false,,,Thu Aug 06 2026 15:43:07 GMT-0400 (Eastern Daylight Time),Fri Aug 07 2026 12:59:41 GMT-0400 (Eastern Daylight Time),1785,"I saw the person in the purple shirt moving around near the projector screen, but from where I was sitting at the table, I couldn't see what he was actually handling. What equipment was the person in the purple shirt setting up?","[""A small white speaker"",""A black photography softbox light"",""A large tripod camera"",""A white folding chair"",""A portable air conditioner""]",B,A black photography softbox light,Tasha,https://huggingface.co/datasets/lmms-lab/EgoLife/resolve/main/A3_TASHA/DAY5/DAY5_A3_TASHA_11473000.mp4,Lucia,https://huggingface.co/datasets/lmms-lab/EgoLife/resolve/main/A4_LUCIA/DAY5/DAY5_A4_LUCIA_11473000.mp4,true,day5_7_first_50
egolife_rlhf_packet_ranking_v4,dbea4d3c4ab21c99f39c,day5_7_full_100,HM,completed,26,EGOLIFE2U_RANDOM_PAIR_CLIP_PRUNED_DAY5_11473000_A3_A4_0-1,2,EGOLIFE2U_RANDOM_PAIR_CLIP_PRUNED_DAY5_11473000_A3_A4_0-1::candidate_03,2,1,1,false,,,Thu Aug 06 2026 15:43:07 GMT-0400 (Eastern Daylight Time),Fri Aug 07 2026 12:59:41 GMT-0400 (Eastern Daylight Time),1785,I noticed the person in the purple shirt was handling a large black umbrella-like object near the projector screen. Where exactly did that person place it down afterward?,"[""On top of the whiteboard stand"",""On the floor near the doorway"",""On the dining table"",""Leaning against the red refrigerator"",""On the wooden chair""]",B,On the floor near the doorway,Tasha,https://huggingface.co/datasets/lmms-lab/EgoLife/resolve/main/A3_TASHA/DAY5/DAY5_A3_TASHA_11473000.mp4,Lucia,https://huggingface.co/datasets/lmms-lab/EgoLife/resolve/main/A4_LUCIA/DAY5/DAY5_A4_LUCIA_11473000.mp4,true,day5_7_first_50
egolife_rlhf_packet_ranking_v4,dbea4d3c4ab21c99f39c,day5_7_full_100,HM,completed,26,EGOLIFE2U_RANDOM_PAIR_CLIP_PRUNED_DAY5_11473000_A3_A4_0-1,3,EGOLIFE2U_RANDOM_PAIR_CLIP_PRUNED_DAY5_11473000_A3_A4_0-1::candidate_06,1,3,2,false,,"asker asked about themself
",Thu Aug 06 2026 15:43:07 GMT-0400 (Eastern Daylight Time),Fri Aug 07 2026 12:59:41 GMT-0400 (Eastern Daylight Time),1785,"I was holding that glass of dark liquid and standing near the red refrigerator, but I didn't get a clear look at who was standing next to it. Which person was standing by the red refrigerator?","[""the person wearing a maroon dress"",""the person wearing a purple shirt"",""the person wearing a white shirt and yellow slippers"",""the person wearing a grey shirt and blue jeans"",""the person wearing a beige shirt sitting at the table""]",D,the person wearing a grey shirt and blue jeans,Tasha,https://huggingface.co/datasets/lmms-lab/EgoLife/resolve/main/A3_TASHA/DAY5/DAY5_A3_TASHA_11473000.mp4,Lucia,https://huggingface.co/datasets/lmms-lab/EgoLife/resolve/main/A4_LUCIA/DAY5/DAY5_A4_LUCIA_11473000.mp4,true,day5_7_first_50
egolife_rlhf_packet_ranking_v4,dbea4d3c4ab21c99f39c,day5_7_full_100,HM,completed,26,EGOLIFE2U_RANDOM_PAIR_CLIP_PRUNED_DAY5_11473000_A3_A4_0-1,4,EGOLIFE2U_RANDOM_PAIR_CLIP_PRUNED_DAY5_11473000_A3_A4_0-1::candidate_05,2,3,1,false,,,Thu Aug 06 2026 15:43:07 GMT-0400 (Eastern Daylight Time),Fri Aug 07 2026 12:59:41 GMT-0400 (Eastern Daylight Time),1785,I was standing in the room with the red checkered tablecloth and saw the person in the purple shirt holding a large black umbrella-like object near the projector screen. Where did that person place it down afterward?,"[""On the dining table"",""Leaning against the red refrigerator"",""On top of the whiteboard stand"",""On the floor near the doorway"",""On the wooden chair""]",D,On the floor near the doorway,Tasha,https://huggingface.co/datasets/lmms-lab/EgoLife/resolve/main/A3_TASHA/DAY5/DAY5_A3_TASHA_11473000.mp4,Lucia,https://huggingface.co/datasets/lmms-lab/EgoLife/resolve/main/A4_LUCIA/DAY5/DAY5_A4_LUCIA_11473000.mp4,true,day5_7_first_50
egolife_rlhf_packet_ranking_v4,dbea4d3c4ab21c99f39c,day5_7_full_100,HM,completed,26,EGOLIFE2U_RANDOM_PAIR_CLIP_PRUNED_DAY5_11473000_A3_A4_0-1,5,EGOLIFE2U_RANDOM_PAIR_CLIP_PRUNED_DAY5_11473000_A3_A4_0-1::candidate_04,2,3,1,false,,,Thu Aug 06 2026 15:43:07 GMT-0400 (Eastern Daylight Time),Fri Aug 07 2026 12:59:41 GMT-0400 (Eastern Daylight Time),1785,I was standing near the table with the red checkered cloth and saw the person in the purple shirt holding a large black umbrella-like object near the projector screen. Where did that person place it down afterward?,"[""On the dining table"",""Leaning against the red refrigerator"",""On top of the whiteboard stand"",""On the floor near the doorway"",""On the wooden chair""]",D,On the floor near the doorway,Tasha,https://huggingface.co/datasets/lmms-lab/EgoLife/resolve/main/A3_TASHA/DAY5/DAY5_A3_TASHA_11473000.mp4,Lucia,https://huggingface.co/datasets/lmms-lab/EgoLife/resolve/main/A4_LUCIA/DAY5/DAY5_A4_LUCIA_11473000.mp4,true,day5_7_first_50
egolife_rlhf_packet_ranking_v4,dbea4d3c4ab21c99f39c,day5_7_full_100,HM,completed,26,EGOLIFE2U_RANDOM_PAIR_CLIP_PRUNED_DAY5_11473000_A3_A4_0-1,6,EGOLIFE2U_RANDOM_PAIR_CLIP_PRUNED_DAY5_11473000_A3_A4_0-1::candidate_02,3,3,1,false,,,Thu Aug 06 2026 15:43:07 GMT-0400 (Eastern Daylight Time),Fri Aug 07 2026 12:59:41 GMT-0400 (Eastern Daylight Time),1785,"I saw the person in the purple shirt holding that black photography light, but from where I was sitting at the table, I couldn't see what was on the floor beneath him. What item was on the floor right next to where the person in the purple shirt was standing?","[""A small cardboard box"",""A white folding chair"",""A red beverage can"",""A large white bucket"",""A black trash bag""]",A,A small cardboard box,Tasha,https://huggingface.co/datasets/lmms-lab/EgoLife/resolve/main/A3_TASHA/DAY5/DAY5_A3_TASHA_11473000.mp4,Lucia,https://huggingface.co/datasets/lmms-lab/EgoLife/resolve/main/A4_LUCIA/DAY5/DAY5_A4_LUCIA_11473000.mp4,true,day5_7_first_50
egolife_rlhf_packet_ranking_v4,dbea4d3c4ab21c99f39c,day5_7_full_100,HM,completed,27,EGOLIFE2U_RANDOM_PAIR_CLIP_PRUNED_DAY5_11543000_A1_A4_0-1,1,EGOLIFE2U_RANDOM_PAIR_CLIP_PRUNED_DAY5_11543000_A1_A4_0-1::candidate_01,3,2,1,false,,,Thu Aug 06 2026 15:43:07 GMT-0400 (Eastern Daylight Time),Fri Aug 07 2026 13:15:45 GMT-0400 (Eastern Daylight Time),960,"I was walking through the backyard with the gravel floor and wooden deck, but I didn't catch what was sitting on the wooden deck right next to the blue wall. What object was lying there?","[""A black rectangular case"",""A white laundry basket"",""A wooden picture frame"",""A metal grill"",""A cardboard box""]",A,A black rectangular case,Jake,https://huggingface.co/datasets/lmms-lab/EgoLife/resolve/main/A1_JAKE/DAY5/DAY5_A1_JAKE_11543000.mp4,Lucia,https://huggingface.co/datasets/lmms-lab/EgoLife/resolve/main/A4_LUCIA/DAY5/DAY5_A4_LUCIA_11543000.mp4,true,day5_7_first_50
egolife_rlhf_packet_ranking_v4,dbea4d3c4ab21c99f39c,day5_7_full_100,HM,completed,27,EGOLIFE2U_RANDOM_PAIR_CLIP_PRUNED_DAY5_11543000_A1_A4_0-1,2,EGOLIFE2U_RANDOM_PAIR_CLIP_PRUNED_DAY5_11543000_A1_A4_0-1::candidate_06,1,1,2,false,,,Thu Aug 06 2026 15:43:07 GMT-0400 (Eastern Daylight Time),Fri Aug 07 2026 13:15:45 GMT-0400 (Eastern Daylight Time),960,"I was exploring the backyard area and saw a grill sitting on the gravel. Did you bring that vase of flowers with pink and yellow blooms into the room with the large projection screen, or did you leave it outside?","[""The flowers were placed on a surface in the room with the large projection screen"",""The flowers were left outside near the grill on the gravel"",""The flowers were brought into the bedroom with the messy bed"",""The flowers were placed on a table in the kitchen"",""The flowers were set down in the hallway near the staircase""]",A,The flowers were placed on a surface in the room with the large projection screen,Jake,https://huggingface.co/datasets/lmms-lab/EgoLife/resolve/main/A1_JAKE/DAY5/DAY5_A1_JAKE_11543000.mp4,Lucia,https://huggingface.co/datasets/lmms-lab/EgoLife/resolve/main/A4_LUCIA/DAY5/DAY5_A4_LUCIA_11543000.mp4,true,day5_7_first_50
egolife_rlhf_packet_ranking_v4,dbea4d3c4ab21c99f39c,day5_7_full_100,HM,completed,27,EGOLIFE2U_RANDOM_PAIR_CLIP_PRUNED_DAY5_11543000_A1_A4_0-1,3,EGOLIFE2U_RANDOM_PAIR_CLIP_PRUNED_DAY5_11543000_A1_A4_0-1::candidate_02,2,2,1,false,,,Thu Aug 06 2026 15:43:07 GMT-0400 (Eastern Daylight Time),Fri Aug 07 2026 13:15:45 GMT-0400 (Eastern Daylight Time),960,"I was walking down the wooden deck in the backyard with the blue wall, and I saw something lying on the floor. What was that item?","[""A black rectangular case"",""A cardboard shipping box"",""A folded white towel"",""A pair of shoes"",""A plastic grocery bag""]",A,A black rectangular case,Jake,https://huggingface.co/datasets/lmms-lab/EgoLife/resolve/main/A1_JAKE/DAY5/DAY5_A1_JAKE_11543000.mp4,Lucia,https://huggingface.co/datasets/lmms-lab/EgoLife/resolve/main/A4_LUCIA/DAY5/DAY5_A4_LUCIA_11543000.mp4,true,day5_7_first_50
egolife_rlhf_packet_ranking_v4,dbea4d3c4ab21c99f39c,day5_7_full_100,HM,completed,27,EGOLIFE2U_RANDOM_PAIR_CLIP_PRUNED_DAY5_11543000_A1_A4_0-1,4,EGOLIFE2U_RANDOM_PAIR_CLIP_PRUNED_DAY5_11543000_A1_A4_0-1::candidate_05,3,2,1,false,,,Thu Aug 06 2026 15:43:07 GMT-0400 (Eastern Daylight Time),Fri Aug 07 2026 13:15:45 GMT-0400 (Eastern Daylight Time),960,I was walking through the backyard and noticed a vase of flowers with pink and yellow blooms sitting on a small wooden table or cabinet. Which room did the flowers end up in?,"[""A room with a large projection screen and a desk"",""A bedroom with a messy bed and a suitcase"",""A kitchen with a refrigerator and dining table"",""A hallway with a staircase and a mirror"",""A bathroom with a sink and a towel rack""]",A,A room with a large projection screen and a desk,Jake,https://huggingface.co/datasets/lmms-lab/EgoLife/resolve/main/A1_JAKE/DAY5/DAY5_A1_JAKE_11543000.mp4,Lucia,https://huggingface.co/datasets/lmms-lab/EgoLife/resolve/main/A4_LUCIA/DAY5/DAY5_A4_LUCIA_11543000.mp4,true,day5_7_first_50
egolife_rlhf_packet_ranking_v4,dbea4d3c4ab21c99f39c,day5_7_full_100,HM,completed,27,EGOLIFE2U_RANDOM_PAIR_CLIP_PRUNED_DAY5_11543000_A1_A4_0-1,5,EGOLIFE2U_RANDOM_PAIR_CLIP_PRUNED_DAY5_11543000_A1_A4_0-1::candidate_03,2,1,1,false,,,Thu Aug 06 2026 15:43:07 GMT-0400 (Eastern Daylight Time),Fri Aug 07 2026 13:15:45 GMT-0400 (Eastern Daylight Time),960,I was carrying that glass vase with the pink and yellow flowers around the house earlier. Where did I eventually leave it?,"[""On a small wooden table near a white plastic bag"",""On the dining table under the white umbrella outside"",""On the floor next to the blue wall in the backyard"",""On the kitchen counter near the sink"",""On the bed in the room with the window""]",A,On a small wooden table near a white plastic bag,Jake,https://huggingface.co/datasets/lmms-lab/EgoLife/resolve/main/A1_JAKE/DAY5/DAY5_A1_JAKE_11543000.mp4,Lucia,https://huggingface.co/datasets/lmms-lab/EgoLife/resolve/main/A4_LUCIA/DAY5/DAY5_A4_LUCIA_11543000.mp4,true,day5_7_first_50
egolife_rlhf_packet_ranking_v4,dbea4d3c4ab21c99f39c,day5_7_full_100,HM,completed,27,EGOLIFE2U_RANDOM_PAIR_CLIP_PRUNED_DAY5_11543000_A1_A4_0-1,6,EGOLIFE2U_RANDOM_PAIR_CLIP_PRUNED_DAY5_11543000_A1_A4_0-1::candidate_04,1,1,1,false,,,Thu Aug 06 2026 15:43:07 GMT-0400 (Eastern Daylight Time),Fri Aug 07 2026 13:15:45 GMT-0400 (Eastern Daylight Time),960,"I was checking out the backyard and noticed a wooden gate with a red diamond-shaped decoration. When I got inside and went to the room with the large projection screen and a desk, I saw a vase of flowers sitting on a wooden surface. What was the name written in blue on the window above that vase?","[""A1_JAKE"",""A4_LUCIA"",""DAY5"",""11:54"",""UNKNOWN""]",B,A4_LUCIA,Jake,https://huggingface.co/datasets/lmms-lab/EgoLife/resolve/main/A1_JAKE/DAY5/DAY5_A1_JAKE_11543000.mp4,Lucia,https://huggingface.co/datasets/lmms-lab/EgoLife/resolve/main/A4_LUCIA/DAY5/DAY5_A4_LUCIA_11543000.mp4,true,day5_7_first_50
egolife_rlhf_packet_ranking_v4,dbea4d3c4ab21c99f39c,day5_7_full_100,HM,completed,28,EGOLIFE2U_RANDOM_PAIR_CLIP_PRUNED_DAY5_11573000_A2_A6_0-1,1,EGOLIFE2U_RANDOM_PAIR_CLIP_PRUNED_DAY5_11573000_A2_A6_0-1::candidate_06,2,1,2,false,,,Thu Aug 06 2026 15:43:07 GMT-0400 (Eastern Daylight Time),Fri Aug 07 2026 13:54:30 GMT-0400 (Eastern Daylight Time),2342,I was standing in the kitchen area looking toward the living room with the big projector screen. What color was the dress worn by the person standing near that screen?,"[""A dark blue dress"",""A maroon dress"",""A black dress"",""A white dress"",""A light pink dress""]",A,A dark blue dress,Alice,https://huggingface.co/datasets/lmms-lab/EgoLife/resolve/main/A2_ALICE/DAY5/DAY5_A2_ALICE_11573000.mp4,Shure,https://huggingface.co/datasets/lmms-lab/EgoLife/resolve/main/A6_SHURE/DAY5/DAY5_A6_SHURE_11573000.mp4,true,day5_7_first_50
egolife_rlhf_packet_ranking_v4,dbea4d3c4ab21c99f39c,day5_7_full_100,HM,completed,28,EGOLIFE2U_RANDOM_PAIR_CLIP_PRUNED_DAY5_11573000_A2_A6_0-1,2,EGOLIFE2U_RANDOM_PAIR_CLIP_PRUNED_DAY5_11573000_A2_A6_0-1::candidate_01,2,1,2,false,,,Thu Aug 06 2026 15:43:07 GMT-0400 (Eastern Daylight Time),Fri Aug 07 2026 13:54:30 GMT-0400 (Eastern Daylight Time),2342,"While I was standing in the room with the whiteboard and projector screen, I saw someone in the other room near the table. What color was the table surface where they were standing?","[""Orange"",""White"",""Black"",""Blue"",""Wood-colored""]",A,Orange,Alice,https://huggingface.co/datasets/lmms-lab/EgoLife/resolve/main/A2_ALICE/DAY5/DAY5_A2_ALICE_11573000.mp4,Shure,https://huggingface.co/datasets/lmms-lab/EgoLife/resolve/main/A6_SHURE/DAY5/DAY5_A6_SHURE_11573000.mp4,true,day5_7_first_50
egolife_rlhf_packet_ranking_v4,dbea4d3c4ab21c99f39c,day5_7_full_100,HM,completed,28,EGOLIFE2U_RANDOM_PAIR_CLIP_PRUNED_DAY5_11573000_A2_A6_0-1,3,EGOLIFE2U_RANDOM_PAIR_CLIP_PRUNED_DAY5_11573000_A2_A6_0-1::candidate_03,3,3,2,false,,,Thu Aug 06 2026 15:43:07 GMT-0400 (Eastern Daylight Time),Fri Aug 07 2026 13:54:30 GMT-0400 (Eastern Daylight Time),2342,"I was standing by the window in the kitchen area, but I couldn't see the table in the other room with the large projector screen. Was there any food on that table?","[""Yes, there was a bowl of food on the table."",""Yes, there was a plate of fruit on the table."",""No, the table was completely empty."",""Yes, there was a pitcher of water on the table."",""Yes, there was a laptop and a notebook on the table.""]",A,"Yes, there was a bowl of food on the table.",Alice,https://huggingface.co/datasets/lmms-lab/EgoLife/resolve/main/A2_ALICE/DAY5/DAY5_A2_ALICE_11573000.mp4,Shure,https://huggingface.co/datasets/lmms-lab/EgoLife/resolve/main/A6_SHURE/DAY5/DAY5_A6_SHURE_11573000.mp4,true,day5_7_first_50
egolife_rlhf_packet_ranking_v4,dbea4d3c4ab21c99f39c,day5_7_full_100,HM,completed,28,EGOLIFE2U_RANDOM_PAIR_CLIP_PRUNED_DAY5_11573000_A2_A6_0-1,4,EGOLIFE2U_RANDOM_PAIR_CLIP_PRUNED_DAY5_11573000_A2_A6_0-1::candidate_05,3,1,2,false,,,Thu Aug 06 2026 15:43:07 GMT-0400 (Eastern Daylight Time),Fri Aug 07 2026 13:54:30 GMT-0400 (Eastern Daylight Time),2342,"I was looking at the desk in the room with the large projector screen, but the angle from my side was a bit restricted. What specific object was sitting on the corner of that desk?","[""A small potted plant with green leaves"",""A stack of hardcover books"",""A red plastic storage bin"",""A silver laptop computer"",""A framed photograph""]",A,A small potted plant with green leaves,Alice,https://huggingface.co/datasets/lmms-lab/EgoLife/resolve/main/A2_ALICE/DAY5/DAY5_A2_ALICE_11573000.mp4,Shure,https://huggingface.co/datasets/lmms-lab/EgoLife/resolve/main/A6_SHURE/DAY5/DAY5_A6_SHURE_11573000.mp4,true,day5_7_first_50
egolife_rlhf_packet_ranking_v4,dbea4d3c4ab21c99f39c,day5_7_full_100,HM,completed,28,EGOLIFE2U_RANDOM_PAIR_CLIP_PRUNED_DAY5_11573000_A2_A6_0-1,5,EGOLIFE2U_RANDOM_PAIR_CLIP_PRUNED_DAY5_11573000_A2_A6_0-1::candidate_02,2,1,2,false,,,Thu Aug 06 2026 15:43:07 GMT-0400 (Eastern Daylight Time),Fri Aug 07 2026 13:54:30 GMT-0400 (Eastern Daylight Time),2342,I saw someone standing by a table in the room with the projector screen. What color was the surface of that table?,"[""Orange"",""White"",""Black"",""Blue"",""Wood-colored""]",A,Orange,Alice,https://huggingface.co/datasets/lmms-lab/EgoLife/resolve/main/A2_ALICE/DAY5/DAY5_A2_ALICE_11573000.mp4,Shure,https://huggingface.co/datasets/lmms-lab/EgoLife/resolve/main/A6_SHURE/DAY5/DAY5_A6_SHURE_11573000.mp4,true,day5_7_first_50
egolife_rlhf_packet_ranking_v4,dbea4d3c4ab21c99f39c,day5_7_full_100,HM,completed,28,EGOLIFE2U_RANDOM_PAIR_CLIP_PRUNED_DAY5_11573000_A2_A6_0-1,6,EGOLIFE2U_RANDOM_PAIR_CLIP_PRUNED_DAY5_11573000_A2_A6_0-1::candidate_04,3,3,2,false,,,Thu Aug 06 2026 15:43:07 GMT-0400 (Eastern Daylight Time),Fri Aug 07 2026 13:54:30 GMT-0400 (Eastern Daylight Time),2342,"I was standing in the living room with the whiteboard, but I couldn't see the desk in the room with the large projector screen. What object was sitting on that desk?","[""A small potted plant with green leaves"",""A stack of hardcover books"",""A red plastic storage bin"",""A silver laptop computer"",""A framed photograph""]",A,A small potted plant with green leaves,Alice,https://huggingface.co/datasets/lmms-lab/EgoLife/resolve/main/A2_ALICE/DAY5/DAY5_A2_ALICE_11573000.mp4,Shure,https://huggingface.co/datasets/lmms-lab/EgoLife/resolve/main/A6_SHURE/DAY5/DAY5_A6_SHURE_11573000.mp4,true,day5_7_first_50
egolife_rlhf_packet_ranking_v4,dbea4d3c4ab21c99f39c,day5_7_full_100,HM,completed,29,EGOLIFE2U_RANDOM_PAIR_CLIP_PRUNED_DAY5_12100000_A3_A4_0-1,1,EGOLIFE2U_RANDOM_PAIR_CLIP_PRUNED_DAY5_12100000_A3_A4_0-1::candidate_01,2,3,1,false,,,Thu Aug 06 2026 15:43:07 GMT-0400 (Eastern Daylight Time),Fri Aug 07 2026 14:23:20 GMT-0400 (Eastern Daylight Time),1715,I was holding this large sandwich and a pink paper bag while we were sitting at the table. What was the specific dish in the round container that the person next to me was eating from?,"[""A bowl of plain white rice"",""A container of green grapes"",""A round container of braised meat or stew"",""A small plate of dumplings"",""A bowl of clear soup""]",C,A round container of braised meat or stew,Tasha,https://huggingface.co/datasets/lmms-lab/EgoLife/resolve/main/A3_TASHA/DAY5/DAY5_A3_TASHA_12100000.mp4,Lucia,https://huggingface.co/datasets/lmms-lab/EgoLife/resolve/main/A4_LUCIA/DAY5/DAY5_A4_LUCIA_12100000.mp4,true,day5_7_first_50
egolife_rlhf_packet_ranking_v4,dbea4d3c4ab21c99f39c,day5_7_full_100,HM,completed,29,EGOLIFE2U_RANDOM_PAIR_CLIP_PRUNED_DAY5_12100000_A3_A4_0-1,2,EGOLIFE2U_RANDOM_PAIR_CLIP_PRUNED_DAY5_12100000_A3_A4_0-1::candidate_02,3,3,1,false,,,Thu Aug 06 2026 15:43:07 GMT-0400 (Eastern Daylight Time),Fri Aug 07 2026 14:23:20 GMT-0400 (Eastern Daylight Time),1715,"While we were eating lunch at the table with the orange and white stripes, I was handling a sandwich, but I couldn't see what the person sitting across from me was eating from. What kind of food was in the round plastic container in front of them?","[""A container of green grapes"",""A bowl of plain white rice"",""A round container of braised meat or stew"",""A box of dumplings"",""A plate of sliced vegetables""]",C,A round container of braised meat or stew,Tasha,https://huggingface.co/datasets/lmms-lab/EgoLife/resolve/main/A3_TASHA/DAY5/DAY5_A3_TASHA_12100000.mp4,Lucia,https://huggingface.co/datasets/lmms-lab/EgoLife/resolve/main/A4_LUCIA/DAY5/DAY5_A4_LUCIA_12100000.mp4,true,day5_7_first_50
egolife_rlhf_packet_ranking_v4,dbea4d3c4ab21c99f39c,day5_7_full_100,HM,completed,29,EGOLIFE2U_RANDOM_PAIR_CLIP_PRUNED_DAY5_12100000_A3_A4_0-1,3,EGOLIFE2U_RANDOM_PAIR_CLIP_PRUNED_DAY5_12100000_A3_A4_0-1::candidate_03,3,3,2,false,,,Thu Aug 06 2026 15:43:07 GMT-0400 (Eastern Daylight Time),Fri Aug 07 2026 14:23:20 GMT-0400 (Eastern Daylight Time),1715,"I was busy unwrapping my sandwich at the table, but I didn't get a good look at the food in front of the person with short hair and glasses. What specific food item was in the rectangular plastic container sitting on the table in front of them?","[""A clear plastic container filled with green grapes"",""A round plastic container with braised meat"",""A white styrofoam tray with dumplings"",""A glass bowl containing a soup or stew"",""A paper bag holding a sandwich""]",A,A clear plastic container filled with green grapes,Tasha,https://huggingface.co/datasets/lmms-lab/EgoLife/resolve/main/A3_TASHA/DAY5/DAY5_A3_TASHA_12100000.mp4,Lucia,https://huggingface.co/datasets/lmms-lab/EgoLife/resolve/main/A4_LUCIA/DAY5/DAY5_A4_LUCIA_12100000.mp4,true,day5_7_first_50
egolife_rlhf_packet_ranking_v4,dbea4d3c4ab21c99f39c,day5_7_full_100,HM,completed,29,EGOLIFE2U_RANDOM_PAIR_CLIP_PRUNED_DAY5_12100000_A3_A4_0-1,4,EGOLIFE2U_RANDOM_PAIR_CLIP_PRUNED_DAY5_12100000_A3_A4_0-1::candidate_04,2,3,1,false,,,Thu Aug 06 2026 15:43:07 GMT-0400 (Eastern Daylight Time),Fri Aug 07 2026 14:23:20 GMT-0400 (Eastern Daylight Time),1715,"I was handling a sandwich in pink paper while sitting at the table. Looking across to where the other person in the white shirt was eating, what kind of food was in the bowl they were using?","[""A container of green grapes"",""A bowl of dark meat with sauce"",""A plate of white rice"",""A container of yellow dumplings"",""A bowl of clear soup""]",B,A bowl of dark meat with sauce,Tasha,https://huggingface.co/datasets/lmms-lab/EgoLife/resolve/main/A3_TASHA/DAY5/DAY5_A3_TASHA_12100000.mp4,Lucia,https://huggingface.co/datasets/lmms-lab/EgoLife/resolve/main/A4_LUCIA/DAY5/DAY5_A4_LUCIA_12100000.mp4,true,day5_7_first_50
egolife_rlhf_packet_ranking_v4,dbea4d3c4ab21c99f39c,day5_7_full_100,HM,completed,29,EGOLIFE2U_RANDOM_PAIR_CLIP_PRUNED_DAY5_12100000_A3_A4_0-1,5,EGOLIFE2U_RANDOM_PAIR_CLIP_PRUNED_DAY5_12100000_A3_A4_0-1::candidate_05,2,3,2,false,,,Thu Aug 06 2026 15:43:07 GMT-0400 (Eastern Daylight Time),Fri Aug 07 2026 14:23:20 GMT-0400 (Eastern Daylight Time),1715,"I was holding a sandwich wrapped in pink paper. When I looked over at the person in the white shirt sitting next to me, what was inside the clear container of fruit on their side of the table?","[""A container of yellow dumplings"",""A container of green grapes"",""A container of red strawberries"",""A container of orange slices"",""A container of purple plums""]",B,A container of green grapes,Tasha,https://huggingface.co/datasets/lmms-lab/EgoLife/resolve/main/A3_TASHA/DAY5/DAY5_A3_TASHA_12100000.mp4,Lucia,https://huggingface.co/datasets/lmms-lab/EgoLife/resolve/main/A4_LUCIA/DAY5/DAY5_A4_LUCIA_12100000.mp4,true,day5_7_first_50
egolife_rlhf_packet_ranking_v4,dbea4d3c4ab21c99f39c,day5_7_full_100,HM,completed,29,EGOLIFE2U_RANDOM_PAIR_CLIP_PRUNED_DAY5_12100000_A3_A4_0-1,6,EGOLIFE2U_RANDOM_PAIR_CLIP_PRUNED_DAY5_12100000_A3_A4_0-1::candidate_06,2,3,2,false,,,Thu Aug 06 2026 15:43:07 GMT-0400 (Eastern Daylight Time),Fri Aug 07 2026 14:23:20 GMT-0400 (Eastern Daylight Time),1715,"I was handling the pink paper wrapping for the sandwich, but I can't see the whole table from here. What container of green fruit is sitting on the table near the main dish?","[""A clear plastic container with green grapes"",""A white ceramic bowl with green peas"",""A glass jar with green olives"",""A paper bag with green apples"",""A wooden bowl with green beans""]",A,A clear plastic container with green grapes,Tasha,https://huggingface.co/datasets/lmms-lab/EgoLife/resolve/main/A3_TASHA/DAY5/DAY5_A3_TASHA_12100000.mp4,Lucia,https://huggingface.co/datasets/lmms-lab/EgoLife/resolve/main/A4_LUCIA/DAY5/DAY5_A4_LUCIA_12100000.mp4,true,day5_7_first_50
egolife_rlhf_packet_ranking_v4,dbea4d3c4ab21c99f39c,day5_7_full_100,HM,completed,30,EGOLIFE2U_RANDOM_PAIR_CLIP_PRUNED_DAY5_12120000_A1_A4_0-1,1,EGOLIFE2U_RANDOM_PAIR_CLIP_PRUNED_DAY5_12120000_A1_A4_0-1::candidate_02,1,1,1,false,,,Thu Aug 06 2026 15:43:07 GMT-0400 (Eastern Daylight Time),Fri Aug 07 2026 14:56:22 GMT-0400 (Eastern Daylight Time),1988,"When I was standing by the red fridge and grabbing the white bottles, what was the other person in the kitchen doing at the same time?","[""Sitting at the table eating with chopsticks"",""Standing next to me looking into the fridge"",""Walking up the wooden stairs"",""Cleaning the kitchen counter"",""Watching a movie on the TV""]",A,Sitting at the table eating with chopsticks,Jake,https://huggingface.co/datasets/lmms-lab/EgoLife/resolve/main/A1_JAKE/DAY5/DAY5_A1_JAKE_12120000.mp4,Lucia,https://huggingface.co/datasets/lmms-lab/EgoLife/resolve/main/A4_LUCIA/DAY5/DAY5_A4_LUCIA_12120000.mp4,true,day5_7_first_50
egolife_rlhf_packet_ranking_v4,dbea4d3c4ab21c99f39c,day5_7_full_100,HM,completed,30,EGOLIFE2U_RANDOM_PAIR_CLIP_PRUNED_DAY5_12120000_A1_A4_0-1,2,EGOLIFE2U_RANDOM_PAIR_CLIP_PRUNED_DAY5_12120000_A1_A4_0-1::candidate_05,2,3,2,false,,,Thu Aug 06 2026 15:43:07 GMT-0400 (Eastern Daylight Time),Fri Aug 07 2026 14:56:22 GMT-0400 (Eastern Daylight Time),1988,"I was heading up the stairs with my sandwich and drink. In the room with the projector screen where we ended up, was there a can of soda sitting on the table?","[""Yes, there was a red soda can"",""Yes, there was a green soda can"",""No, there was only a plastic water bottle"",""No, there were no beverages at all"",""Yes, there was a glass of water""]",A,"Yes, there was a red soda can",Jake,https://huggingface.co/datasets/lmms-lab/EgoLife/resolve/main/A1_JAKE/DAY5/DAY5_A1_JAKE_12120000.mp4,Lucia,https://huggingface.co/datasets/lmms-lab/EgoLife/resolve/main/A4_LUCIA/DAY5/DAY5_A4_LUCIA_12120000.mp4,true,day5_7_first_50
egolife_rlhf_packet_ranking_v4,dbea4d3c4ab21c99f39c,day5_7_full_100,HM,completed,30,EGOLIFE2U_RANDOM_PAIR_CLIP_PRUNED_DAY5_12120000_A1_A4_0-1,3,EGOLIFE2U_RANDOM_PAIR_CLIP_PRUNED_DAY5_12120000_A1_A4_0-1::candidate_04,1,3,2,false,,,Thu Aug 06 2026 15:43:07 GMT-0400 (Eastern Daylight Time),Fri Aug 07 2026 14:56:22 GMT-0400 (Eastern Daylight Time),1988,"After I closed the red fridge and headed up the stairs with my sandwich, I ended up in the room with the projector screen. What was the other person doing at the table there?","[""Eating a meal with chopsticks"",""Watching a movie on the screen"",""Cleaning the table"",""Reading a book"",""Packing boxes""]",A,Eating a meal with chopsticks,Jake,https://huggingface.co/datasets/lmms-lab/EgoLife/resolve/main/A1_JAKE/DAY5/DAY5_A1_JAKE_12120000.mp4,Lucia,https://huggingface.co/datasets/lmms-lab/EgoLife/resolve/main/A4_LUCIA/DAY5/DAY5_A4_LUCIA_12120000.mp4,true,day5_7_first_50
egolife_rlhf_packet_ranking_v4,dbea4d3c4ab21c99f39c,day5_7_full_100,HM,completed,30,EGOLIFE2U_RANDOM_PAIR_CLIP_PRUNED_DAY5_12120000_A1_A4_0-1,4,EGOLIFE2U_RANDOM_PAIR_CLIP_PRUNED_DAY5_12120000_A1_A4_0-1::candidate_01,1,2,2,false,,,Thu Aug 06 2026 15:43:07 GMT-0400 (Eastern Daylight Time),Fri Aug 07 2026 14:56:22 GMT-0400 (Eastern Daylight Time),1988,"I was carrying my drink and a sandwich while walking up the stairs, but I couldn't see who was sitting at the table in the room ahead. Which of these describes what the person at the table was doing?","[""Eating food from a bowl using chopsticks"",""Drinking from a white bottle with a straw"",""Reading a book on the table"",""Typing on a laptop computer"",""Cleaning the table with a cloth""]",A,Eating food from a bowl using chopsticks,Jake,https://huggingface.co/datasets/lmms-lab/EgoLife/resolve/main/A1_JAKE/DAY5/DAY5_A1_JAKE_12120000.mp4,Lucia,https://huggingface.co/datasets/lmms-lab/EgoLife/resolve/main/A4_LUCIA/DAY5/DAY5_A4_LUCIA_12120000.mp4,true,day5_7_first_50
egolife_rlhf_packet_ranking_v4,dbea4d3c4ab21c99f39c,day5_7_full_100,HM,completed,30,EGOLIFE2U_RANDOM_PAIR_CLIP_PRUNED_DAY5_12120000_A1_A4_0-1,5,EGOLIFE2U_RANDOM_PAIR_CLIP_PRUNED_DAY5_12120000_A1_A4_0-1::candidate_06,1,3,2,false,,,Thu Aug 06 2026 15:43:07 GMT-0400 (Eastern Daylight Time),Fri Aug 07 2026 14:56:22 GMT-0400 (Eastern Daylight Time),1988,"After I walked up the stairs and into the room with the projector screen, what was the other person doing at the table?","[""Eating a meal with chopsticks"",""Setting up the projector"",""Cleaning the table"",""Watching a movie"",""Drinking from a soda can""]",A,Eating a meal with chopsticks,Jake,https://huggingface.co/datasets/lmms-lab/EgoLife/resolve/main/A1_JAKE/DAY5/DAY5_A1_JAKE_12120000.mp4,Lucia,https://huggingface.co/datasets/lmms-lab/EgoLife/resolve/main/A4_LUCIA/DAY5/DAY5_A4_LUCIA_12120000.mp4,true,day5_7_first_50
egolife_rlhf_packet_ranking_v4,dbea4d3c4ab21c99f39c,day5_7_full_100,HM,completed,30,EGOLIFE2U_RANDOM_PAIR_CLIP_PRUNED_DAY5_12120000_A1_A4_0-1,6,EGOLIFE2U_RANDOM_PAIR_CLIP_PRUNED_DAY5_12120000_A1_A4_0-1::candidate_03,1,3,1,false,,,Thu Aug 06 2026 15:43:07 GMT-0400 (Eastern Daylight Time),Fri Aug 07 2026 14:56:22 GMT-0400 (Eastern Daylight Time),1988,I grabbed a sandwich and a white bottle from the red fridge before heading up the stairs. What was I holding while I walked up the stairs?,"[""A sandwich and a white bottle"",""A bowl of soup and chopsticks"",""A red can of soda and a napkin"",""A plastic bag of groceries"",""A pair of shoes and a box""]",A,A sandwich and a white bottle,Jake,https://huggingface.co/datasets/lmms-lab/EgoLife/resolve/main/A1_JAKE/DAY5/DAY5_A1_JAKE_12120000.mp4,Lucia,https://huggingface.co/datasets/lmms-lab/EgoLife/resolve/main/A4_LUCIA/DAY5/DAY5_A4_LUCIA_12120000.mp4,true,day5_7_first_50
egolife_rlhf_packet_ranking_v4,dbea4d3c4ab21c99f39c,day5_7_full_100,HM,completed,31,EGOLIFE2U_RANDOM_PAIR_CLIP_PRUNED_DAY5_12400000_A1_A5_0-1,1,EGOLIFE2U_RANDOM_PAIR_CLIP_PRUNED_DAY5_12400000_A1_A5_0-1::candidate_02,1,3,2,false,,,Thu Aug 06 2026 15:43:07 GMT-0400 (Eastern Daylight Time),Fri Aug 07 2026 15:16:09 GMT-0400 (Eastern Daylight Time),1180,"I was sitting on the floor using my laptop, but I couldn't see what was happening in the rest of the room. From where you were, could you tell which person was using a laptop at the same time?","[""The person wearing a pink shirt lying on the bed"",""The person standing near the projector screen"",""The person wearing a purple shirt on the floor"",""The person sitting in the wooden chair"",""The person sitting on the sofa""]",A,The person wearing a pink shirt lying on the bed,Jake,https://huggingface.co/datasets/lmms-lab/EgoLife/resolve/main/A1_JAKE/DAY5/DAY5_A1_JAKE_12400000.mp4,Katrina,https://huggingface.co/datasets/lmms-lab/EgoLife/resolve/main/A5_KATRINA/DAY5/DAY5_A5_KATRINA_12400000.mp4,true,day5_7_first_50
egolife_rlhf_packet_ranking_v4,dbea4d3c4ab21c99f39c,day5_7_full_100,HM,completed,31,EGOLIFE2U_RANDOM_PAIR_CLIP_PRUNED_DAY5_12400000_A1_A5_0-1,2,EGOLIFE2U_RANDOM_PAIR_CLIP_PRUNED_DAY5_12400000_A1_A5_0-1::candidate_05,2,3,2,false,,,Thu Aug 06 2026 15:43:07 GMT-0400 (Eastern Daylight Time),Fri Aug 07 2026 15:16:09 GMT-0400 (Eastern Daylight Time),1180,I'm looking at the person in the purple shirt near the wooden chairs and window in my view; what color shirt is the person lying down on the couch using a laptop wearing?,"[""A pink t-shirt"",""A purple t-shirt"",""A blue t-shirt"",""A white t-shirt"",""A black t-shirt""]",A,A pink t-shirt,Jake,https://huggingface.co/datasets/lmms-lab/EgoLife/resolve/main/A1_JAKE/DAY5/DAY5_A1_JAKE_12400000.mp4,Katrina,https://huggingface.co/datasets/lmms-lab/EgoLife/resolve/main/A5_KATRINA/DAY5/DAY5_A5_KATRINA_12400000.mp4,true,day5_7_first_50
egolife_rlhf_packet_ranking_v4,dbea4d3c4ab21c99f39c,day5_7_full_100,HM,completed,31,EGOLIFE2U_RANDOM_PAIR_CLIP_PRUNED_DAY5_12400000_A1_A5_0-1,3,EGOLIFE2U_RANDOM_PAIR_CLIP_PRUNED_DAY5_12400000_A1_A5_0-1::candidate_04,2,1,1,false,,,Thu Aug 06 2026 15:43:07 GMT-0400 (Eastern Daylight Time),Fri Aug 07 2026 15:16:09 GMT-0400 (Eastern Daylight Time),1180,"I was sitting on the floor with my laptop on the stand, and I noticed someone else in the room holding a phone up near the projector screen. What was the color of the shirt worn by that person?","[""A pink t-shirt"",""A purple t-shirt"",""A blue t-shirt"",""A white t-shirt"",""A black t-shirt""]",A,A pink t-shirt,Jake,https://huggingface.co/datasets/lmms-lab/EgoLife/resolve/main/A1_JAKE/DAY5/DAY5_A1_JAKE_12400000.mp4,Katrina,https://huggingface.co/datasets/lmms-lab/EgoLife/resolve/main/A5_KATRINA/DAY5/DAY5_A5_KATRINA_12400000.mp4,true,day5_7_first_50
egolife_rlhf_packet_ranking_v4,dbea4d3c4ab21c99f39c,day5_7_full_100,HM,completed,31,EGOLIFE2U_RANDOM_PAIR_CLIP_PRUNED_DAY5_12400000_A1_A5_0-1,4,EGOLIFE2U_RANDOM_PAIR_CLIP_PRUNED_DAY5_12400000_A1_A5_0-1::candidate_06,3,1,2,false,,,Thu Aug 06 2026 15:43:07 GMT-0400 (Eastern Daylight Time),Fri Aug 07 2026 15:16:09 GMT-0400 (Eastern Daylight Time),1180,"I can see someone in a pink shirt using a laptop in the room with the projector screen, but I can't quite make out what they are wearing on their legs. What kind of pants is that person wearing?","[""Blue jeans"",""Black sweatpants"",""Khaki cargo shorts"",""White leggings"",""Gray track pants""]",A,Blue jeans,Jake,https://huggingface.co/datasets/lmms-lab/EgoLife/resolve/main/A1_JAKE/DAY5/DAY5_A1_JAKE_12400000.mp4,Katrina,https://huggingface.co/datasets/lmms-lab/EgoLife/resolve/main/A5_KATRINA/DAY5/DAY5_A5_KATRINA_12400000.mp4,true,day5_7_first_50
egolife_rlhf_packet_ranking_v4,dbea4d3c4ab21c99f39c,day5_7_full_100,HM,completed,31,EGOLIFE2U_RANDOM_PAIR_CLIP_PRUNED_DAY5_12400000_A1_A5_0-1,5,EGOLIFE2U_RANDOM_PAIR_CLIP_PRUNED_DAY5_12400000_A1_A5_0-1::candidate_01,1,3,2,false,,,Thu Aug 06 2026 15:43:07 GMT-0400 (Eastern Daylight Time),Fri Aug 07 2026 15:16:09 GMT-0400 (Eastern Daylight Time),1180,"I was sitting on the floor using my laptop, but I couldn't see what was happening in the rest of the room. From where you were, could you tell which person was using a laptop at the same time?","[""The person wearing a pink shirt lying on the bed"",""The person standing near the projector screen"",""The person wearing a purple shirt on the floor"",""The person sitting in the wooden chair"",""The person sitting on the sofa""]",A,The person wearing a pink shirt lying on the bed,Jake,https://huggingface.co/datasets/lmms-lab/EgoLife/resolve/main/A1_JAKE/DAY5/DAY5_A1_JAKE_12400000.mp4,Katrina,https://huggingface.co/datasets/lmms-lab/EgoLife/resolve/main/A5_KATRINA/DAY5/DAY5_A5_KATRINA_12400000.mp4,true,day5_7_first_50
egolife_rlhf_packet_ranking_v4,dbea4d3c4ab21c99f39c,day5_7_full_100,HM,completed,31,EGOLIFE2U_RANDOM_PAIR_CLIP_PRUNED_DAY5_12400000_A1_A5_0-1,6,EGOLIFE2U_RANDOM_PAIR_CLIP_PRUNED_DAY5_12400000_A1_A5_0-1::candidate_03,2,1,2,false,,,Thu Aug 06 2026 15:43:07 GMT-0400 (Eastern Daylight Time),Fri Aug 07 2026 15:16:09 GMT-0400 (Eastern Daylight Time),1180,"I was sitting on the floor with my laptop, and I could see a person in a pink shirt lying down in the room. What object was that person resting on?","[""A bed with a laptop on it"",""A white sofa near the window"",""A wooden chair in the corner"",""A rug directly on the floor"",""A desk with a projector screen""]",A,A bed with a laptop on it,Jake,https://huggingface.co/datasets/lmms-lab/EgoLife/resolve/main/A1_JAKE/DAY5/DAY5_A1_JAKE_12400000.mp4,Katrina,https://huggingface.co/datasets/lmms-lab/EgoLife/resolve/main/A5_KATRINA/DAY5/DAY5_A5_KATRINA_12400000.mp4,true,day5_7_first_50
egolife_rlhf_packet_ranking_v4,dbea4d3c4ab21c99f39c,day5_7_full_100,HM,completed,32,EGOLIFE2U_RANDOM_PAIR_CLIP_PRUNED_DAY5_12433000_A4_A6_0-1,1,EGOLIFE2U_RANDOM_PAIR_CLIP_PRUNED_DAY5_12433000_A4_A6_0-1::candidate_06,3,3,2,false,,,Thu Aug 06 2026 15:43:08 GMT-0400 (Eastern Daylight Time),Fri Aug 07 2026 15:26:35 GMT-0400 (Eastern Daylight Time),717,"I saw someone in a purple shirt moving around in the room with the dark shiny floor, but I couldn't really tell what they were doing from where I was sitting. What was the person in the purple shirt doing near the wall?","[""Sitting on a chair and looking at a phone"",""Standing still and talking to someone"",""Bending over and interacting with something on the floor"",""Walking towards the camera"",""Cleaning the table with a cloth""]",C,Bending over and interacting with something on the floor,Lucia,https://huggingface.co/datasets/lmms-lab/EgoLife/resolve/main/A4_LUCIA/DAY5/DAY5_A4_LUCIA_12433000.mp4,Shure,https://huggingface.co/datasets/lmms-lab/EgoLife/resolve/main/A6_SHURE/DAY5/DAY5_A6_SHURE_12433000.mp4,true,day5_7_first_50
egolife_rlhf_packet_ranking_v4,dbea4d3c4ab21c99f39c,day5_7_full_100,HM,completed,32,EGOLIFE2U_RANDOM_PAIR_CLIP_PRUNED_DAY5_12433000_A4_A6_0-1,2,EGOLIFE2U_RANDOM_PAIR_CLIP_PRUNED_DAY5_12433000_A4_A6_0-1::candidate_04,2,3,1,false,,,Thu Aug 06 2026 15:43:08 GMT-0400 (Eastern Daylight Time),Fri Aug 07 2026 15:26:35 GMT-0400 (Eastern Daylight Time),717,I was scrolling through my phone earlier and noticed someone in a purple shirt moving around in the background. Where did that person end up standing near the end of that time?,"[""Standing next to the white projector screen"",""Crouching near the table with the water bottles"",""Standing by the large circular floor lamp"",""Sitting on the sofa in the corner"",""Walking through the open doorway""]",C,Standing by the large circular floor lamp,Lucia,https://huggingface.co/datasets/lmms-lab/EgoLife/resolve/main/A4_LUCIA/DAY5/DAY5_A4_LUCIA_12433000.mp4,Shure,https://huggingface.co/datasets/lmms-lab/EgoLife/resolve/main/A6_SHURE/DAY5/DAY5_A6_SHURE_12433000.mp4,true,day5_7_first_50
egolife_rlhf_packet_ranking_v4,dbea4d3c4ab21c99f39c,day5_7_full_100,HM,completed,32,EGOLIFE2U_RANDOM_PAIR_CLIP_PRUNED_DAY5_12433000_A4_A6_0-1,3,EGOLIFE2U_RANDOM_PAIR_CLIP_PRUNED_DAY5_12433000_A4_A6_0-1::candidate_05,3,1,1,false,,,Thu Aug 06 2026 15:43:08 GMT-0400 (Eastern Daylight Time),Fri Aug 07 2026 15:26:35 GMT-0400 (Eastern Daylight Time),717,"I noticed that large circular floor lamp in the corner of the room while I was looking at my phone, but I couldn't quite tell if it was turned on or off from my angle. Was the floor lamp actually on?","[""The lamp was on and glowing blue"",""The lamp was on and glowing white"",""The lamp was off and dark"",""The lamp was covered with a cloth"",""The lamp was broken and lying on the floor""]",A,The lamp was on and glowing blue,Lucia,https://huggingface.co/datasets/lmms-lab/EgoLife/resolve/main/A4_LUCIA/DAY5/DAY5_A4_LUCIA_12433000.mp4,Shure,https://huggingface.co/datasets/lmms-lab/EgoLife/resolve/main/A6_SHURE/DAY5/DAY5_A6_SHURE_12433000.mp4,true,day5_7_first_50
egolife_rlhf_packet_ranking_v4,dbea4d3c4ab21c99f39c,day5_7_full_100,HM,completed,32,EGOLIFE2U_RANDOM_PAIR_CLIP_PRUNED_DAY5_12433000_A4_A6_0-1,4,EGOLIFE2U_RANDOM_PAIR_CLIP_PRUNED_DAY5_12433000_A4_A6_0-1::candidate_01,2,3,1,false,,,Thu Aug 06 2026 15:43:08 GMT-0400 (Eastern Daylight Time),Fri Aug 07 2026 15:26:35 GMT-0400 (Eastern Daylight Time),717,"I was scrolling through my phone while the person in the purple shirt was moving around in the background. After they finished whatever they were doing near the wall, what position did they end up in?","[""Standing upright"",""Sitting on a chair"",""Lying down on the floor"",""Walking out of the room"",""Crouching on the floor""]",A,Standing upright,Lucia,https://huggingface.co/datasets/lmms-lab/EgoLife/resolve/main/A4_LUCIA/DAY5/DAY5_A4_LUCIA_12433000.mp4,Shure,https://huggingface.co/datasets/lmms-lab/EgoLife/resolve/main/A6_SHURE/DAY5/DAY5_A6_SHURE_12433000.mp4,true,day5_7_first_50
egolife_rlhf_packet_ranking_v4,dbea4d3c4ab21c99f39c,day5_7_full_100,HM,completed,32,EGOLIFE2U_RANDOM_PAIR_CLIP_PRUNED_DAY5_12433000_A4_A6_0-1,5,EGOLIFE2U_RANDOM_PAIR_CLIP_PRUNED_DAY5_12433000_A4_A6_0-1::candidate_02,2,2,1,false,,,Thu Aug 06 2026 15:43:08 GMT-0400 (Eastern Daylight Time),Fri Aug 07 2026 15:26:35 GMT-0400 (Eastern Daylight Time),717,I noticed the person in the purple shirt was crouching down on the floor in the background while I was scrolling. Did they eventually stand up and move around?,"[""Yes, they stood up and walked near the window"",""No, they remained crouching the entire time"",""Yes, they stood up and sat on a chair"",""No, they left the room without standing"",""Yes, they stood up and sat on the floor""]",A,"Yes, they stood up and walked near the window",Lucia,https://huggingface.co/datasets/lmms-lab/EgoLife/resolve/main/A4_LUCIA/DAY5/DAY5_A4_LUCIA_12433000.mp4,Shure,https://huggingface.co/datasets/lmms-lab/EgoLife/resolve/main/A6_SHURE/DAY5/DAY5_A6_SHURE_12433000.mp4,true,day5_7_first_50
egolife_rlhf_packet_ranking_v4,dbea4d3c4ab21c99f39c,day5_7_full_100,HM,completed,32,EGOLIFE2U_RANDOM_PAIR_CLIP_PRUNED_DAY5_12433000_A4_A6_0-1,6,EGOLIFE2U_RANDOM_PAIR_CLIP_PRUNED_DAY5_12433000_A4_A6_0-1::candidate_03,3,1,2,false,,,Thu Aug 06 2026 15:43:08 GMT-0400 (Eastern Daylight Time),Fri Aug 07 2026 15:26:35 GMT-0400 (Eastern Daylight Time),717,"I was looking at my phone and could see the person in the purple shirt standing in the background, but I couldn't see the workspace in the middle of the room. Was the laptop on that desk turned on or off?","[""The laptop was turned on with a bright screen"",""The laptop was turned off and the screen was black"",""The laptop was closed completely"",""The laptop was not on the desk at all"",""The laptop was open but the screen was blank""]",A,The laptop was turned on with a bright screen,Lucia,https://huggingface.co/datasets/lmms-lab/EgoLife/resolve/main/A4_LUCIA/DAY5/DAY5_A4_LUCIA_12433000.mp4,Shure,https://huggingface.co/datasets/lmms-lab/EgoLife/resolve/main/A6_SHURE/DAY5/DAY5_A6_SHURE_12433000.mp4,true,day5_7_first_50
egolife_rlhf_packet_ranking_v4,dbea4d3c4ab21c99f39c,day5_7_full_100,HM,completed,33,EGOLIFE2U_RANDOM_PAIR_CLIP_PRUNED_DAY5_12453000_A4_A5_0-1,1,EGOLIFE2U_RANDOM_PAIR_CLIP_PRUNED_DAY5_12453000_A4_A5_0-1::candidate_02,2,3,1,false,,,Thu Aug 06 2026 15:43:08 GMT-0400 (Eastern Daylight Time),Fri Aug 07 2026 15:51:12 GMT-0400 (Eastern Daylight Time),1444,I noticed a person sitting on the floor near the wall with the tripod while I was looking around the room. Was that person holding a mobile phone in their hands?,"[""Yes, the person was holding a phone."",""No, the person was holding a tablet."",""No, the person was holding a book."",""No, the person had both hands empty."",""No, the person was holding a laptop.""]",A,"Yes, the person was holding a phone.",Lucia,https://huggingface.co/datasets/lmms-lab/EgoLife/resolve/main/A4_LUCIA/DAY5/DAY5_A4_LUCIA_12453000.mp4,Katrina,https://huggingface.co/datasets/lmms-lab/EgoLife/resolve/main/A5_KATRINA/DAY5/DAY5_A5_KATRINA_12453000.mp4,true,day5_7_first_50
egolife_rlhf_packet_ranking_v4,dbea4d3c4ab21c99f39c,day5_7_full_100,HM,completed,33,EGOLIFE2U_RANDOM_PAIR_CLIP_PRUNED_DAY5_12453000_A4_A5_0-1,2,EGOLIFE2U_RANDOM_PAIR_CLIP_PRUNED_DAY5_12453000_A4_A5_0-1::candidate_04,1,3,1,false,,,Thu Aug 06 2026 15:43:08 GMT-0400 (Eastern Daylight Time),Fri Aug 07 2026 15:51:12 GMT-0400 (Eastern Daylight Time),1444,I'm looking at the person sitting on the floor near the wall in the living room. What color is the shirt they are wearing?,"[""a purple shirt"",""a white shirt"",""a dark blue shirt"",""a black shirt"",""a red shirt""]",A,a purple shirt,Lucia,https://huggingface.co/datasets/lmms-lab/EgoLife/resolve/main/A4_LUCIA/DAY5/DAY5_A4_LUCIA_12453000.mp4,Katrina,https://huggingface.co/datasets/lmms-lab/EgoLife/resolve/main/A5_KATRINA/DAY5/DAY5_A5_KATRINA_12453000.mp4,true,day5_7_first_50
egolife_rlhf_packet_ranking_v4,dbea4d3c4ab21c99f39c,day5_7_full_100,HM,completed,33,EGOLIFE2U_RANDOM_PAIR_CLIP_PRUNED_DAY5_12453000_A4_A5_0-1,3,EGOLIFE2U_RANDOM_PAIR_CLIP_PRUNED_DAY5_12453000_A4_A5_0-1::candidate_05,1,3,1,false,,,Thu Aug 06 2026 15:43:08 GMT-0400 (Eastern Daylight Time),Fri Aug 07 2026 15:51:12 GMT-0400 (Eastern Daylight Time),1444,"I noticed someone sitting on the floor in the corner of the living room, near the white door and the tripod. What color is the shirt they are wearing?","[""a purple shirt"",""a white shirt"",""a black shirt"",""a blue shirt"",""a pink shirt""]",A,a purple shirt,Lucia,https://huggingface.co/datasets/lmms-lab/EgoLife/resolve/main/A4_LUCIA/DAY5/DAY5_A4_LUCIA_12453000.mp4,Katrina,https://huggingface.co/datasets/lmms-lab/EgoLife/resolve/main/A5_KATRINA/DAY5/DAY5_A5_KATRINA_12453000.mp4,true,day5_7_first_50
egolife_rlhf_packet_ranking_v4,dbea4d3c4ab21c99f39c,day5_7_full_100,HM,completed,33,EGOLIFE2U_RANDOM_PAIR_CLIP_PRUNED_DAY5_12453000_A4_A5_0-1,4,EGOLIFE2U_RANDOM_PAIR_CLIP_PRUNED_DAY5_12453000_A4_A5_0-1::candidate_06,1,3,1,false,,,Thu Aug 06 2026 15:43:08 GMT-0400 (Eastern Daylight Time),Fri Aug 07 2026 15:51:12 GMT-0400 (Eastern Daylight Time),1444,I saw a person sitting on the floor in the corner of the room near the white door and the tripod. What color was the shirt they were wearing?,"[""a purple shirt"",""a white shirt"",""a black shirt"",""a blue shirt"",""a pink shirt""]",A,a purple shirt,Lucia,https://huggingface.co/datasets/lmms-lab/EgoLife/resolve/main/A4_LUCIA/DAY5/DAY5_A4_LUCIA_12453000.mp4,Katrina,https://huggingface.co/datasets/lmms-lab/EgoLife/resolve/main/A5_KATRINA/DAY5/DAY5_A5_KATRINA_12453000.mp4,true,day5_7_first_50
egolife_rlhf_packet_ranking_v4,dbea4d3c4ab21c99f39c,day5_7_full_100,HM,completed,33,EGOLIFE2U_RANDOM_PAIR_CLIP_PRUNED_DAY5_12453000_A4_A5_0-1,5,EGOLIFE2U_RANDOM_PAIR_CLIP_PRUNED_DAY5_12453000_A4_A5_0-1::candidate_01,2,1,2,false,,,Thu Aug 06 2026 15:43:08 GMT-0400 (Eastern Daylight Time),Fri Aug 07 2026 15:51:12 GMT-0400 (Eastern Daylight Time),1444,"I noticed a laptop sitting on the floor in front of the person in the purple shirt while I was looking around the room. Was that laptop actually open and being used, or was it just sitting there closed?","[""The laptop was open with the screen displaying a document or webpage."",""The laptop was closed and just sitting on the floor."",""The laptop was open but the screen was completely black or off."",""The laptop was placed on a nearby table rather than the floor."",""The laptop was connected to a large projector screen.""]",A,The laptop was open with the screen displaying a document or webpage.,Lucia,https://huggingface.co/datasets/lmms-lab/EgoLife/resolve/main/A4_LUCIA/DAY5/DAY5_A4_LUCIA_12453000.mp4,Katrina,https://huggingface.co/datasets/lmms-lab/EgoLife/resolve/main/A5_KATRINA/DAY5/DAY5_A5_KATRINA_12453000.mp4,true,day5_7_first_50
egolife_rlhf_packet_ranking_v4,dbea4d3c4ab21c99f39c,day5_7_full_100,HM,completed,33,EGOLIFE2U_RANDOM_PAIR_CLIP_PRUNED_DAY5_12453000_A4_A5_0-1,6,EGOLIFE2U_RANDOM_PAIR_CLIP_PRUNED_DAY5_12453000_A4_A5_0-1::candidate_03,3,1,1,false,,,Thu Aug 06 2026 15:43:08 GMT-0400 (Eastern Daylight Time),Fri Aug 07 2026 15:51:12 GMT-0400 (Eastern Daylight Time),1444,"I saw the person in the purple shirt sitting on the floor near the wall with the tripod, but I couldn't see what they were doing with their hands. What was that person holding?","[""A tablet or mobile phone"",""A large white laptop"",""A thick hardcover book"",""A blue water bottle"",""A white gaming controller""]",B,A large white laptop,Lucia,https://huggingface.co/datasets/lmms-lab/EgoLife/resolve/main/A4_LUCIA/DAY5/DAY5_A4_LUCIA_12453000.mp4,Katrina,https://huggingface.co/datasets/lmms-lab/EgoLife/resolve/main/A5_KATRINA/DAY5/DAY5_A5_KATRINA_12453000.mp4,true,day5_7_first_50
egolife_rlhf_packet_ranking_v4,dbea4d3c4ab21c99f39c,day5_7_full_100,HM,completed,34,EGOLIFE2U_RANDOM_PAIR_CLIP_PRUNED_DAY5_14550000_A3_A6_0-1,1,EGOLIFE2U_RANDOM_PAIR_CLIP_PRUNED_DAY5_14550000_A3_A6_0-1::candidate_01,1,3,1,false,,,Thu Aug 06 2026 15:43:08 GMT-0400 (Eastern Daylight Time),Fri Aug 07 2026 16:11:03 GMT-0400 (Eastern Daylight Time),1139,"I was looking down at my phone while sitting on the patio, but I didn't get a good look at the table setup. Which color laptop was sitting open on the table right in front of you?","[""A silver laptop with stickers on the lid"",""A black laptop with a matte finish"",""A white laptop with a glossy finish"",""A red laptop with a rubberized cover"",""A blue laptop with a fabric texture""]",A,A silver laptop with stickers on the lid,Tasha,https://huggingface.co/datasets/lmms-lab/EgoLife/resolve/main/A3_TASHA/DAY5/DAY5_A3_TASHA_14550000.mp4,Shure,https://huggingface.co/datasets/lmms-lab/EgoLife/resolve/main/A6_SHURE/DAY5/DAY5_A6_SHURE_14550000.mp4,true,day5_7_first_50
egolife_rlhf_packet_ranking_v4,dbea4d3c4ab21c99f39c,day5_7_full_100,HM,completed,34,EGOLIFE2U_RANDOM_PAIR_CLIP_PRUNED_DAY5_14550000_A3_A6_0-1,2,EGOLIFE2U_RANDOM_PAIR_CLIP_PRUNED_DAY5_14550000_A3_A6_0-1::candidate_02,3,3,1,false,,,Thu Aug 06 2026 15:43:08 GMT-0400 (Eastern Daylight Time),Fri Aug 07 2026 16:11:03 GMT-0400 (Eastern Daylight Time),1139,I was looking down at my phone and missed what was happening on the table. Which beverage bottle was sitting on the table near the laptop?,"[""A clear bottle with yellow liquid"",""A red plastic soda bottle"",""A green glass beer bottle"",""A white ceramic coffee mug"",""A blue water bottle with a straw""]",A,A clear bottle with yellow liquid,Tasha,https://huggingface.co/datasets/lmms-lab/EgoLife/resolve/main/A3_TASHA/DAY5/DAY5_A3_TASHA_14550000.mp4,Shure,https://huggingface.co/datasets/lmms-lab/EgoLife/resolve/main/A6_SHURE/DAY5/DAY5_A6_SHURE_14550000.mp4,true,day5_7_first_50
egolife_rlhf_packet_ranking_v4,dbea4d3c4ab21c99f39c,day5_7_full_100,HM,completed,34,EGOLIFE2U_RANDOM_PAIR_CLIP_PRUNED_DAY5_14550000_A3_A6_0-1,3,EGOLIFE2U_RANDOM_PAIR_CLIP_PRUNED_DAY5_14550000_A3_A6_0-1::candidate_06,1,3,1,false,,,Thu Aug 06 2026 15:43:08 GMT-0400 (Eastern Daylight Time),Fri Aug 07 2026 16:11:03 GMT-0400 (Eastern Daylight Time),1139,I saw someone standing up near the table with the wooden models and holding a cable. What was the color of the dress that person was wearing?,"[""A dark navy blue dress"",""A bright pink dress"",""A white summer dress"",""A black t-shirt and shorts"",""A grey sweater and jeans""]",A,A dark navy blue dress,Tasha,https://huggingface.co/datasets/lmms-lab/EgoLife/resolve/main/A3_TASHA/DAY5/DAY5_A3_TASHA_14550000.mp4,Shure,https://huggingface.co/datasets/lmms-lab/EgoLife/resolve/main/A6_SHURE/DAY5/DAY5_A6_SHURE_14550000.mp4,true,day5_7_first_50
egolife_rlhf_packet_ranking_v4,dbea4d3c4ab21c99f39c,day5_7_full_100,HM,completed,34,EGOLIFE2U_RANDOM_PAIR_CLIP_PRUNED_DAY5_14550000_A3_A6_0-1,4,EGOLIFE2U_RANDOM_PAIR_CLIP_PRUNED_DAY5_14550000_A3_A6_0-1::candidate_04,2,2,1,false,,,Thu Aug 06 2026 15:43:08 GMT-0400 (Eastern Daylight Time),Fri Aug 07 2026 16:11:03 GMT-0400 (Eastern Daylight Time),1139,I was sitting at the table with the wooden house models and saw a woman in a black dress with pinkish hair standing nearby. Did she end up holding a phone in her hands?,"[""She was holding a white remote control"",""She was holding a black smartphone"",""She was holding a white cable or string"",""She was holding a yellow notepad"",""She was holding a glass of water""]",C,She was holding a white cable or string,Tasha,https://huggingface.co/datasets/lmms-lab/EgoLife/resolve/main/A3_TASHA/DAY5/DAY5_A3_TASHA_14550000.mp4,Shure,https://huggingface.co/datasets/lmms-lab/EgoLife/resolve/main/A6_SHURE/DAY5/DAY5_A6_SHURE_14550000.mp4,true,day5_7_first_50
egolife_rlhf_packet_ranking_v4,dbea4d3c4ab21c99f39c,day5_7_full_100,HM,completed,34,EGOLIFE2U_RANDOM_PAIR_CLIP_PRUNED_DAY5_14550000_A3_A6_0-1,5,EGOLIFE2U_RANDOM_PAIR_CLIP_PRUNED_DAY5_14550000_A3_A6_0-1::candidate_05,1,1,1,false,,,Thu Aug 06 2026 15:43:08 GMT-0400 (Eastern Daylight Time),Fri Aug 07 2026 16:11:03 GMT-0400 (Eastern Daylight Time),1139,"I saw a woman with pinkish hair standing near the table with the wooden house models. When she was standing there, was there a laptop open on the table in front of her?","[""There was a laptop open on the table in front of her"",""There was a laptop closed on the table in front of her"",""There was no laptop on the table in front of her"",""There was a tablet on the table in front of her"",""There was a stack of papers on the table in front of her""]",C,There was no laptop on the table in front of her,Tasha,https://huggingface.co/datasets/lmms-lab/EgoLife/resolve/main/A3_TASHA/DAY5/DAY5_A3_TASHA_14550000.mp4,Shure,https://huggingface.co/datasets/lmms-lab/EgoLife/resolve/main/A6_SHURE/DAY5/DAY5_A6_SHURE_14550000.mp4,true,day5_7_first_50
egolife_rlhf_packet_ranking_v4,dbea4d3c4ab21c99f39c,day5_7_full_100,HM,completed,34,EGOLIFE2U_RANDOM_PAIR_CLIP_PRUNED_DAY5_14550000_A3_A6_0-1,6,EGOLIFE2U_RANDOM_PAIR_CLIP_PRUNED_DAY5_14550000_A3_A6_0-1::candidate_03,1,1,1,false,,,Thu Aug 06 2026 15:43:08 GMT-0400 (Eastern Daylight Time),Fri Aug 07 2026 16:11:03 GMT-0400 (Eastern Daylight Time),1139,I was looking down at my phone and missed what was on the table right in front of me. What color was the laptop I had open?,"[""A silver laptop"",""A black laptop"",""A white laptop"",""A red laptop"",""A blue laptop""]",A,A silver laptop,Tasha,https://huggingface.co/datasets/lmms-lab/EgoLife/resolve/main/A3_TASHA/DAY5/DAY5_A3_TASHA_14550000.mp4,Shure,https://huggingface.co/datasets/lmms-lab/EgoLife/resolve/main/A6_SHURE/DAY5/DAY5_A6_SHURE_14550000.mp4,true,day5_7_first_50
egolife_rlhf_packet_ranking_v4,dbea4d3c4ab21c99f39c,day5_7_full_100,HM,completed,35,EGOLIFE2U_RANDOM_PAIR_CLIP_PRUNED_DAY5_14563000_A3_A5_0-1,1,EGOLIFE2U_RANDOM_PAIR_CLIP_PRUNED_DAY5_14563000_A3_A5_0-1::candidate_04,2,1,1,false,,,Thu Aug 06 2026 15:43:09 GMT-0400 (Eastern Daylight Time),Fri Aug 07 2026 16:29:51 GMT-0400 (Eastern Daylight Time),1250,"I was sitting at the table with all those wooden structures in front of me, and I could see a phone lying on the slats. What color was the phone?","[""A dark grey or black"",""A bright white"",""A vibrant blue"",""A metallic gold"",""A light pink""]",A,A dark grey or black,Tasha,https://huggingface.co/datasets/lmms-lab/EgoLife/resolve/main/A3_TASHA/DAY5/DAY5_A3_TASHA_14563000.mp4,Katrina,https://huggingface.co/datasets/lmms-lab/EgoLife/resolve/main/A5_KATRINA/DAY5/DAY5_A5_KATRINA_14563000.mp4,true,day5_7_first_50
egolife_rlhf_packet_ranking_v4,dbea4d3c4ab21c99f39c,day5_7_full_100,HM,completed,35,EGOLIFE2U_RANDOM_PAIR_CLIP_PRUNED_DAY5_14563000_A3_A5_0-1,2,EGOLIFE2U_RANDOM_PAIR_CLIP_PRUNED_DAY5_14563000_A3_A5_0-1::candidate_06,3,1,2,false,,,Thu Aug 06 2026 15:43:09 GMT-0400 (Eastern Daylight Time),Fri Aug 07 2026 16:29:51 GMT-0400 (Eastern Daylight Time),1250,"I saw a green tub on the table, but I couldn't tell what it was. What kind of food was inside the green tub?","[""Ice cream"",""Yogurt"",""Mashed potatoes"",""Guacamole"",""Green tea""]",A,Ice cream,Tasha,https://huggingface.co/datasets/lmms-lab/EgoLife/resolve/main/A3_TASHA/DAY5/DAY5_A3_TASHA_14563000.mp4,Katrina,https://huggingface.co/datasets/lmms-lab/EgoLife/resolve/main/A5_KATRINA/DAY5/DAY5_A5_KATRINA_14563000.mp4,true,day5_7_first_50
egolife_rlhf_packet_ranking_v4,dbea4d3c4ab21c99f39c,day5_7_full_100,HM,completed,35,EGOLIFE2U_RANDOM_PAIR_CLIP_PRUNED_DAY5_14563000_A3_A5_0-1,3,EGOLIFE2U_RANDOM_PAIR_CLIP_PRUNED_DAY5_14563000_A3_A5_0-1::candidate_03,3,1,1,false,,,Thu Aug 06 2026 15:43:09 GMT-0400 (Eastern Daylight Time),Fri Aug 07 2026 16:29:51 GMT-0400 (Eastern Daylight Time),1250,"I was sitting by the wooden table with the brown boxes, but I couldn't see the items on the opposite side near the white umbrella pole. What was the large white rectangular container sitting on the table?","[""A styrofoam food delivery box"",""A cardboard shipping carton"",""A white plastic storage bin"",""A stack of white paper towels"",""A white wooden crate""]",A,A styrofoam food delivery box,Tasha,https://huggingface.co/datasets/lmms-lab/EgoLife/resolve/main/A3_TASHA/DAY5/DAY5_A3_TASHA_14563000.mp4,Katrina,https://huggingface.co/datasets/lmms-lab/EgoLife/resolve/main/A5_KATRINA/DAY5/DAY5_A5_KATRINA_14563000.mp4,true,day5_7_first_50
egolife_rlhf_packet_ranking_v4,dbea4d3c4ab21c99f39c,day5_7_full_100,HM,completed,35,EGOLIFE2U_RANDOM_PAIR_CLIP_PRUNED_DAY5_14563000_A3_A5_0-1,4,EGOLIFE2U_RANDOM_PAIR_CLIP_PRUNED_DAY5_14563000_A3_A5_0-1::candidate_02,3,2,2,false,,,Thu Aug 06 2026 15:43:09 GMT-0400 (Eastern Daylight Time),Fri Aug 07 2026 16:29:51 GMT-0400 (Eastern Daylight Time),1250,"I was sitting at the wooden table with some brown boxes in front of me, but I couldn't see what was on the other side of the table near the white umbrella stand. Was there a green tub of ice cream sitting there?","[""Yes, a green tub of ice cream"",""Yes, a white styrofoam box"",""No, the table was empty"",""Yes, a stack of books"",""No, just a laptop""]",A,"Yes, a green tub of ice cream",Tasha,https://huggingface.co/datasets/lmms-lab/EgoLife/resolve/main/A3_TASHA/DAY5/DAY5_A3_TASHA_14563000.mp4,Katrina,https://huggingface.co/datasets/lmms-lab/EgoLife/resolve/main/A5_KATRINA/DAY5/DAY5_A5_KATRINA_14563000.mp4,true,day5_7_first_50
egolife_rlhf_packet_ranking_v4,dbea4d3c4ab21c99f39c,day5_7_full_100,HM,completed,35,EGOLIFE2U_RANDOM_PAIR_CLIP_PRUNED_DAY5_14563000_A3_A5_0-1,5,EGOLIFE2U_RANDOM_PAIR_CLIP_PRUNED_DAY5_14563000_A3_A5_0-1::candidate_01,3,2,1,false,,,Thu Aug 06 2026 15:43:09 GMT-0400 (Eastern Daylight Time),Fri Aug 07 2026 16:29:51 GMT-0400 (Eastern Daylight Time),1250,"I was looking at the green tub on the table, but my view was blocked by the people standing around. What was the person in the pink shirt doing right next to that tub?","[""Looking at a laptop"",""Standing and talking"",""Opening a box"",""Eating a snack"",""Holding a phone""]",A,Looking at a laptop,Tasha,https://huggingface.co/datasets/lmms-lab/EgoLife/resolve/main/A3_TASHA/DAY5/DAY5_A3_TASHA_14563000.mp4,Katrina,https://huggingface.co/datasets/lmms-lab/EgoLife/resolve/main/A5_KATRINA/DAY5/DAY5_A5_KATRINA_14563000.mp4,true,day5_7_first_50
egolife_rlhf_packet_ranking_v4,dbea4d3c4ab21c99f39c,day5_7_full_100,HM,completed,35,EGOLIFE2U_RANDOM_PAIR_CLIP_PRUNED_DAY5_14563000_A3_A5_0-1,6,EGOLIFE2U_RANDOM_PAIR_CLIP_PRUNED_DAY5_14563000_A3_A5_0-1::candidate_05,2,1,1,false,,,Thu Aug 06 2026 15:43:09 GMT-0400 (Eastern Daylight Time),Fri Aug 07 2026 16:29:51 GMT-0400 (Eastern Daylight Time),1250,I remember holding a cup with a green snack in it while we were hanging out at the table. What color was the band on the rim of that cup?,"[""A solid white rim"",""A dark blue stripe"",""A light green stripe"",""A bright red stripe"",""A metallic gold stripe""]",C,A light green stripe,Tasha,https://huggingface.co/datasets/lmms-lab/EgoLife/resolve/main/A3_TASHA/DAY5/DAY5_A3_TASHA_14563000.mp4,Katrina,https://huggingface.co/datasets/lmms-lab/EgoLife/resolve/main/A5_KATRINA/DAY5/DAY5_A5_KATRINA_14563000.mp4,true,day5_7_first_50
egolife_rlhf_packet_ranking_v4,dbea4d3c4ab21c99f39c,day5_7_full_100,HM,completed,36,EGOLIFE2U_RANDOM_PAIR_CLIP_PRUNED_DAY5_15113000_A1_A6_0-1,1,EGOLIFE2U_RANDOM_PAIR_CLIP_PRUNED_DAY5_15113000_A1_A6_0-1::candidate_05,3,3,1,false,,,Thu Aug 06 2026 15:43:09 GMT-0400 (Eastern Daylight Time),Fri Aug 07 2026 16:45:28 GMT-0400 (Eastern Daylight Time),48138,"I noticed a person in a maroon top sitting at the table in my view, but I couldn't see what they were holding. What was that person drinking from?","[""a clear glass of water"",""a green paper cup"",""a blue plastic bottle"",""a red travel mug"",""a white ceramic mug""]",B,a green paper cup,Jake,https://huggingface.co/datasets/lmms-lab/EgoLife/resolve/main/A1_JAKE/DAY5/DAY5_A1_JAKE_15113000.mp4,Shure,https://huggingface.co/datasets/lmms-lab/EgoLife/resolve/main/A6_SHURE/DAY5/DAY5_A6_SHURE_15113000.mp4,true,day5_7_first_50
egolife_rlhf_packet_ranking_v4,dbea4d3c4ab21c99f39c,day5_7_full_100,HM,completed,36,EGOLIFE2U_RANDOM_PAIR_CLIP_PRUNED_DAY5_15113000_A1_A6_0-1,2,EGOLIFE2U_RANDOM_PAIR_CLIP_PRUNED_DAY5_15113000_A1_A6_0-1::candidate_01,3,2,1,false,,asked about themself,Thu Aug 06 2026 15:43:09 GMT-0400 (Eastern Daylight Time),Fri Aug 07 2026 16:45:28 GMT-0400 (Eastern Daylight Time),48138,"I was sitting at the long table with the umbrella pole, but I couldn't see what was happening on the far side of the patio. Was there anyone wearing a purple shirt sitting over there?","[""A person in a purple shirt was sitting on a chair."",""A person in a purple shirt was standing by the wall."",""A person in a purple shirt was walking towards the table."",""No one in a purple shirt was visible in that area."",""A person in a purple shirt was standing behind the table.""]",A,A person in a purple shirt was sitting on a chair.,Jake,https://huggingface.co/datasets/lmms-lab/EgoLife/resolve/main/A1_JAKE/DAY5/DAY5_A1_JAKE_15113000.mp4,Shure,https://huggingface.co/datasets/lmms-lab/EgoLife/resolve/main/A6_SHURE/DAY5/DAY5_A6_SHURE_15113000.mp4,true,day5_7_first_50
egolife_rlhf_packet_ranking_v4,dbea4d3c4ab21c99f39c,day5_7_full_100,HM,completed,36,EGOLIFE2U_RANDOM_PAIR_CLIP_PRUNED_DAY5_15113000_A1_A6_0-1,3,EGOLIFE2U_RANDOM_PAIR_CLIP_PRUNED_DAY5_15113000_A1_A6_0-1::candidate_03,3,2,1,false,,asked about themself,Thu Aug 06 2026 15:43:09 GMT-0400 (Eastern Daylight Time),Fri Aug 07 2026 16:45:28 GMT-0400 (Eastern Daylight Time),48138,"I saw a person in a purple shirt sitting across from the table, but my angle was a bit restricted. Was that person holding a phone or just sitting with their hands empty?","[""Holding a phone in their hands"",""Typing on a laptop"",""Drinking from a green cup"",""Sitting with empty hands"",""Holding a notebook""]",D,Sitting with empty hands,Jake,https://huggingface.co/datasets/lmms-lab/EgoLife/resolve/main/A1_JAKE/DAY5/DAY5_A1_JAKE_15113000.mp4,Shure,https://huggingface.co/datasets/lmms-lab/EgoLife/resolve/main/A6_SHURE/DAY5/DAY5_A6_SHURE_15113000.mp4,true,day5_7_first_50
egolife_rlhf_packet_ranking_v4,dbea4d3c4ab21c99f39c,day5_7_full_100,HM,completed,36,EGOLIFE2U_RANDOM_PAIR_CLIP_PRUNED_DAY5_15113000_A1_A6_0-1,4,EGOLIFE2U_RANDOM_PAIR_CLIP_PRUNED_DAY5_15113000_A1_A6_0-1::candidate_02,3,2,1,false,,asked about themself,Thu Aug 06 2026 15:43:09 GMT-0400 (Eastern Daylight Time),Fri Aug 07 2026 16:45:28 GMT-0400 (Eastern Daylight Time),48138,"I was sitting at the long table with the umbrella pole, but I couldn't see what was happening on the far side of the patio. Was there anyone wearing a purple shirt sitting over there?","[""A person in a purple shirt was sitting on a chair."",""A person in a purple shirt was standing by the wall."",""A person in a purple shirt was walking towards the table."",""No one in a purple shirt was visible in that area."",""A person in a purple shirt was standing behind the table.""]",A,A person in a purple shirt was sitting on a chair.,Jake,https://huggingface.co/datasets/lmms-lab/EgoLife/resolve/main/A1_JAKE/DAY5/DAY5_A1_JAKE_15113000.mp4,Shure,https://huggingface.co/datasets/lmms-lab/EgoLife/resolve/main/A6_SHURE/DAY5/DAY5_A6_SHURE_15113000.mp4,true,day5_7_first_50
egolife_rlhf_packet_ranking_v4,dbea4d3c4ab21c99f39c,day5_7_full_100,HM,completed,36,EGOLIFE2U_RANDOM_PAIR_CLIP_PRUNED_DAY5_15113000_A1_A6_0-1,5,EGOLIFE2U_RANDOM_PAIR_CLIP_PRUNED_DAY5_15113000_A1_A6_0-1::candidate_06,3,3,2,false,,asked about themself,Thu Aug 06 2026 15:43:09 GMT-0400 (Eastern Daylight Time),Fri Aug 07 2026 16:45:28 GMT-0400 (Eastern Daylight Time),48138,"I noticed the person in the purple shirt sitting near the wall in my view, but I couldn't quite make out what they were holding. What kind of device was that person using?","[""a large tablet with a case"",""a silver laptop computer"",""a black smartphone"",""a white notebook"",""a pair of headphones""]",C,a black smartphone,Jake,https://huggingface.co/datasets/lmms-lab/EgoLife/resolve/main/A1_JAKE/DAY5/DAY5_A1_JAKE_15113000.mp4,Shure,https://huggingface.co/datasets/lmms-lab/EgoLife/resolve/main/A6_SHURE/DAY5/DAY5_A6_SHURE_15113000.mp4,true,day5_7_first_50
egolife_rlhf_packet_ranking_v4,dbea4d3c4ab21c99f39c,day5_7_full_100,HM,completed,36,EGOLIFE2U_RANDOM_PAIR_CLIP_PRUNED_DAY5_15113000_A1_A6_0-1,6,EGOLIFE2U_RANDOM_PAIR_CLIP_PRUNED_DAY5_15113000_A1_A6_0-1::candidate_04,3,2,1,false,,,Thu Aug 06 2026 15:43:09 GMT-0400 (Eastern Daylight Time),Fri Aug 07 2026 16:45:28 GMT-0400 (Eastern Daylight Time),48138,"I was looking at the person in the maroon top sitting across the table from me, but I couldn't tell what they were holding. What were they drinking from?","[""a clear glass of water"",""a green paper cup"",""a blue plastic bottle"",""a red travel mug"",""a white ceramic mug""]",B,a green paper cup,Jake,https://huggingface.co/datasets/lmms-lab/EgoLife/resolve/main/A1_JAKE/DAY5/DAY5_A1_JAKE_15113000.mp4,Shure,https://huggingface.co/datasets/lmms-lab/EgoLife/resolve/main/A6_SHURE/DAY5/DAY5_A6_SHURE_15113000.mp4,true,day5_7_first_50
egolife_rlhf_packet_ranking_v4,dbea4d3c4ab21c99f39c,day5_7_full_100,HM,completed,37,EGOLIFE2U_RANDOM_PAIR_CLIP_PRUNED_DAY5_15140000_A3_A4_0-1,1,EGOLIFE2U_RANDOM_PAIR_CLIP_PRUNED_DAY5_15140000_A3_A4_0-1::candidate_01,3,1,1,false,,,Thu Aug 06 2026 15:43:09 GMT-0400 (Eastern Daylight Time),Fri Aug 07 2026 16:56:16 GMT-0400 (Eastern Daylight Time),665,"I was standing near the whiteboard next to the blue building, but I couldn't see the rest of the group sitting under the umbrella. How many people were sitting at the table?","[""One person"",""Two people"",""Three people"",""Four people"",""Five people""]",C,Three people,Tasha,https://huggingface.co/datasets/lmms-lab/EgoLife/resolve/main/A3_TASHA/DAY5/DAY5_A3_TASHA_15140000.mp4,Lucia,https://huggingface.co/datasets/lmms-lab/EgoLife/resolve/main/A4_LUCIA/DAY5/DAY5_A4_LUCIA_15140000.mp4,true,day5_7_first_50
egolife_rlhf_packet_ranking_v4,dbea4d3c4ab21c99f39c,day5_7_full_100,HM,completed,37,EGOLIFE2U_RANDOM_PAIR_CLIP_PRUNED_DAY5_15140000_A3_A4_0-1,2,EGOLIFE2U_RANDOM_PAIR_CLIP_PRUNED_DAY5_15140000_A3_A4_0-1::candidate_03,3,3,1,false,,,Thu Aug 06 2026 15:43:09 GMT-0400 (Eastern Daylight Time),Fri Aug 07 2026 16:56:16 GMT-0400 (Eastern Daylight Time),665,"I was looking at the person with pink hair standing near the whiteboard, but I couldn't really make out the specific drawings from my angle. What kind of illustrations were drawn on the board?","[""A map of the local area with streets"",""A schedule of events with dates"",""Cute cartoon faces and animals"",""Detailed technical blueprints"",""Abstract geometric shapes""]",C,Cute cartoon faces and animals,Tasha,https://huggingface.co/datasets/lmms-lab/EgoLife/resolve/main/A3_TASHA/DAY5/DAY5_A3_TASHA_15140000.mp4,Lucia,https://huggingface.co/datasets/lmms-lab/EgoLife/resolve/main/A4_LUCIA/DAY5/DAY5_A4_LUCIA_15140000.mp4,true,day5_7_first_50
egolife_rlhf_packet_ranking_v4,dbea4d3c4ab21c99f39c,day5_7_full_100,HM,completed,37,EGOLIFE2U_RANDOM_PAIR_CLIP_PRUNED_DAY5_15140000_A3_A4_0-1,3,EGOLIFE2U_RANDOM_PAIR_CLIP_PRUNED_DAY5_15140000_A3_A4_0-1::candidate_06,1,3,1,false,,,Thu Aug 06 2026 15:43:09 GMT-0400 (Eastern Daylight Time),Fri Aug 07 2026 16:56:16 GMT-0400 (Eastern Daylight Time),665,"I was standing by the whiteboard with the cat drawings and the list, but I couldn't see everyone gathered under the big umbrella. Who was sitting at the table wearing the pink shirt?","[""A person with short dark hair"",""A person with long blonde hair"",""A person with short grey hair"",""A person with curly red hair"",""A person with a baseball cap""]",A,A person with short dark hair,Tasha,https://huggingface.co/datasets/lmms-lab/EgoLife/resolve/main/A3_TASHA/DAY5/DAY5_A3_TASHA_15140000.mp4,Lucia,https://huggingface.co/datasets/lmms-lab/EgoLife/resolve/main/A4_LUCIA/DAY5/DAY5_A4_LUCIA_15140000.mp4,true,day5_7_first_50
egolife_rlhf_packet_ranking_v4,dbea4d3c4ab21c99f39c,day5_7_full_100,HM,completed,37,EGOLIFE2U_RANDOM_PAIR_CLIP_PRUNED_DAY5_15140000_A3_A4_0-1,4,EGOLIFE2U_RANDOM_PAIR_CLIP_PRUNED_DAY5_15140000_A3_A4_0-1::candidate_05,1,3,1,false,,,Thu Aug 06 2026 15:43:09 GMT-0400 (Eastern Daylight Time),Fri Aug 07 2026 16:56:16 GMT-0400 (Eastern Daylight Time),665,"I was standing by the whiteboard with the cat drawings and the list, but I couldn't see everyone gathered under the big umbrella. Who was sitting at the table wearing the pink shirt?","[""A person with short dark hair"",""A person with long blonde hair"",""A person with short grey hair"",""A person with curly red hair"",""A person with a baseball cap""]",A,A person with short dark hair,Tasha,https://huggingface.co/datasets/lmms-lab/EgoLife/resolve/main/A3_TASHA/DAY5/DAY5_A3_TASHA_15140000.mp4,Lucia,https://huggingface.co/datasets/lmms-lab/EgoLife/resolve/main/A4_LUCIA/DAY5/DAY5_A4_LUCIA_15140000.mp4,true,day5_7_first_50
egolife_rlhf_packet_ranking_v4,dbea4d3c4ab21c99f39c,day5_7_full_100,HM,completed,37,EGOLIFE2U_RANDOM_PAIR_CLIP_PRUNED_DAY5_15140000_A3_A4_0-1,5,EGOLIFE2U_RANDOM_PAIR_CLIP_PRUNED_DAY5_15140000_A3_A4_0-1::candidate_04,3,3,1,false,,,Thu Aug 06 2026 15:43:09 GMT-0400 (Eastern Daylight Time),Fri Aug 07 2026 16:56:16 GMT-0400 (Eastern Daylight Time),665,"I was watching the person with pink hair standing next to the whiteboard, but I couldn't see who else was nearby from my angle. Which other person was standing right next to the whiteboard?","[""A person wearing a pink shirt"",""A person wearing a white shirt"",""A person wearing a blue shirt"",""A person wearing a dark shirt"",""A person wearing a red shirt""]",A,A person wearing a pink shirt,Tasha,https://huggingface.co/datasets/lmms-lab/EgoLife/resolve/main/A3_TASHA/DAY5/DAY5_A3_TASHA_15140000.mp4,Lucia,https://huggingface.co/datasets/lmms-lab/EgoLife/resolve/main/A4_LUCIA/DAY5/DAY5_A4_LUCIA_15140000.mp4,true,day5_7_first_50
egolife_rlhf_packet_ranking_v4,dbea4d3c4ab21c99f39c,day5_7_full_100,HM,completed,37,EGOLIFE2U_RANDOM_PAIR_CLIP_PRUNED_DAY5_15140000_A3_A4_0-1,6,EGOLIFE2U_RANDOM_PAIR_CLIP_PRUNED_DAY5_15140000_A3_A4_0-1::candidate_02,3,2,1,false,,,Thu Aug 06 2026 15:43:09 GMT-0400 (Eastern Daylight Time),Fri Aug 07 2026 16:56:16 GMT-0400 (Eastern Daylight Time),665,"I was standing right next to the whiteboard looking at the list, but the writing was a bit small and hard to read from my angle. What was the first item written on the list on the right side of the board?","[""A list of food items to buy"",""A list of chores including cleaning"",""A list of decorative items"",""A list of names of people present"",""A list of places to visit""]",A,A list of food items to buy,Tasha,https://huggingface.co/datasets/lmms-lab/EgoLife/resolve/main/A3_TASHA/DAY5/DAY5_A3_TASHA_15140000.mp4,Lucia,https://huggingface.co/datasets/lmms-lab/EgoLife/resolve/main/A4_LUCIA/DAY5/DAY5_A4_LUCIA_15140000.mp4,true,day5_7_first_50
egolife_rlhf_packet_ranking_v4,dbea4d3c4ab21c99f39c,day5_7_full_100,HM,completed,38,EGOLIFE2U_RANDOM_PAIR_CLIP_PRUNED_DAY5_15163000_A4_A6_0-1,1,EGOLIFE2U_RANDOM_PAIR_CLIP_PRUNED_DAY5_15163000_A4_A6_0-1::candidate_01,3,1,1,false,,,Thu Aug 06 2026 15:43:09 GMT-0400 (Eastern Daylight Time),Fri Aug 07 2026 18:06:16 GMT-0400 (Eastern Daylight Time),4192,"I was watching the person in the white jacket lean over the table to check the laptop, but from my angle, I couldn't tell what they were wearing on their head. Did that person have headphones on?","[""Yes, they were wearing large over-ear headphones"",""No, they were wearing a beanie or knit hat"",""No, they were wearing a baseball cap"",""No, they were not wearing anything on their head"",""Yes, they were wearing a pair of sunglasses""]",A,"Yes, they were wearing large over-ear headphones",Lucia,https://huggingface.co/datasets/lmms-lab/EgoLife/resolve/main/A4_LUCIA/DAY5/DAY5_A4_LUCIA_15163000.mp4,Shure,https://huggingface.co/datasets/lmms-lab/EgoLife/resolve/main/A6_SHURE/DAY5/DAY5_A6_SHURE_15163000.mp4,true,day5_7_first_50
egolife_rlhf_packet_ranking_v4,dbea4d3c4ab21c99f39c,day5_7_full_100,HM,completed,38,EGOLIFE2U_RANDOM_PAIR_CLIP_PRUNED_DAY5_15163000_A4_A6_0-1,2,EGOLIFE2U_RANDOM_PAIR_CLIP_PRUNED_DAY5_15163000_A4_A6_0-1::candidate_04,3,2,1,false,,,Thu Aug 06 2026 15:43:09 GMT-0400 (Eastern Daylight Time),Fri Aug 07 2026 18:06:16 GMT-0400 (Eastern Daylight Time),4192,"I was standing by the long wooden table under the umbrella, and I noticed the person in the dark blue dress was eating something from a green cup, but I couldn't quite make out what it was. What was the person in the dark blue dress eating?","[""eating a sandwich"",""eating a popsicle"",""eating ice cream"",""eating a piece of cake"",""eating a fruit""]",C,eating ice cream,Lucia,https://huggingface.co/datasets/lmms-lab/EgoLife/resolve/main/A4_LUCIA/DAY5/DAY5_A4_LUCIA_15163000.mp4,Shure,https://huggingface.co/datasets/lmms-lab/EgoLife/resolve/main/A6_SHURE/DAY5/DAY5_A6_SHURE_15163000.mp4,true,day5_7_first_50
egolife_rlhf_packet_ranking_v4,dbea4d3c4ab21c99f39c,day5_7_full_100,HM,completed,38,EGOLIFE2U_RANDOM_PAIR_CLIP_PRUNED_DAY5_15163000_A4_A6_0-1,3,EGOLIFE2U_RANDOM_PAIR_CLIP_PRUNED_DAY5_15163000_A4_A6_0-1::candidate_06,3,2,1,false,,,Thu Aug 06 2026 15:43:09 GMT-0400 (Eastern Daylight Time),Fri Aug 07 2026 18:06:16 GMT-0400 (Eastern Daylight Time),4192,"I was looking at the table under the umbrella and saw the person in the pink shirt standing there, but I couldn't see what they were wearing on their lower half. What was the person in the pink shirt wearing on their legs?","[""blue jeans"",""black pants"",""white shorts"",""dark athletic leggings"",""khaki cargo shorts""]",A,blue jeans,Lucia,https://huggingface.co/datasets/lmms-lab/EgoLife/resolve/main/A4_LUCIA/DAY5/DAY5_A4_LUCIA_15163000.mp4,Shure,https://huggingface.co/datasets/lmms-lab/EgoLife/resolve/main/A6_SHURE/DAY5/DAY5_A6_SHURE_15163000.mp4,true,day5_7_first_50
egolife_rlhf_packet_ranking_v4,dbea4d3c4ab21c99f39c,day5_7_full_100,HM,completed,38,EGOLIFE2U_RANDOM_PAIR_CLIP_PRUNED_DAY5_15163000_A4_A6_0-1,4,EGOLIFE2U_RANDOM_PAIR_CLIP_PRUNED_DAY5_15163000_A4_A6_0-1::candidate_02,3,2,1,false,,,Thu Aug 06 2026 15:43:09 GMT-0400 (Eastern Daylight Time),Fri Aug 07 2026 18:06:16 GMT-0400 (Eastern Daylight Time),4192,"I was looking at the table where the laptop was open, and I noticed a black tablet next to it, but I couldn't see what was underneath it. What was lying directly under that black tablet?","[""A stack of white papers"",""A wooden box"",""A silver metal tray"",""A clear plastic bag"",""A green cup""]",B,A wooden box,Lucia,https://huggingface.co/datasets/lmms-lab/EgoLife/resolve/main/A4_LUCIA/DAY5/DAY5_A4_LUCIA_15163000.mp4,Shure,https://huggingface.co/datasets/lmms-lab/EgoLife/resolve/main/A6_SHURE/DAY5/DAY5_A6_SHURE_15163000.mp4,true,day5_7_first_50
egolife_rlhf_packet_ranking_v4,dbea4d3c4ab21c99f39c,day5_7_full_100,HM,completed,38,EGOLIFE2U_RANDOM_PAIR_CLIP_PRUNED_DAY5_15163000_A4_A6_0-1,5,EGOLIFE2U_RANDOM_PAIR_CLIP_PRUNED_DAY5_15163000_A4_A6_0-1::candidate_05,1,1,1,false,,,Thu Aug 06 2026 15:43:09 GMT-0400 (Eastern Daylight Time),Fri Aug 07 2026 18:06:16 GMT-0400 (Eastern Daylight Time),4192,"I was watching the group around the table under the umbrella, and I saw the person in the pink shirt moving around, but I couldn't tell where they were standing relative to the others. Where was the person in the pink shirt standing in relation to the person in the white shirt who was sitting down?","[""directly behind the person in the white shirt"",""to the left of the person in the white shirt"",""to the right of the person in the white shirt"",""sitting across from the person in the white shirt"",""standing at the far end of the table""]",A,directly behind the person in the white shirt,Lucia,https://huggingface.co/datasets/lmms-lab/EgoLife/resolve/main/A4_LUCIA/DAY5/DAY5_A4_LUCIA_15163000.mp4,Shure,https://huggingface.co/datasets/lmms-lab/EgoLife/resolve/main/A6_SHURE/DAY5/DAY5_A6_SHURE_15163000.mp4,true,day5_7_first_50
egolife_rlhf_packet_ranking_v4,dbea4d3c4ab21c99f39c,day5_7_full_100,HM,completed,38,EGOLIFE2U_RANDOM_PAIR_CLIP_PRUNED_DAY5_15163000_A4_A6_0-1,6,EGOLIFE2U_RANDOM_PAIR_CLIP_PRUNED_DAY5_15163000_A4_A6_0-1::candidate_03,2,3,1,false,,,Thu Aug 06 2026 15:43:09 GMT-0400 (Eastern Daylight Time),Fri Aug 07 2026 18:06:16 GMT-0400 (Eastern Daylight Time),4192,"I saw the person in the pink shirt standing by the table, but I couldn't quite see what was on their chest from my angle. What was the graphic design on the front of that pink t-shirt?","[""A pair of crossed drumsticks"",""A white rabbit silhouette"",""A large letter 'Y'"",""A cartoon cat face"",""A geometric star pattern""]",B,A white rabbit silhouette,Lucia,https://huggingface.co/datasets/lmms-lab/EgoLife/resolve/main/A4_LUCIA/DAY5/DAY5_A4_LUCIA_15163000.mp4,Shure,https://huggingface.co/datasets/lmms-lab/EgoLife/resolve/main/A6_SHURE/DAY5/DAY5_A6_SHURE_15163000.mp4,true,day5_7_first_50
egolife_rlhf_packet_ranking_v4,dbea4d3c4ab21c99f39c,day5_7_full_100,HM,completed,39,EGOLIFE2U_RANDOM_PAIR_CLIP_PRUNED_DAY5_15220000_A1_A5_0-1,1,EGOLIFE2U_RANDOM_PAIR_CLIP_PRUNED_DAY5_15220000_A1_A5_0-1::candidate_02,1,3,1,false,,,Thu Aug 06 2026 15:43:09 GMT-0400 (Eastern Daylight Time),Fri Aug 07 2026 18:17:04 GMT-0400 (Eastern Daylight Time),661,"I was standing on the gravel outside holding a phone and a white square device, looking toward the blue wall and the wooden deck. Which of these best describes what was visible on the wooden deck area directly in front of the open doorway?","[""A clothing rack with hanging garments"",""A low wooden bench or table"",""A large cardboard box"",""A potted plant with broad leaves"",""An empty floor with no furniture""]",A,A clothing rack with hanging garments,Jake,https://huggingface.co/datasets/lmms-lab/EgoLife/resolve/main/A1_JAKE/DAY5/DAY5_A1_JAKE_15220000.mp4,Katrina,https://huggingface.co/datasets/lmms-lab/EgoLife/resolve/main/A5_KATRINA/DAY5/DAY5_A5_KATRINA_15220000.mp4,true,day5_7_first_50
egolife_rlhf_packet_ranking_v4,dbea4d3c4ab21c99f39c,day5_7_full_100,HM,completed,39,EGOLIFE2U_RANDOM_PAIR_CLIP_PRUNED_DAY5_15220000_A1_A5_0-1,2,EGOLIFE2U_RANDOM_PAIR_CLIP_PRUNED_DAY5_15220000_A1_A5_0-1::candidate_01,2,3,1,false,,,Thu Aug 06 2026 15:43:09 GMT-0400 (Eastern Daylight Time),Fri Aug 07 2026 18:17:04 GMT-0400 (Eastern Daylight Time),661,"I was standing outside holding a phone and a white square device, looking at the wooden deck area. How high was the wooden bench platform situated along the wall?","[""It was a raised platform level with a standing person's knees"",""It was a low-level platform near a standing person's ankles"",""It was a standard chair-height surface"",""It was a high counter-height surface"",""It was a floor-level surface with no elevation""]",A,It was a raised platform level with a standing person's knees,Jake,https://huggingface.co/datasets/lmms-lab/EgoLife/resolve/main/A1_JAKE/DAY5/DAY5_A1_JAKE_15220000.mp4,Katrina,https://huggingface.co/datasets/lmms-lab/EgoLife/resolve/main/A5_KATRINA/DAY5/DAY5_A5_KATRINA_15220000.mp4,true,day5_7_first_50
egolife_rlhf_packet_ranking_v4,dbea4d3c4ab21c99f39c,day5_7_full_100,HM,completed,39,EGOLIFE2U_RANDOM_PAIR_CLIP_PRUNED_DAY5_15220000_A1_A5_0-1,3,EGOLIFE2U_RANDOM_PAIR_CLIP_PRUNED_DAY5_15220000_A1_A5_0-1::candidate_03,3,3,3,false,,,Thu Aug 06 2026 15:43:09 GMT-0400 (Eastern Daylight Time),Fri Aug 07 2026 18:17:04 GMT-0400 (Eastern Daylight Time),661,"When I was outside on the gravel looking at the blue wall and the open doorway, I noticed a person in a maroon dress standing nearby. Later, I walked inside. In the room with the large projection screen and the checkered floor panel, did that same person in the maroon dress end up standing near the cluttered table?","[""Yes, the person in the maroon dress was standing near the cluttered table"",""No, the person in the maroon dress left the room"",""No, the person in the maroon dress was sitting in a chair"",""No, the person in the maroon dress was looking in a mirror"",""No, the person in the maroon dress was walking through the doorway""]",A,"Yes, the person in the maroon dress was standing near the cluttered table",Jake,https://huggingface.co/datasets/lmms-lab/EgoLife/resolve/main/A1_JAKE/DAY5/DAY5_A1_JAKE_15220000.mp4,Katrina,https://huggingface.co/datasets/lmms-lab/EgoLife/resolve/main/A5_KATRINA/DAY5/DAY5_A5_KATRINA_15220000.mp4,true,day5_7_first_50
egolife_rlhf_packet_ranking_v4,dbea4d3c4ab21c99f39c,day5_7_full_100,HM,completed,39,EGOLIFE2U_RANDOM_PAIR_CLIP_PRUNED_DAY5_15220000_A1_A5_0-1,4,EGOLIFE2U_RANDOM_PAIR_CLIP_PRUNED_DAY5_15220000_A1_A5_0-1::candidate_04,2,3,1,false,,,Thu Aug 06 2026 15:43:09 GMT-0400 (Eastern Daylight Time),Fri Aug 07 2026 18:17:04 GMT-0400 (Eastern Daylight Time),661,"I was holding that white square object and walking towards the open door with the blue wall. When I got inside, where did the person wearing the purple shirt end up walking?","[""towards the bedroom with the white bed"",""standing near the projector screen"",""sitting at the dining table"",""going into the kitchen area"",""staying by the entrance door""]",A,towards the bedroom with the white bed,Jake,https://huggingface.co/datasets/lmms-lab/EgoLife/resolve/main/A1_JAKE/DAY5/DAY5_A1_JAKE_15220000.mp4,Katrina,https://huggingface.co/datasets/lmms-lab/EgoLife/resolve/main/A5_KATRINA/DAY5/DAY5_A5_KATRINA_15220000.mp4,true,day5_7_first_50
egolife_rlhf_packet_ranking_v4,dbea4d3c4ab21c99f39c,day5_7_full_100,HM,completed,39,EGOLIFE2U_RANDOM_PAIR_CLIP_PRUNED_DAY5_15220000_A1_A5_0-1,5,EGOLIFE2U_RANDOM_PAIR_CLIP_PRUNED_DAY5_15220000_A1_A5_0-1::candidate_06,2,3,1,false,,,Thu Aug 06 2026 15:43:09 GMT-0400 (Eastern Daylight Time),Fri Aug 07 2026 18:17:04 GMT-0400 (Eastern Daylight Time),661,I walked through the open doorway into the room with the large projector screen. Was the person standing in the center of that room wearing a light-colored outfit or a dark outfit?,"[""a light-colored pinkish outfit"",""a dark purple outfit"",""a white shirt with dark pants"",""a dark red dress"",""a dark blue outfit""]",A,a light-colored pinkish outfit,Jake,https://huggingface.co/datasets/lmms-lab/EgoLife/resolve/main/A1_JAKE/DAY5/DAY5_A1_JAKE_15220000.mp4,Katrina,https://huggingface.co/datasets/lmms-lab/EgoLife/resolve/main/A5_KATRINA/DAY5/DAY5_A5_KATRINA_15220000.mp4,true,day5_7_first_50
egolife_rlhf_packet_ranking_v4,dbea4d3c4ab21c99f39c,day5_7_full_100,HM,completed,39,EGOLIFE2U_RANDOM_PAIR_CLIP_PRUNED_DAY5_15220000_A1_A5_0-1,6,EGOLIFE2U_RANDOM_PAIR_CLIP_PRUNED_DAY5_15220000_A1_A5_0-1::candidate_05,1,2,1,false,,,Thu Aug 06 2026 15:43:09 GMT-0400 (Eastern Daylight Time),Fri Aug 07 2026 18:17:04 GMT-0400 (Eastern Daylight Time),661,I walked into the house through the blue door while holding that white square object. Which of these items was the person inside the room holding?,"[""a black smartphone"",""a white square object"",""a bottle of water"",""a stack of papers"",""a yellow bag""]",A,a black smartphone,Jake,https://huggingface.co/datasets/lmms-lab/EgoLife/resolve/main/A1_JAKE/DAY5/DAY5_A1_JAKE_15220000.mp4,Katrina,https://huggingface.co/datasets/lmms-lab/EgoLife/resolve/main/A5_KATRINA/DAY5/DAY5_A5_KATRINA_15220000.mp4,true,day5_7_first_50
egolife_rlhf_packet_ranking_v4,dbea4d3c4ab21c99f39c,day5_7_full_100,HM,completed,40,EGOLIFE2U_RANDOM_PAIR_CLIP_PRUNED_DAY5_15550000_A1_A4_0-1,1,EGOLIFE2U_RANDOM_PAIR_CLIP_PRUNED_DAY5_15550000_A1_A4_0-1::candidate_02,3,2,1,false,,,Thu Aug 06 2026 15:43:10 GMT-0400 (Eastern Daylight Time),Fri Aug 07 2026 18:36:58 GMT-0400 (Eastern Daylight Time),1187,"I saw the guy in the blue shirt grab a bottle from the refrigerators, but the angle from my cart made it hard to tell exactly which brand he picked. What kind of soda bottle did he end up holding?","[""a clear plastic bottle with a red label"",""a green glass bottle"",""a can of orange soda"",""a dark plastic bottle with a blue label"",""a can of cola""]",A,a clear plastic bottle with a red label,Jake,https://huggingface.co/datasets/lmms-lab/EgoLife/resolve/main/A1_JAKE/DAY5/DAY5_A1_JAKE_15550000.mp4,Lucia,https://huggingface.co/datasets/lmms-lab/EgoLife/resolve/main/A4_LUCIA/DAY5/DAY5_A4_LUCIA_15550000.mp4,true,day5_7_first_50
egolife_rlhf_packet_ranking_v4,dbea4d3c4ab21c99f39c,day5_7_full_100,HM,completed,40,EGOLIFE2U_RANDOM_PAIR_CLIP_PRUNED_DAY5_15550000_A1_A4_0-1,2,EGOLIFE2U_RANDOM_PAIR_CLIP_PRUNED_DAY5_15550000_A1_A4_0-1::candidate_03,3,3,1,false,,,Thu Aug 06 2026 15:43:10 GMT-0400 (Eastern Daylight Time),Fri Aug 07 2026 18:36:58 GMT-0400 (Eastern Daylight Time),1187,"We were standing near the refrigerators in the aisle with the green wall. I saw the person in the dark blue shirt reach in and grab a bottle, but I couldn't tell what it was. What kind of drink did they end up taking out?","[""a yellow bottle of juice"",""a clear bottle of water"",""a red can of soda"",""a green bottle of Sprite"",""a dark bottle of cola""]",A,a yellow bottle of juice,Jake,https://huggingface.co/datasets/lmms-lab/EgoLife/resolve/main/A1_JAKE/DAY5/DAY5_A1_JAKE_15550000.mp4,Lucia,https://huggingface.co/datasets/lmms-lab/EgoLife/resolve/main/A4_LUCIA/DAY5/DAY5_A4_LUCIA_15550000.mp4,true,day5_7_first_50
egolife_rlhf_packet_ranking_v4,dbea4d3c4ab21c99f39c,day5_7_full_100,HM,completed,40,EGOLIFE2U_RANDOM_PAIR_CLIP_PRUNED_DAY5_15550000_A1_A4_0-1,3,EGOLIFE2U_RANDOM_PAIR_CLIP_PRUNED_DAY5_15550000_A1_A4_0-1::candidate_06,3,1,1,false,,,Thu Aug 06 2026 15:43:10 GMT-0400 (Eastern Daylight Time),Fri Aug 07 2026 18:36:58 GMT-0400 (Eastern Daylight Time),1187,"I saw the guy in the blue shirt grabbing a drink from the cooler, but I couldn't tell what he got. Which brand of soda was it?","[""Coca-Cola"",""Sprite"",""Fanta"",""Pepsi"",""Mountain Dew""]",A,Coca-Cola,Jake,https://huggingface.co/datasets/lmms-lab/EgoLife/resolve/main/A1_JAKE/DAY5/DAY5_A1_JAKE_15550000.mp4,Lucia,https://huggingface.co/datasets/lmms-lab/EgoLife/resolve/main/A4_LUCIA/DAY5/DAY5_A4_LUCIA_15550000.mp4,true,day5_7_first_50
egolife_rlhf_packet_ranking_v4,dbea4d3c4ab21c99f39c,day5_7_full_100,HM,completed,40,EGOLIFE2U_RANDOM_PAIR_CLIP_PRUNED_DAY5_15550000_A1_A4_0-1,4,EGOLIFE2U_RANDOM_PAIR_CLIP_PRUNED_DAY5_15550000_A1_A4_0-1::candidate_04,3,1,1,false,,,Thu Aug 06 2026 15:43:10 GMT-0400 (Eastern Daylight Time),Fri Aug 07 2026 18:36:58 GMT-0400 (Eastern Daylight Time),1187,"I saw the guy in the blue shirt picking up a yellowish drink from the cooler, but I couldn't see the label clearly. Which brand of soda was it?","[""Coca-Cola"",""Sprite"",""Fanta"",""Pepsi"",""Mountain Dew""]",C,Fanta,Jake,https://huggingface.co/datasets/lmms-lab/EgoLife/resolve/main/A1_JAKE/DAY5/DAY5_A1_JAKE_15550000.mp4,Lucia,https://huggingface.co/datasets/lmms-lab/EgoLife/resolve/main/A4_LUCIA/DAY5/DAY5_A4_LUCIA_15550000.mp4,true,day5_7_first_50
egolife_rlhf_packet_ranking_v4,dbea4d3c4ab21c99f39c,day5_7_full_100,HM,completed,40,EGOLIFE2U_RANDOM_PAIR_CLIP_PRUNED_DAY5_15550000_A1_A4_0-1,5,EGOLIFE2U_RANDOM_PAIR_CLIP_PRUNED_DAY5_15550000_A1_A4_0-1::candidate_01,3,2,1,false,,,Thu Aug 06 2026 15:43:10 GMT-0400 (Eastern Daylight Time),Fri Aug 07 2026 18:36:58 GMT-0400 (Eastern Daylight Time),1187,"I was looking at the row of refrigerators near the green wall, but I couldn't clearly identify the logo on the middle one between the red-framed units. What brand logo was displayed on the top of that specific refrigerator?","[""a Coca-Cola logo"",""a Pepsi logo"",""a Sprite logo"",""a Fanta logo"",""a 7-Up logo""]",A,a Coca-Cola logo,Jake,https://huggingface.co/datasets/lmms-lab/EgoLife/resolve/main/A1_JAKE/DAY5/DAY5_A1_JAKE_15550000.mp4,Lucia,https://huggingface.co/datasets/lmms-lab/EgoLife/resolve/main/A4_LUCIA/DAY5/DAY5_A4_LUCIA_15550000.mp4,true,day5_7_first_50
egolife_rlhf_packet_ranking_v4,dbea4d3c4ab21c99f39c,day5_7_full_100,HM,completed,40,EGOLIFE2U_RANDOM_PAIR_CLIP_PRUNED_DAY5_15550000_A1_A4_0-1,6,EGOLIFE2U_RANDOM_PAIR_CLIP_PRUNED_DAY5_15550000_A1_A4_0-1::candidate_05,3,1,1,false,,,Thu Aug 06 2026 15:43:10 GMT-0400 (Eastern Daylight Time),Fri Aug 07 2026 18:36:58 GMT-0400 (Eastern Daylight Time),1187,"I saw the guy in the blue shirt grabbing a drink from the cooler, but I couldn't tell what he got. Which brand of soda was it?","[""Coca-Cola"",""Sprite"",""Fanta"",""Pepsi"",""Mountain Dew""]",C,Fanta,Jake,https://huggingface.co/datasets/lmms-lab/EgoLife/resolve/main/A1_JAKE/DAY5/DAY5_A1_JAKE_15550000.mp4,Lucia,https://huggingface.co/datasets/lmms-lab/EgoLife/resolve/main/A4_LUCIA/DAY5/DAY5_A4_LUCIA_15550000.mp4,true,day5_7_first_50
egolife_rlhf_packet_ranking_v4,dbea4d3c4ab21c99f39c,day5_7_full_100,HM,completed,41,EGOLIFE2U_RANDOM_PAIR_CLIP_PRUNED_DAY5_16020000_A3_A6_0-1,1,EGOLIFE2U_RANDOM_PAIR_CLIP_PRUNED_DAY5_16020000_A3_A6_0-1::candidate_02,3,3,2,false,,,Thu Aug 06 2026 15:43:10 GMT-0400 (Eastern Daylight Time),Fri Aug 07 2026 18:50:27 GMT-0400 (Eastern Daylight Time),844,I was standing by that camping display with the blue tent and couldn't see the whole cart clearly. What items were inside the shopping cart while I was looking at the display?,"[""Several red soda cans and a green bottle"",""A large bag of chips and a box of cereal"",""Two blue water bottles and a loaf of bread"",""A red umbrella and a bag of fruit"",""A yellow box of tissues and a pack of gum""]",A,Several red soda cans and a green bottle,Tasha,https://huggingface.co/datasets/lmms-lab/EgoLife/resolve/main/A3_TASHA/DAY5/DAY5_A3_TASHA_16020000.mp4,Shure,https://huggingface.co/datasets/lmms-lab/EgoLife/resolve/main/A6_SHURE/DAY5/DAY5_A6_SHURE_16020000.mp4,true,day5_7_first_50
egolife_rlhf_packet_ranking_v4,dbea4d3c4ab21c99f39c,day5_7_full_100,HM,completed,41,EGOLIFE2U_RANDOM_PAIR_CLIP_PRUNED_DAY5_16020000_A3_A6_0-1,2,EGOLIFE2U_RANDOM_PAIR_CLIP_PRUNED_DAY5_16020000_A3_A6_0-1::candidate_06,2,1,2,false,,,Thu Aug 06 2026 15:43:10 GMT-0400 (Eastern Daylight Time),Fri Aug 07 2026 18:50:27 GMT-0400 (Eastern Daylight Time),844,"While I was looking at the camping gear display with the blue tent, I noticed a girl with pinkish-blonde hair standing nearby. What was she doing?","[""She was standing on an escalator holding a shopping cart."",""She was looking at the camping gear display."",""She was pushing a shopping cart down the aisle."",""She was talking to a person in a white shirt."",""She was walking towards the checkout counter.""]",A,She was standing on an escalator holding a shopping cart.,Tasha,https://huggingface.co/datasets/lmms-lab/EgoLife/resolve/main/A3_TASHA/DAY5/DAY5_A3_TASHA_16020000.mp4,Shure,https://huggingface.co/datasets/lmms-lab/EgoLife/resolve/main/A6_SHURE/DAY5/DAY5_A6_SHURE_16020000.mp4,true,day5_7_first_50
egolife_rlhf_packet_ranking_v4,dbea4d3c4ab21c99f39c,day5_7_full_100,HM,completed,41,EGOLIFE2U_RANDOM_PAIR_CLIP_PRUNED_DAY5_16020000_A3_A6_0-1,3,EGOLIFE2U_RANDOM_PAIR_CLIP_PRUNED_DAY5_16020000_A3_A6_0-1::candidate_03,3,3,2,false,,,Thu Aug 06 2026 15:43:10 GMT-0400 (Eastern Daylight Time),Fri Aug 07 2026 18:50:27 GMT-0400 (Eastern Daylight Time),844,I was hanging out by the camping display with the blue tent and couldn't see what was in the cart. What items were actually sitting inside the shopping cart?,"[""Several red soda cans and a green bottle"",""A large bag of chips and a box of cereal"",""Two blue water bottles and a loaf of bread"",""A red umbrella and a bag of fruit"",""A yellow box of tissues and a pack of gum""]",A,Several red soda cans and a green bottle,Tasha,https://huggingface.co/datasets/lmms-lab/EgoLife/resolve/main/A3_TASHA/DAY5/DAY5_A3_TASHA_16020000.mp4,Shure,https://huggingface.co/datasets/lmms-lab/EgoLife/resolve/main/A6_SHURE/DAY5/DAY5_A6_SHURE_16020000.mp4,true,day5_7_first_50
egolife_rlhf_packet_ranking_v4,dbea4d3c4ab21c99f39c,day5_7_full_100,HM,completed,41,EGOLIFE2U_RANDOM_PAIR_CLIP_PRUNED_DAY5_16020000_A3_A6_0-1,4,EGOLIFE2U_RANDOM_PAIR_CLIP_PRUNED_DAY5_16020000_A3_A6_0-1::candidate_05,1,1,1,false,,,Thu Aug 06 2026 15:43:10 GMT-0400 (Eastern Daylight Time),Fri Aug 07 2026 18:50:27 GMT-0400 (Eastern Daylight Time),844,"We were looking at the camping display with the blue tent, but I couldn't see what we had in the cart from my angle. What was the large red item sitting on top of the cart?","[""A red fire extinguisher"",""A red bag of chips"",""A red box of cereal"",""A red can of soda"",""A red plastic bucket""]",A,A red fire extinguisher,Tasha,https://huggingface.co/datasets/lmms-lab/EgoLife/resolve/main/A3_TASHA/DAY5/DAY5_A3_TASHA_16020000.mp4,Shure,https://huggingface.co/datasets/lmms-lab/EgoLife/resolve/main/A6_SHURE/DAY5/DAY5_A6_SHURE_16020000.mp4,true,day5_7_first_50
egolife_rlhf_packet_ranking_v4,dbea4d3c4ab21c99f39c,day5_7_full_100,HM,completed,41,EGOLIFE2U_RANDOM_PAIR_CLIP_PRUNED_DAY5_16020000_A3_A6_0-1,5,EGOLIFE2U_RANDOM_PAIR_CLIP_PRUNED_DAY5_16020000_A3_A6_0-1::candidate_01,2,3,1,false,,,Thu Aug 06 2026 15:43:10 GMT-0400 (Eastern Daylight Time),Fri Aug 07 2026 18:50:27 GMT-0400 (Eastern Daylight Time),844,What item was sitting on the floor or low platform directly next to the blue tent display in the aisle?,"[""A large stack of red boxes"",""A brown stuffed bear"",""A stack of white pillows"",""A green camping chair"",""A large blue water jug""]",B,A brown stuffed bear,Tasha,https://huggingface.co/datasets/lmms-lab/EgoLife/resolve/main/A3_TASHA/DAY5/DAY5_A3_TASHA_16020000.mp4,Shure,https://huggingface.co/datasets/lmms-lab/EgoLife/resolve/main/A6_SHURE/DAY5/DAY5_A6_SHURE_16020000.mp4,true,day5_7_first_50
egolife_rlhf_packet_ranking_v4,dbea4d3c4ab21c99f39c,day5_7_full_100,HM,completed,41,EGOLIFE2U_RANDOM_PAIR_CLIP_PRUNED_DAY5_16020000_A3_A6_0-1,6,EGOLIFE2U_RANDOM_PAIR_CLIP_PRUNED_DAY5_16020000_A3_A6_0-1::candidate_04,1,3,2,false,,,Thu Aug 06 2026 15:43:10 GMT-0400 (Eastern Daylight Time),Fri Aug 07 2026 18:50:27 GMT-0400 (Eastern Daylight Time),844,"I was looking at the camping gear display with the blue tent, but I couldn't see what was inside our cart. What were the large red cans we had already put in?","[""Canned drinks"",""Bottled water"",""Canned soup"",""Packaged snacks"",""Frozen vegetables""]",A,Canned drinks,Tasha,https://huggingface.co/datasets/lmms-lab/EgoLife/resolve/main/A3_TASHA/DAY5/DAY5_A3_TASHA_16020000.mp4,Shure,https://huggingface.co/datasets/lmms-lab/EgoLife/resolve/main/A6_SHURE/DAY5/DAY5_A6_SHURE_16020000.mp4,true,day5_7_first_50
egolife_rlhf_packet_ranking_v4,dbea4d3c4ab21c99f39c,day5_7_full_100,HM,completed,42,EGOLIFE2U_RANDOM_PAIR_CLIP_PRUNED_DAY5_16183000_A4_A6_0-1,1,EGOLIFE2U_RANDOM_PAIR_CLIP_PRUNED_DAY5_16183000_A4_A6_0-1::candidate_05,1,1,1,false,,,Thu Aug 06 2026 15:43:10 GMT-0400 (Eastern Daylight Time),Fri Aug 07 2026 18:57:22 GMT-0400 (Eastern Daylight Time),385,"While I was picking out those plums at the fruit display with the yellow checkered tablecloth, did you happen to notice what aisle we were passing when you headed toward the checkout area?","[""The beverage aisle with the large refrigerators"",""The beauty and personal care aisle"",""The dry goods and boxed items aisle"",""The fresh vegetable section"",""The frozen food aisle""]",B,The beauty and personal care aisle,Lucia,https://huggingface.co/datasets/lmms-lab/EgoLife/resolve/main/A4_LUCIA/DAY5/DAY5_A4_LUCIA_16183000.mp4,Shure,https://huggingface.co/datasets/lmms-lab/EgoLife/resolve/main/A6_SHURE/DAY5/DAY5_A6_SHURE_16183000.mp4,true,day5_7_first_50
egolife_rlhf_packet_ranking_v4,dbea4d3c4ab21c99f39c,day5_7_full_100,HM,completed,42,EGOLIFE2U_RANDOM_PAIR_CLIP_PRUNED_DAY5_16183000_A4_A6_0-1,2,EGOLIFE2U_RANDOM_PAIR_CLIP_PRUNED_DAY5_16183000_A4_A6_0-1::candidate_03,2,3,1,false,,,Thu Aug 06 2026 15:43:10 GMT-0400 (Eastern Daylight Time),Fri Aug 07 2026 18:57:22 GMT-0400 (Eastern Daylight Time),385,I was picking out that container of plums from the display with the yellow checkered tablecloth. What was the price listed on the sign hanging right above it?,"[""11.98"",""9.90"",""29.00"",""5.99"",""15.50""]",A,11.98,Lucia,https://huggingface.co/datasets/lmms-lab/EgoLife/resolve/main/A4_LUCIA/DAY5/DAY5_A4_LUCIA_16183000.mp4,Shure,https://huggingface.co/datasets/lmms-lab/EgoLife/resolve/main/A6_SHURE/DAY5/DAY5_A6_SHURE_16183000.mp4,true,day5_7_first_50
egolife_rlhf_packet_ranking_v4,dbea4d3c4ab21c99f39c,day5_7_full_100,HM,completed,42,EGOLIFE2U_RANDOM_PAIR_CLIP_PRUNED_DAY5_16183000_A4_A6_0-1,3,EGOLIFE2U_RANDOM_PAIR_CLIP_PRUNED_DAY5_16183000_A4_A6_0-1::candidate_02,1,2,2,false,,,Thu Aug 06 2026 15:43:10 GMT-0400 (Eastern Daylight Time),Fri Aug 07 2026 18:57:22 GMT-0400 (Eastern Daylight Time),385,"I was picking out some plums at the fruit display with the yellow checkered tablecloth. While I was doing that, where were you heading in the store?","[""Towards the checkout counters at the end of the aisle"",""Down the aisle with the beauty products and bottles"",""Past the refrigerated drinks section on the left"",""Into the fresh vegetable section"",""Towards the snack shelves near the entrance""]",B,Down the aisle with the beauty products and bottles,Lucia,https://huggingface.co/datasets/lmms-lab/EgoLife/resolve/main/A4_LUCIA/DAY5/DAY5_A4_LUCIA_16183000.mp4,Shure,https://huggingface.co/datasets/lmms-lab/EgoLife/resolve/main/A6_SHURE/DAY5/DAY5_A6_SHURE_16183000.mp4,true,day5_7_first_50
egolife_rlhf_packet_ranking_v4,dbea4d3c4ab21c99f39c,day5_7_full_100,HM,completed,42,EGOLIFE2U_RANDOM_PAIR_CLIP_PRUNED_DAY5_16183000_A4_A6_0-1,4,EGOLIFE2U_RANDOM_PAIR_CLIP_PRUNED_DAY5_16183000_A4_A6_0-1::candidate_01,1,2,2,false,,,Thu Aug 06 2026 15:43:10 GMT-0400 (Eastern Daylight Time),Fri Aug 07 2026 18:57:22 GMT-0400 (Eastern Daylight Time),385,"I was busy checking out the plums at the fruit display with the yellow checkered tablecloths, but I couldn't see where you ended up. Which aisle did you go to?","[""The aisle with the large glass-door refrigerators"",""The aisle with the beauty and personal care products"",""The aisle with the frozen food freezers"",""The checkout area"",""The bakery section""]",B,The aisle with the beauty and personal care products,Lucia,https://huggingface.co/datasets/lmms-lab/EgoLife/resolve/main/A4_LUCIA/DAY5/DAY5_A4_LUCIA_16183000.mp4,Shure,https://huggingface.co/datasets/lmms-lab/EgoLife/resolve/main/A6_SHURE/DAY5/DAY5_A6_SHURE_16183000.mp4,true,day5_7_first_50
egolife_rlhf_packet_ranking_v4,dbea4d3c4ab21c99f39c,day5_7_full_100,HM,completed,42,EGOLIFE2U_RANDOM_PAIR_CLIP_PRUNED_DAY5_16183000_A4_A6_0-1,5,EGOLIFE2U_RANDOM_PAIR_CLIP_PRUNED_DAY5_16183000_A4_A6_0-1::candidate_06,1,2,2,false,,,Thu Aug 06 2026 15:43:10 GMT-0400 (Eastern Daylight Time),Fri Aug 07 2026 18:57:22 GMT-0400 (Eastern Daylight Time),385,"I was picking out some plums in the produce section with the yellow checkered tablecloths. While I was doing that, which aisle were you walking down?","[""the beauty aisle with bottles of shampoo and lotions"",""the checkout area with the red signs"",""the aisle with the large stacks of yellow boxes"",""the refrigerated beverage aisle"",""the fresh produce section""]",A,the beauty aisle with bottles of shampoo and lotions,Lucia,https://huggingface.co/datasets/lmms-lab/EgoLife/resolve/main/A4_LUCIA/DAY5/DAY5_A4_LUCIA_16183000.mp4,Shure,https://huggingface.co/datasets/lmms-lab/EgoLife/resolve/main/A6_SHURE/DAY5/DAY5_A6_SHURE_16183000.mp4,true,day5_7_first_50
egolife_rlhf_packet_ranking_v4,dbea4d3c4ab21c99f39c,day5_7_full_100,HM,completed,42,EGOLIFE2U_RANDOM_PAIR_CLIP_PRUNED_DAY5_16183000_A4_A6_0-1,6,EGOLIFE2U_RANDOM_PAIR_CLIP_PRUNED_DAY5_16183000_A4_A6_0-1::candidate_04,1,2,2,false,,,Thu Aug 06 2026 15:43:10 GMT-0400 (Eastern Daylight Time),Fri Aug 07 2026 18:57:22 GMT-0400 (Eastern Daylight Time),385,"I was busy looking at the plums in the fruit section, so I didn't really look around much. When you walked through the aisle near the checkout area, which large pink sign hanging above the shelves did you see?","[""A sign that says Beauty"",""A sign that says Checkout"",""A sign that says Snacks"",""A sign that says Drinks"",""A sign that says Bakery""]",A,A sign that says Beauty,Lucia,https://huggingface.co/datasets/lmms-lab/EgoLife/resolve/main/A4_LUCIA/DAY5/DAY5_A4_LUCIA_16183000.mp4,Shure,https://huggingface.co/datasets/lmms-lab/EgoLife/resolve/main/A6_SHURE/DAY5/DAY5_A6_SHURE_16183000.mp4,true,day5_7_first_50
egolife_rlhf_packet_ranking_v4,dbea4d3c4ab21c99f39c,day5_7_full_100,HM,completed,43,EGOLIFE2U_RANDOM_PAIR_CLIP_PRUNED_DAY6_10033000_A1_A2_0-1,1,EGOLIFE2U_RANDOM_PAIR_CLIP_PRUNED_DAY6_10033000_A1_A2_0-1::candidate_04,2,2,2,false,,,Thu Aug 06 2026 15:43:10 GMT-0400 (Eastern Daylight Time),Fri Aug 07 2026 19:21:54 GMT-0400 (Eastern Daylight Time),1501,"I was gathering all those white power adapters off the floor, but I couldn't see what was happening over by the bed. What did the person in the bedroom do with the white pillow?","[""They held the pillow up and examined it closely"",""They threw the pillow onto the floor"",""They placed the pillow back on the bed"",""They put the pillow inside a laundry basket"",""They sat on top of the pillow""]",A,They held the pillow up and examined it closely,Jake,https://huggingface.co/datasets/lmms-lab/EgoLife/resolve/main/A1_JAKE/DAY6/DAY6_A1_JAKE_10033000.mp4,Alice,https://huggingface.co/datasets/lmms-lab/EgoLife/resolve/main/A2_ALICE/DAY6/DAY6_A2_ALICE_10033000.mp4,true,day5_7_first_50
egolife_rlhf_packet_ranking_v4,dbea4d3c4ab21c99f39c,day5_7_full_100,HM,completed,43,EGOLIFE2U_RANDOM_PAIR_CLIP_PRUNED_DAY6_10033000_A1_A2_0-1,2,EGOLIFE2U_RANDOM_PAIR_CLIP_PRUNED_DAY6_10033000_A1_A2_0-1::candidate_03,1,3,2,false,,,Thu Aug 06 2026 15:43:10 GMT-0400 (Eastern Daylight Time),Fri Aug 07 2026 19:21:54 GMT-0400 (Eastern Daylight Time),1501,"I was down here sorting through the cables and power strips near the sun pillow. In the bedroom, where did you end up placing that white pillow you picked up from the bed?","[""On the green patterned rug"",""On the windowsill"",""Inside the pink bag"",""On the desk"",""On the floor next to the door""]",A,On the green patterned rug,Jake,https://huggingface.co/datasets/lmms-lab/EgoLife/resolve/main/A1_JAKE/DAY6/DAY6_A1_JAKE_10033000.mp4,Alice,https://huggingface.co/datasets/lmms-lab/EgoLife/resolve/main/A2_ALICE/DAY6/DAY6_A2_ALICE_10033000.mp4,true,day5_7_first_50
egolife_rlhf_packet_ranking_v4,dbea4d3c4ab21c99f39c,day5_7_full_100,HM,completed,43,EGOLIFE2U_RANDOM_PAIR_CLIP_PRUNED_DAY6_10033000_A1_A2_0-1,3,EGOLIFE2U_RANDOM_PAIR_CLIP_PRUNED_DAY6_10033000_A1_A2_0-1::candidate_06,2,2,2,false,,,Thu Aug 06 2026 15:43:10 GMT-0400 (Eastern Daylight Time),Fri Aug 07 2026 19:21:54 GMT-0400 (Eastern Daylight Time),1501,"I was busy picking up the power adapters from the floor, so I couldn't see what happened with the bedding. What did the person in the bedroom do with the white pillow?","[""They held the pillow up and examined it closely"",""They threw the pillow onto the floor"",""They placed the pillow back on the bed"",""They put the pillow inside a laundry basket"",""They sat on top of the pillow""]",A,They held the pillow up and examined it closely,Jake,https://huggingface.co/datasets/lmms-lab/EgoLife/resolve/main/A1_JAKE/DAY6/DAY6_A1_JAKE_10033000.mp4,Alice,https://huggingface.co/datasets/lmms-lab/EgoLife/resolve/main/A2_ALICE/DAY6/DAY6_A2_ALICE_10033000.mp4,true,day5_7_first_50
egolife_rlhf_packet_ranking_v4,dbea4d3c4ab21c99f39c,day5_7_full_100,HM,completed,43,EGOLIFE2U_RANDOM_PAIR_CLIP_PRUNED_DAY6_10033000_A1_A2_0-1,4,EGOLIFE2U_RANDOM_PAIR_CLIP_PRUNED_DAY6_10033000_A1_A2_0-1::candidate_01,1,3,2,false,,,Thu Aug 06 2026 15:43:10 GMT-0400 (Eastern Daylight Time),Fri Aug 07 2026 19:21:54 GMT-0400 (Eastern Daylight Time),1501,"I was fiddling with those white power strips and cables on the floor near the sun-shaped pillow. While I was doing that, I saw you in the bedroom near the window. What did you pick up and move from the bed?","[""A white pillow"",""A patterned blanket"",""A green rug"",""A pink bag"",""A small box""]",A,A white pillow,Jake,https://huggingface.co/datasets/lmms-lab/EgoLife/resolve/main/A1_JAKE/DAY6/DAY6_A1_JAKE_10033000.mp4,Alice,https://huggingface.co/datasets/lmms-lab/EgoLife/resolve/main/A2_ALICE/DAY6/DAY6_A2_ALICE_10033000.mp4,true,day5_7_first_50
egolife_rlhf_packet_ranking_v4,dbea4d3c4ab21c99f39c,day5_7_full_100,HM,completed,43,EGOLIFE2U_RANDOM_PAIR_CLIP_PRUNED_DAY6_10033000_A1_A2_0-1,5,EGOLIFE2U_RANDOM_PAIR_CLIP_PRUNED_DAY6_10033000_A1_A2_0-1::candidate_05,2,2,2,false,,,Thu Aug 06 2026 15:43:10 GMT-0400 (Eastern Daylight Time),Fri Aug 07 2026 19:21:54 GMT-0400 (Eastern Daylight Time),1501,"I was gathering the white power adapters off the floor, but I couldn't see what was happening over by the bed. What did the person in the bedroom do with the white pillow?","[""They held the pillow up and examined it closely"",""They threw the pillow onto the floor"",""They placed the pillow back on the bed"",""They put the pillow inside a laundry basket"",""They sat on top of the pillow""]",A,They held the pillow up and examined it closely,Jake,https://huggingface.co/datasets/lmms-lab/EgoLife/resolve/main/A1_JAKE/DAY6/DAY6_A1_JAKE_10033000.mp4,Alice,https://huggingface.co/datasets/lmms-lab/EgoLife/resolve/main/A2_ALICE/DAY6/DAY6_A2_ALICE_10033000.mp4,true,day5_7_first_50
egolife_rlhf_packet_ranking_v4,dbea4d3c4ab21c99f39c,day5_7_full_100,HM,completed,43,EGOLIFE2U_RANDOM_PAIR_CLIP_PRUNED_DAY6_10033000_A1_A2_0-1,6,EGOLIFE2U_RANDOM_PAIR_CLIP_PRUNED_DAY6_10033000_A1_A2_0-1::candidate_02,1,3,2,false,,,Thu Aug 06 2026 15:43:10 GMT-0400 (Eastern Daylight Time),Fri Aug 07 2026 19:21:54 GMT-0400 (Eastern Daylight Time),1501,"I was down here fiddling with the white power strips and cables near the sun-shaped pillow. Meanwhile, you were in the bedroom. What specific item did you pick up from the bed and move?","[""A white pillow"",""A green patterned rug"",""A pink bag on the windowsill"",""A laptop on the desk"",""A framed picture on the wall""]",A,A white pillow,Jake,https://huggingface.co/datasets/lmms-lab/EgoLife/resolve/main/A1_JAKE/DAY6/DAY6_A1_JAKE_10033000.mp4,Alice,https://huggingface.co/datasets/lmms-lab/EgoLife/resolve/main/A2_ALICE/DAY6/DAY6_A2_ALICE_10033000.mp4,true,day5_7_first_50
egolife_rlhf_packet_ranking_v4,dbea4d3c4ab21c99f39c,day5_7_full_100,HM,completed,44,EGOLIFE2U_RANDOM_PAIR_CLIP_PRUNED_DAY6_10113000_A1_A5_0-1,1,EGOLIFE2U_RANDOM_PAIR_CLIP_PRUNED_DAY6_10113000_A1_A5_0-1::candidate_03,2,1,1,false,,,Thu Aug 06 2026 15:43:10 GMT-0400 (Eastern Daylight Time),Fri Aug 07 2026 19:31:30 GMT-0400 (Eastern Daylight Time),571,I was just sitting in the bedroom with the computer screens and noticed the person in the green shirt walking through the doorway. Which room were they walking into?,"[""The bedroom with the computer screens"",""The living room with the projector screen"",""The kitchen with the sink and window"",""The bathroom with the shower curtain"",""The hallway with the coat rack""]",B,The living room with the projector screen,Jake,https://huggingface.co/datasets/lmms-lab/EgoLife/resolve/main/A1_JAKE/DAY6/DAY6_A1_JAKE_10113000.mp4,Katrina,https://huggingface.co/datasets/lmms-lab/EgoLife/resolve/main/A5_KATRINA/DAY6/DAY6_A5_KATRINA_10113000.mp4,true,day5_7_first_50
egolife_rlhf_packet_ranking_v4,dbea4d3c4ab21c99f39c,day5_7_full_100,HM,completed,44,EGOLIFE2U_RANDOM_PAIR_CLIP_PRUNED_DAY6_10113000_A1_A5_0-1,2,EGOLIFE2U_RANDOM_PAIR_CLIP_PRUNED_DAY6_10113000_A1_A5_0-1::candidate_04,2,1,2,false,,,Thu Aug 06 2026 15:43:10 GMT-0400 (Eastern Daylight Time),Fri Aug 07 2026 19:31:30 GMT-0400 (Eastern Daylight Time),571,I'm looking at the table with the checkered tablecloth that's covered in boxes and a hairdryer. What is the large white object mounted on the wall in the background of that room?,"[""a large projection screen"",""a white kitchen cabinet"",""a folded paper fan"",""a framed mirror"",""a large painting""]",A,a large projection screen,Jake,https://huggingface.co/datasets/lmms-lab/EgoLife/resolve/main/A1_JAKE/DAY6/DAY6_A1_JAKE_10113000.mp4,Katrina,https://huggingface.co/datasets/lmms-lab/EgoLife/resolve/main/A5_KATRINA/DAY6/DAY6_A5_KATRINA_10113000.mp4,true,day5_7_first_50
egolife_rlhf_packet_ranking_v4,dbea4d3c4ab21c99f39c,day5_7_full_100,HM,completed,44,EGOLIFE2U_RANDOM_PAIR_CLIP_PRUNED_DAY6_10113000_A1_A5_0-1,3,EGOLIFE2U_RANDOM_PAIR_CLIP_PRUNED_DAY6_10113000_A1_A5_0-1::candidate_06,3,2,1,false,,,Thu Aug 06 2026 15:43:10 GMT-0400 (Eastern Daylight Time),Fri Aug 07 2026 19:31:30 GMT-0400 (Eastern Daylight Time),571,"I'm looking out the window in the kitchen at the patio, but I can't see what's on the table in the living room area. What kind of tablecloth is covering the table there?","[""A red and white checkered tablecloth"",""A plain white tablecloth"",""A blue floral patterned tablecloth"",""A solid brown wooden table surface"",""A black and white striped tablecloth""]",A,A red and white checkered tablecloth,Jake,https://huggingface.co/datasets/lmms-lab/EgoLife/resolve/main/A1_JAKE/DAY6/DAY6_A1_JAKE_10113000.mp4,Katrina,https://huggingface.co/datasets/lmms-lab/EgoLife/resolve/main/A5_KATRINA/DAY6/DAY6_A5_KATRINA_10113000.mp4,true,day5_7_first_50
egolife_rlhf_packet_ranking_v4,dbea4d3c4ab21c99f39c,day5_7_full_100,HM,completed,44,EGOLIFE2U_RANDOM_PAIR_CLIP_PRUNED_DAY6_10113000_A1_A5_0-1,4,EGOLIFE2U_RANDOM_PAIR_CLIP_PRUNED_DAY6_10113000_A1_A5_0-1::candidate_02,3,2,2,false,,,Thu Aug 06 2026 15:43:10 GMT-0400 (Eastern Daylight Time),Fri Aug 07 2026 19:31:30 GMT-0400 (Eastern Daylight Time),571,"I'm sitting in the bedroom with all the computer screens and can't see what's going on in the living room. On that table with the red and white checkered tablecloth, is the hairdryer blue or white?","[""A light blue hairdryer"",""A white hairdryer"",""A black hairdryer"",""A pink hairdryer"",""A silver hairdryer""]",A,A light blue hairdryer,Jake,https://huggingface.co/datasets/lmms-lab/EgoLife/resolve/main/A1_JAKE/DAY6/DAY6_A1_JAKE_10113000.mp4,Katrina,https://huggingface.co/datasets/lmms-lab/EgoLife/resolve/main/A5_KATRINA/DAY6/DAY6_A5_KATRINA_10113000.mp4,true,day5_7_first_50
egolife_rlhf_packet_ranking_v4,dbea4d3c4ab21c99f39c,day5_7_full_100,HM,completed,44,EGOLIFE2U_RANDOM_PAIR_CLIP_PRUNED_DAY6_10113000_A1_A5_0-1,5,EGOLIFE2U_RANDOM_PAIR_CLIP_PRUNED_DAY6_10113000_A1_A5_0-1::candidate_01,3,3,2,false,,,Thu Aug 06 2026 15:43:10 GMT-0400 (Eastern Daylight Time),Fri Aug 07 2026 19:31:30 GMT-0400 (Eastern Daylight Time),571,I was in the bedroom with the computers and couldn't see into the other room clearly. What large appliance was sitting on the checkered table in the room with the projector screen?,"[""A blue hairdryer"",""A black microwave"",""A silver toaster"",""A white kettle"",""A glass blender""]",A,A blue hairdryer,Jake,https://huggingface.co/datasets/lmms-lab/EgoLife/resolve/main/A1_JAKE/DAY6/DAY6_A1_JAKE_10113000.mp4,Katrina,https://huggingface.co/datasets/lmms-lab/EgoLife/resolve/main/A5_KATRINA/DAY6/DAY6_A5_KATRINA_10113000.mp4,true,day5_7_first_50
egolife_rlhf_packet_ranking_v4,dbea4d3c4ab21c99f39c,day5_7_full_100,HM,completed,44,EGOLIFE2U_RANDOM_PAIR_CLIP_PRUNED_DAY6_10113000_A1_A5_0-1,6,EGOLIFE2U_RANDOM_PAIR_CLIP_PRUNED_DAY6_10113000_A1_A5_0-1::candidate_05,3,3,2,false,,,Thu Aug 06 2026 15:43:10 GMT-0400 (Eastern Daylight Time),Fri Aug 07 2026 19:31:30 GMT-0400 (Eastern Daylight Time),571,"I'm in the bedroom with all my laptops set up, and I can see the window behind the bed, but I can't see the view from the kitchen. Is there a large white umbrella visible outside the window in the kitchen area?","[""Yes, a large white umbrella is visible outside"",""No, there is no umbrella visible outside"",""Yes, a blue umbrella is visible outside"",""Yes, a red umbrella is visible outside"",""No, the window is covered by blinds""]",A,"Yes, a large white umbrella is visible outside",Jake,https://huggingface.co/datasets/lmms-lab/EgoLife/resolve/main/A1_JAKE/DAY6/DAY6_A1_JAKE_10113000.mp4,Katrina,https://huggingface.co/datasets/lmms-lab/EgoLife/resolve/main/A5_KATRINA/DAY6/DAY6_A5_KATRINA_10113000.mp4,true,day5_7_first_50
egolife_rlhf_packet_ranking_v4,dbea4d3c4ab21c99f39c,day5_7_full_100,HM,completed,45,EGOLIFE2U_RANDOM_PAIR_CLIP_PRUNED_DAY6_10140000_A1_A3_0-1,1,EGOLIFE2U_RANDOM_PAIR_CLIP_PRUNED_DAY6_10140000_A1_A3_0-1::candidate_05,1,1,1,false,,,Thu Aug 06 2026 15:43:11 GMT-0400 (Eastern Daylight Time),Sat Aug 08 2026 09:31:33 GMT-0400 (Eastern Daylight Time),3044,I was just standing by the counter in the kitchen handling a white charger and cable. Where did the person in the green shirt and beige shorts end up putting the orange bag with the yellow logo?,"[""On top of the white appliance"",""Inside the microwave"",""On the wire rack next to the pot"",""Inside the red refrigerator"",""On the floor""]",C,On the wire rack next to the pot,Jake,https://huggingface.co/datasets/lmms-lab/EgoLife/resolve/main/A1_JAKE/DAY6/DAY6_A1_JAKE_10140000.mp4,Tasha,https://huggingface.co/datasets/lmms-lab/EgoLife/resolve/main/A3_TASHA/DAY6/DAY6_A3_TASHA_10140000.mp4,true,day5_7_first_50
egolife_rlhf_packet_ranking_v4,dbea4d3c4ab21c99f39c,day5_7_full_100,HM,completed,45,EGOLIFE2U_RANDOM_PAIR_CLIP_PRUNED_DAY6_10140000_A1_A3_0-1,2,EGOLIFE2U_RANDOM_PAIR_CLIP_PRUNED_DAY6_10140000_A1_A3_0-1::candidate_04,1,2,1,false,,,Thu Aug 06 2026 15:43:11 GMT-0400 (Eastern Daylight Time),Sat Aug 08 2026 09:31:33 GMT-0400 (Eastern Daylight Time),3044,I was just looking at the white power adapter and cable in my hands while standing by the wire rack. Where did that person in the green shirt end up putting it?,"[""On the white plate on the shelf"",""Inside the orange bag"",""On the wire rack next to the pot"",""Inside the white appliance"",""On the floor""]",C,On the wire rack next to the pot,Jake,https://huggingface.co/datasets/lmms-lab/EgoLife/resolve/main/A1_JAKE/DAY6/DAY6_A1_JAKE_10140000.mp4,Tasha,https://huggingface.co/datasets/lmms-lab/EgoLife/resolve/main/A3_TASHA/DAY6/DAY6_A3_TASHA_10140000.mp4,true,day5_7_first_50
egolife_rlhf_packet_ranking_v4,dbea4d3c4ab21c99f39c,day5_7_full_100,HM,completed,45,EGOLIFE2U_RANDOM_PAIR_CLIP_PRUNED_DAY6_10140000_A1_A3_0-1,3,EGOLIFE2U_RANDOM_PAIR_CLIP_PRUNED_DAY6_10140000_A1_A3_0-1::candidate_01,3,1,1,false,,,Thu Aug 06 2026 15:43:11 GMT-0400 (Eastern Daylight Time),Sat Aug 08 2026 09:31:33 GMT-0400 (Eastern Daylight Time),3044,I was dealing with that white power strip in the small tiled area near the rice cooker. Did anyone else end up with one of those power strips later on in the room with the projector screen?,"[""The person in the green shirt holding a power strip"",""The person in the floral dress holding a power strip"",""The person in the orange shirt holding a power strip"",""The person in the white shirt holding a power strip"",""Nobody was holding a power strip""]",A,The person in the green shirt holding a power strip,Jake,https://huggingface.co/datasets/lmms-lab/EgoLife/resolve/main/A1_JAKE/DAY6/DAY6_A1_JAKE_10140000.mp4,Tasha,https://huggingface.co/datasets/lmms-lab/EgoLife/resolve/main/A3_TASHA/DAY6/DAY6_A3_TASHA_10140000.mp4,true,day5_7_first_50
egolife_rlhf_packet_ranking_v4,dbea4d3c4ab21c99f39c,day5_7_full_100,HM,completed,45,EGOLIFE2U_RANDOM_PAIR_CLIP_PRUNED_DAY6_10140000_A1_A3_0-1,4,EGOLIFE2U_RANDOM_PAIR_CLIP_PRUNED_DAY6_10140000_A1_A3_0-1::candidate_03,2,3,1,false,,,Thu Aug 06 2026 15:43:11 GMT-0400 (Eastern Daylight Time),Sat Aug 08 2026 09:31:33 GMT-0400 (Eastern Daylight Time),3044,"I was in the small tiled kitchen area handling that white power strip and looking at the shelf with the orange package. Meanwhile, in the room with the checkered mat and projector screen, what was the person in the white shirt doing?","[""Standing by the counter near the window"",""Sitting on a round woven ottoman"",""Standing near the doorway holding a phone"",""Bending over a table with a red bag"",""Sitting on a wooden chair eating""]",B,Sitting on a round woven ottoman,Jake,https://huggingface.co/datasets/lmms-lab/EgoLife/resolve/main/A1_JAKE/DAY6/DAY6_A1_JAKE_10140000.mp4,Tasha,https://huggingface.co/datasets/lmms-lab/EgoLife/resolve/main/A3_TASHA/DAY6/DAY6_A3_TASHA_10140000.mp4,true,day5_7_first_50
egolife_rlhf_packet_ranking_v4,dbea4d3c4ab21c99f39c,day5_7_full_100,HM,completed,45,EGOLIFE2U_RANDOM_PAIR_CLIP_PRUNED_DAY6_10140000_A1_A3_0-1,5,EGOLIFE2U_RANDOM_PAIR_CLIP_PRUNED_DAY6_10140000_A1_A3_0-1::candidate_06,2,3,1,false,,,Thu Aug 06 2026 15:43:11 GMT-0400 (Eastern Daylight Time),Sat Aug 08 2026 09:31:33 GMT-0400 (Eastern Daylight Time),3044,I was standing in the kitchen area near the counter. Who was the person sitting on the round woven pouf in the dining area?,"[""The person with pink hair wearing a white apron"",""The person with dark curly hair in a peach t-shirt"",""The person with short blonde hair in a white shirt"",""The person with long dark hair in a green shirt"",""The person in a black shirt holding a phone""]",C,The person with short blonde hair in a white shirt,Jake,https://huggingface.co/datasets/lmms-lab/EgoLife/resolve/main/A1_JAKE/DAY6/DAY6_A1_JAKE_10140000.mp4,Tasha,https://huggingface.co/datasets/lmms-lab/EgoLife/resolve/main/A3_TASHA/DAY6/DAY6_A3_TASHA_10140000.mp4,true,day5_7_first_50
egolife_rlhf_packet_ranking_v4,dbea4d3c4ab21c99f39c,day5_7_full_100,HM,completed,45,EGOLIFE2U_RANDOM_PAIR_CLIP_PRUNED_DAY6_10140000_A1_A3_0-1,6,EGOLIFE2U_RANDOM_PAIR_CLIP_PRUNED_DAY6_10140000_A1_A3_0-1::candidate_02,3,3,3,false,,,Thu Aug 06 2026 15:43:11 GMT-0400 (Eastern Daylight Time),Sat Aug 08 2026 09:31:33 GMT-0400 (Eastern Daylight Time),3044,"I was handling that white power strip in the small tiled kitchen area. Later, in the room with the projector screen and checkered mat, did anyone end up holding that power strip?","[""The person in the floral dress was holding the power strip"",""The person in the orange shirt was holding the power strip"",""The person in the white shirt was holding the power strip"",""The person in the green shirt was holding the power strip"",""Nobody was holding the power strip""]",E,Nobody was holding the power strip,Jake,https://huggingface.co/datasets/lmms-lab/EgoLife/resolve/main/A1_JAKE/DAY6/DAY6_A1_JAKE_10140000.mp4,Tasha,https://huggingface.co/datasets/lmms-lab/EgoLife/resolve/main/A3_TASHA/DAY6/DAY6_A3_TASHA_10140000.mp4,true,day5_7_first_50
egolife_rlhf_packet_ranking_v4,dbea4d3c4ab21c99f39c,day5_7_full_100,HM,completed,46,EGOLIFE2U_RANDOM_PAIR_CLIP_PRUNED_DAY6_10150000_A2_A3_0-1,1,EGOLIFE2U_RANDOM_PAIR_CLIP_PRUNED_DAY6_10150000_A2_A3_0-1::candidate_04,1,2,1,false,,,Thu Aug 06 2026 15:43:11 GMT-0400 (Eastern Daylight Time),Sat Aug 08 2026 09:46:14 GMT-0400 (Eastern Daylight Time),886,"I was in the bedroom adjusting the bedding and looking around my room, but I didn't see anyone else in there. In the other room with the projector screen and the checkered tablecloth, what was the person in the green shirt doing?","[""Sitting at the table and eating a meal"",""Standing near the whiteboard and looking at a phone"",""Cooking food at a stove or counter"",""Sitting on the floor reading a book"",""Sleeping on a couch in the corner""]",B,Standing near the whiteboard and looking at a phone,Alice,https://huggingface.co/datasets/lmms-lab/EgoLife/resolve/main/A2_ALICE/DAY6/DAY6_A2_ALICE_10150000.mp4,Tasha,https://huggingface.co/datasets/lmms-lab/EgoLife/resolve/main/A3_TASHA/DAY6/DAY6_A3_TASHA_10150000.mp4,true,day5_7_first_50
egolife_rlhf_packet_ranking_v4,dbea4d3c4ab21c99f39c,day5_7_full_100,HM,completed,46,EGOLIFE2U_RANDOM_PAIR_CLIP_PRUNED_DAY6_10150000_A2_A3_0-1,2,EGOLIFE2U_RANDOM_PAIR_CLIP_PRUNED_DAY6_10150000_A2_A3_0-1::candidate_05,1,3,1,false,,,Thu Aug 06 2026 15:43:11 GMT-0400 (Eastern Daylight Time),Sat Aug 08 2026 09:46:14 GMT-0400 (Eastern Daylight Time),886,"I was just adjusting my bedding in the bedroom, but then I walked out into the living room and saw people gathering around the table. What kind of tablecloth is on that table?","[""a red and white checkered pattern"",""a solid beige fabric"",""a blue floral print"",""a grey and white striped pattern"",""a plain white plastic sheet""]",A,a red and white checkered pattern,Alice,https://huggingface.co/datasets/lmms-lab/EgoLife/resolve/main/A2_ALICE/DAY6/DAY6_A2_ALICE_10150000.mp4,Tasha,https://huggingface.co/datasets/lmms-lab/EgoLife/resolve/main/A3_TASHA/DAY6/DAY6_A3_TASHA_10150000.mp4,true,day5_7_first_50
egolife_rlhf_packet_ranking_v4,dbea4d3c4ab21c99f39c,day5_7_full_100,HM,completed,46,EGOLIFE2U_RANDOM_PAIR_CLIP_PRUNED_DAY6_10150000_A2_A3_0-1,3,EGOLIFE2U_RANDOM_PAIR_CLIP_PRUNED_DAY6_10150000_A2_A3_0-1::candidate_06,3,3,2,false,,,Thu Aug 06 2026 15:43:11 GMT-0400 (Eastern Daylight Time),Sat Aug 08 2026 09:46:14 GMT-0400 (Eastern Daylight Time),886,"I was just tidying up my bedding in the bedroom before heading out to join the others in the living room. I noticed a person standing by the large projection screen in the background, but I couldn't tell exactly what they were doing from where I was standing. What was the person standing near the screen doing with their hands?","[""holding a smartphone in front of them"",""clapping their hands together"",""holding a glass of milk"",""gesturing with both hands open"",""holding a piece of paper""]",A,holding a smartphone in front of them,Alice,https://huggingface.co/datasets/lmms-lab/EgoLife/resolve/main/A2_ALICE/DAY6/DAY6_A2_ALICE_10150000.mp4,Tasha,https://huggingface.co/datasets/lmms-lab/EgoLife/resolve/main/A3_TASHA/DAY6/DAY6_A3_TASHA_10150000.mp4,true,day5_7_first_50
egolife_rlhf_packet_ranking_v4,dbea4d3c4ab21c99f39c,day5_7_full_100,HM,completed,46,EGOLIFE2U_RANDOM_PAIR_CLIP_PRUNED_DAY6_10150000_A2_A3_0-1,4,EGOLIFE2U_RANDOM_PAIR_CLIP_PRUNED_DAY6_10150000_A2_A3_0-1::candidate_03,2,2,1,false,,,Thu Aug 06 2026 15:43:11 GMT-0400 (Eastern Daylight Time),Sat Aug 08 2026 09:46:14 GMT-0400 (Eastern Daylight Time),886,"I was in the bedroom making my bed and looking around the room. I noticed a lamp hanging from the ceiling, but I wasn't sure what kind it was. What kind of lamp is hanging above the bed?","[""A standard white dome ceiling light"",""A pleated white cone-shaped pendant lamp"",""A vintage brass chandelier"",""A modern spherical globe light"",""A colorful stained-glass hanging lamp""]",B,A pleated white cone-shaped pendant lamp,Alice,https://huggingface.co/datasets/lmms-lab/EgoLife/resolve/main/A2_ALICE/DAY6/DAY6_A2_ALICE_10150000.mp4,Tasha,https://huggingface.co/datasets/lmms-lab/EgoLife/resolve/main/A3_TASHA/DAY6/DAY6_A3_TASHA_10150000.mp4,true,day5_7_first_50
egolife_rlhf_packet_ranking_v4,dbea4d3c4ab21c99f39c,day5_7_full_100,HM,completed,46,EGOLIFE2U_RANDOM_PAIR_CLIP_PRUNED_DAY6_10150000_A2_A3_0-1,5,EGOLIFE2U_RANDOM_PAIR_CLIP_PRUNED_DAY6_10150000_A2_A3_0-1::candidate_02,3,2,1,false,,,Thu Aug 06 2026 15:43:11 GMT-0400 (Eastern Daylight Time),Sat Aug 08 2026 09:46:14 GMT-0400 (Eastern Daylight Time),886,"I was in the bedroom making my bed and just started walking out toward the living room. When I got there, I saw someone standing near the table, but the view was a bit blocked. Which person is standing by the table in the living room?","[""The person with pink hair wearing a patterned dress"",""The person with dark hair wearing a green t-shirt"",""The person with dark hair wearing a pink t-shirt"",""The person with dark hair wearing a white shirt"",""The person with red hair wearing a white shirt""]",B,The person with dark hair wearing a green t-shirt,Alice,https://huggingface.co/datasets/lmms-lab/EgoLife/resolve/main/A2_ALICE/DAY6/DAY6_A2_ALICE_10150000.mp4,Tasha,https://huggingface.co/datasets/lmms-lab/EgoLife/resolve/main/A3_TASHA/DAY6/DAY6_A3_TASHA_10150000.mp4,true,day5_7_first_50
egolife_rlhf_packet_ranking_v4,dbea4d3c4ab21c99f39c,day5_7_full_100,HM,completed,46,EGOLIFE2U_RANDOM_PAIR_CLIP_PRUNED_DAY6_10150000_A2_A3_0-1,6,EGOLIFE2U_RANDOM_PAIR_CLIP_PRUNED_DAY6_10150000_A2_A3_0-1::candidate_01,1,1,1,false,,,Thu Aug 06 2026 15:43:11 GMT-0400 (Eastern Daylight Time),Sat Aug 08 2026 09:46:14 GMT-0400 (Eastern Daylight Time),886,"While I was tidying up the bed in the bedroom, I walked out into the living room. Who was the person wearing the green shirt that I saw standing near the table?","[""The person with pink hair"",""The person holding the glass of milk"",""The person standing next to the projector screen"",""The person sitting on the couch"",""The person wearing a brown shirt""]",C,The person standing next to the projector screen,Alice,https://huggingface.co/datasets/lmms-lab/EgoLife/resolve/main/A2_ALICE/DAY6/DAY6_A2_ALICE_10150000.mp4,Tasha,https://huggingface.co/datasets/lmms-lab/EgoLife/resolve/main/A3_TASHA/DAY6/DAY6_A3_TASHA_10150000.mp4,true,day5_7_first_50
egolife_rlhf_packet_ranking_v4,dbea4d3c4ab21c99f39c,day5_7_full_100,HM,completed,47,EGOLIFE2U_RANDOM_PAIR_CLIP_PRUNED_DAY6_10210000_A2_A5_0-1,1,EGOLIFE2U_RANDOM_PAIR_CLIP_PRUNED_DAY6_10210000_A2_A5_0-1::candidate_01,2,1,1,false,,,Thu Aug 06 2026 15:43:11 GMT-0400 (Eastern Daylight Time),Sat Aug 08 2026 09:58:46 GMT-0400 (Eastern Daylight Time),749,I'm holding this bowl of soup while standing near the table. Who else is holding a similar bowl of soup in the room?,"[""The person in the white shirt sitting on the chair"",""The person in the orange shirt standing near the projector screen"",""The person in the green shirt standing by the wall"",""The person with pink hair standing near the kitchen"",""The person in the red shirt walking through the doorway""]",A,The person in the white shirt sitting on the chair,Alice,https://huggingface.co/datasets/lmms-lab/EgoLife/resolve/main/A2_ALICE/DAY6/DAY6_A2_ALICE_10210000.mp4,Katrina,https://huggingface.co/datasets/lmms-lab/EgoLife/resolve/main/A5_KATRINA/DAY6/DAY6_A5_KATRINA_10210000.mp4,true,day5_7_first_50
egolife_rlhf_packet_ranking_v4,dbea4d3c4ab21c99f39c,day5_7_full_100,HM,completed,47,EGOLIFE2U_RANDOM_PAIR_CLIP_PRUNED_DAY6_10210000_A2_A5_0-1,2,EGOLIFE2U_RANDOM_PAIR_CLIP_PRUNED_DAY6_10210000_A2_A5_0-1::candidate_06,2,3,1,false,,,Thu Aug 06 2026 15:43:11 GMT-0400 (Eastern Daylight Time),Sat Aug 08 2026 09:58:46 GMT-0400 (Eastern Daylight Time),749,"I was holding a bowl of soup with dark green chunks in it while standing by the table. Looking at the wider view of the room, what was the person in the white shirt sitting near the projector screen doing?","[""Looking at a smartphone"",""Eating from a bowl"",""Holding a camera"",""Cleaning the table"",""Reading a book""]",A,Looking at a smartphone,Alice,https://huggingface.co/datasets/lmms-lab/EgoLife/resolve/main/A2_ALICE/DAY6/DAY6_A2_ALICE_10210000.mp4,Katrina,https://huggingface.co/datasets/lmms-lab/EgoLife/resolve/main/A5_KATRINA/DAY6/DAY6_A5_KATRINA_10210000.mp4,true,day5_7_first_50
egolife_rlhf_packet_ranking_v4,dbea4d3c4ab21c99f39c,day5_7_full_100,HM,completed,47,EGOLIFE2U_RANDOM_PAIR_CLIP_PRUNED_DAY6_10210000_A2_A5_0-1,3,EGOLIFE2U_RANDOM_PAIR_CLIP_PRUNED_DAY6_10210000_A2_A5_0-1::candidate_04,2,3,2,false,,,Thu Aug 06 2026 15:43:11 GMT-0400 (Eastern Daylight Time),Sat Aug 08 2026 09:58:46 GMT-0400 (Eastern Daylight Time),749,"I was sitting at the table with a bowl of soup in my hand. In my view, there was a person with pink hair standing nearby, but I couldn't see the rest of the room. What was the person wearing a green shirt doing in the room with the projector screen?","[""Standing and looking at a phone"",""Sitting on a chair eating"",""Walking towards the kitchen"",""Adjusting the projector screen"",""Cleaning the table""]",A,Standing and looking at a phone,Alice,https://huggingface.co/datasets/lmms-lab/EgoLife/resolve/main/A2_ALICE/DAY6/DAY6_A2_ALICE_10210000.mp4,Katrina,https://huggingface.co/datasets/lmms-lab/EgoLife/resolve/main/A5_KATRINA/DAY6/DAY6_A5_KATRINA_10210000.mp4,true,day5_7_first_50
egolife_rlhf_packet_ranking_v4,dbea4d3c4ab21c99f39c,day5_7_full_100,HM,completed,47,EGOLIFE2U_RANDOM_PAIR_CLIP_PRUNED_DAY6_10210000_A2_A5_0-1,4,EGOLIFE2U_RANDOM_PAIR_CLIP_PRUNED_DAY6_10210000_A2_A5_0-1::candidate_02,2,1,1,false,,,Thu Aug 06 2026 15:43:11 GMT-0400 (Eastern Daylight Time),Sat Aug 08 2026 09:58:46 GMT-0400 (Eastern Daylight Time),749,I'm holding a bowl of soup with green vegetables in it. Who else is holding a similar bowl of soup in the room?,"[""The person with reddish hair sitting at the table"",""The person in the orange shirt standing near the projector screen"",""The person in the green shirt standing by the wall"",""The person with pink hair standing near the kitchen"",""The person in the red shirt walking through the doorway""]",A,The person with reddish hair sitting at the table,Alice,https://huggingface.co/datasets/lmms-lab/EgoLife/resolve/main/A2_ALICE/DAY6/DAY6_A2_ALICE_10210000.mp4,Katrina,https://huggingface.co/datasets/lmms-lab/EgoLife/resolve/main/A5_KATRINA/DAY6/DAY6_A5_KATRINA_10210000.mp4,true,day5_7_first_50
egolife_rlhf_packet_ranking_v4,dbea4d3c4ab21c99f39c,day5_7_full_100,HM,completed,47,EGOLIFE2U_RANDOM_PAIR_CLIP_PRUNED_DAY6_10210000_A2_A5_0-1,5,EGOLIFE2U_RANDOM_PAIR_CLIP_PRUNED_DAY6_10210000_A2_A5_0-1::candidate_05,1,3,1,false,,,Thu Aug 06 2026 15:43:11 GMT-0400 (Eastern Daylight Time),Sat Aug 08 2026 09:58:46 GMT-0400 (Eastern Daylight Time),749,"I was holding a bowl of soup while standing near the table. In my view, the person with pink hair was reaching for things, but I couldn't see the whole room. Which person was sitting on the chair near the projector screen?","[""The person wearing a white shirt"",""The person wearing a green shirt"",""The person wearing a pink shirt"",""The person wearing a blue shirt"",""The person wearing a black shirt""]",A,The person wearing a white shirt,Alice,https://huggingface.co/datasets/lmms-lab/EgoLife/resolve/main/A2_ALICE/DAY6/DAY6_A2_ALICE_10210000.mp4,Katrina,https://huggingface.co/datasets/lmms-lab/EgoLife/resolve/main/A5_KATRINA/DAY6/DAY6_A5_KATRINA_10210000.mp4,true,day5_7_first_50
egolife_rlhf_packet_ranking_v4,dbea4d3c4ab21c99f39c,day5_7_full_100,HM,completed,47,EGOLIFE2U_RANDOM_PAIR_CLIP_PRUNED_DAY6_10210000_A2_A5_0-1,6,EGOLIFE2U_RANDOM_PAIR_CLIP_PRUNED_DAY6_10210000_A2_A5_0-1::candidate_03,2,2,1,false,,,Thu Aug 06 2026 15:43:11 GMT-0400 (Eastern Daylight Time),Sat Aug 08 2026 09:58:46 GMT-0400 (Eastern Daylight Time),749,I was standing by the table eating soup and saw the person in the green shirt looking at their phone. Where did that person move to next?,"[""They walked over to the projector screen and stood in front of it"",""They sat down in the yellow chair near the table"",""They walked out the door into the kitchen area"",""They remained standing by the wall near the shelf"",""They sat down on the floor next to the person in the orange shirt""]",A,They walked over to the projector screen and stood in front of it,Alice,https://huggingface.co/datasets/lmms-lab/EgoLife/resolve/main/A2_ALICE/DAY6/DAY6_A2_ALICE_10210000.mp4,Katrina,https://huggingface.co/datasets/lmms-lab/EgoLife/resolve/main/A5_KATRINA/DAY6/DAY6_A5_KATRINA_10210000.mp4,true,day5_7_first_50
egolife_rlhf_packet_ranking_v4,dbea4d3c4ab21c99f39c,day5_7_full_100,HM,completed,48,EGOLIFE2U_RANDOM_PAIR_CLIP_PRUNED_DAY6_10263000_A3_A5_0-1,1,EGOLIFE2U_RANDOM_PAIR_CLIP_PRUNED_DAY6_10263000_A3_A5_0-1::candidate_02,2,3,2,false,,,Thu Aug 06 2026 15:43:11 GMT-0400 (Eastern Daylight Time),Sat Aug 08 2026 10:46:08 GMT-0400 (Eastern Daylight Time),2853,I was just sitting on the couch scrolling through my phone. I remember seeing a whiteboard in the area where the other person was working. What was written on that whiteboard?,"[""A timeline with a list of events"",""A mathematical equation"",""A grocery shopping list"",""A schedule for the week"",""A drawing of a house""]",A,A timeline with a list of events,Tasha,https://huggingface.co/datasets/lmms-lab/EgoLife/resolve/main/A3_TASHA/DAY6/DAY6_A3_TASHA_10263000.mp4,Katrina,https://huggingface.co/datasets/lmms-lab/EgoLife/resolve/main/A5_KATRINA/DAY6/DAY6_A5_KATRINA_10263000.mp4,true,day5_7_first_50
egolife_rlhf_packet_ranking_v4,dbea4d3c4ab21c99f39c,day5_7_full_100,HM,completed,48,EGOLIFE2U_RANDOM_PAIR_CLIP_PRUNED_DAY6_10263000_A3_A5_0-1,2,EGOLIFE2U_RANDOM_PAIR_CLIP_PRUNED_DAY6_10263000_A3_A5_0-1::candidate_01,1,3,2,false,,,Thu Aug 06 2026 15:43:11 GMT-0400 (Eastern Daylight Time),Sat Aug 08 2026 10:46:08 GMT-0400 (Eastern Daylight Time),2853,"While I was sitting on the couch scrolling through my phone, you were outside at the wooden table handling some items. Did you have any picture frames there?","[""Yes, a white rectangular picture frame"",""Yes, a round silver picture frame"",""Yes, a black square picture frame"",""Yes, a wooden oval picture frame"",""No, there were no picture frames""]",A,"Yes, a white rectangular picture frame",Tasha,https://huggingface.co/datasets/lmms-lab/EgoLife/resolve/main/A3_TASHA/DAY6/DAY6_A3_TASHA_10263000.mp4,Katrina,https://huggingface.co/datasets/lmms-lab/EgoLife/resolve/main/A5_KATRINA/DAY6/DAY6_A5_KATRINA_10263000.mp4,true,day5_7_first_50
egolife_rlhf_packet_ranking_v4,dbea4d3c4ab21c99f39c,day5_7_full_100,HM,completed,48,EGOLIFE2U_RANDOM_PAIR_CLIP_PRUNED_DAY6_10263000_A3_A5_0-1,3,EGOLIFE2U_RANDOM_PAIR_CLIP_PRUNED_DAY6_10263000_A3_A5_0-1::candidate_06,2,3,2,false,,,Thu Aug 06 2026 15:43:11 GMT-0400 (Eastern Daylight Time),Sat Aug 08 2026 10:46:08 GMT-0400 (Eastern Daylight Time),2853,"I was sitting on the sofa scrolling through videos on my phone. I know we had some items out on the wooden table outside earlier, but I missed what was happening with them. Was the white wooden frame on that table still wrapped in plastic, or had it been opened?","[""The frame was still inside its plastic packaging"",""The frame was open and the protective film was being peeled off"",""The frame was completely assembled with a picture inside"",""The frame was disassembled into separate pieces"",""The frame was being painted with a brush""]",B,The frame was open and the protective film was being peeled off,Tasha,https://huggingface.co/datasets/lmms-lab/EgoLife/resolve/main/A3_TASHA/DAY6/DAY6_A3_TASHA_10263000.mp4,Katrina,https://huggingface.co/datasets/lmms-lab/EgoLife/resolve/main/A5_KATRINA/DAY6/DAY6_A5_KATRINA_10263000.mp4,true,day5_7_first_50
egolife_rlhf_packet_ranking_v4,dbea4d3c4ab21c99f39c,day5_7_full_100,HM,completed,48,EGOLIFE2U_RANDOM_PAIR_CLIP_PRUNED_DAY6_10263000_A3_A5_0-1,4,EGOLIFE2U_RANDOM_PAIR_CLIP_PRUNED_DAY6_10263000_A3_A5_0-1::candidate_05,1,3,2,false,,,Thu Aug 06 2026 15:43:11 GMT-0400 (Eastern Daylight Time),Sat Aug 08 2026 10:46:08 GMT-0400 (Eastern Daylight Time),2853,"I was just sitting on the sofa watching videos on my phone. While I was relaxing there, I wanted to know what that person with long pink hair was working on at the wooden table outside. Was she assembling a picture frame, writing on a whiteboard, or doing something else?","[""Assembling a white wooden frame and peeling off protective film"",""Writing a schedule on a large whiteboard with a marker"",""Eating a snack from a blue package on the table"",""Folding a green piece of clothing on a chair"",""Drinking from a clear plastic cup""]",A,Assembling a white wooden frame and peeling off protective film,Tasha,https://huggingface.co/datasets/lmms-lab/EgoLife/resolve/main/A3_TASHA/DAY6/DAY6_A3_TASHA_10263000.mp4,Katrina,https://huggingface.co/datasets/lmms-lab/EgoLife/resolve/main/A5_KATRINA/DAY6/DAY6_A5_KATRINA_10263000.mp4,true,day5_7_first_50
egolife_rlhf_packet_ranking_v4,dbea4d3c4ab21c99f39c,day5_7_full_100,HM,completed,48,EGOLIFE2U_RANDOM_PAIR_CLIP_PRUNED_DAY6_10263000_A3_A5_0-1,5,EGOLIFE2U_RANDOM_PAIR_CLIP_PRUNED_DAY6_10263000_A3_A5_0-1::candidate_04,1,3,2,false,,,Thu Aug 06 2026 15:43:11 GMT-0400 (Eastern Daylight Time),Sat Aug 08 2026 10:46:08 GMT-0400 (Eastern Daylight Time),2853,"I was scrolling through my phone and looking at the ceiling while sitting on the sofa. Since I couldn't see over there, what was the person with the long pink hair doing at the wooden table in the other area?","[""Assembling a white wooden frame and peeling off plastic film"",""Writing on a whiteboard with a black marker"",""Eating a snack from a blue package"",""Folding a green piece of clothing"",""Drinking from a clear plastic cup""]",A,Assembling a white wooden frame and peeling off plastic film,Tasha,https://huggingface.co/datasets/lmms-lab/EgoLife/resolve/main/A3_TASHA/DAY6/DAY6_A3_TASHA_10263000.mp4,Katrina,https://huggingface.co/datasets/lmms-lab/EgoLife/resolve/main/A5_KATRINA/DAY6/DAY6_A5_KATRINA_10263000.mp4,true,day5_7_first_50
egolife_rlhf_packet_ranking_v4,dbea4d3c4ab21c99f39c,day5_7_full_100,HM,completed,48,EGOLIFE2U_RANDOM_PAIR_CLIP_PRUNED_DAY6_10263000_A3_A5_0-1,6,EGOLIFE2U_RANDOM_PAIR_CLIP_PRUNED_DAY6_10263000_A3_A5_0-1::candidate_03,1,2,2,false,,,Thu Aug 06 2026 15:43:11 GMT-0400 (Eastern Daylight Time),Sat Aug 08 2026 10:46:08 GMT-0400 (Eastern Daylight Time),2853,"I was sitting on the couch looking at my phone. In the room with the slatted wooden table and the whiteboard, what was the person wearing on their upper body?","[""A green button-down shirt"",""A white textured sweater"",""A blue denim jacket"",""A grey hoodie"",""A black t-shirt""]",B,A white textured sweater,Tasha,https://huggingface.co/datasets/lmms-lab/EgoLife/resolve/main/A3_TASHA/DAY6/DAY6_A3_TASHA_10263000.mp4,Katrina,https://huggingface.co/datasets/lmms-lab/EgoLife/resolve/main/A5_KATRINA/DAY6/DAY6_A5_KATRINA_10263000.mp4,true,day5_7_first_50
egolife_rlhf_packet_ranking_v4,dbea4d3c4ab21c99f39c,day5_7_full_100,HM,completed,49,EGOLIFE2U_RANDOM_PAIR_CLIP_PRUNED_DAY6_10270000_A3_A5_0-1,1,EGOLIFE2U_RANDOM_PAIR_CLIP_PRUNED_DAY6_10270000_A3_A5_0-1::candidate_03,1,3,2,false,,,Thu Aug 06 2026 15:43:11 GMT-0400 (Eastern Daylight Time),Sat Aug 08 2026 16:48:38 GMT-0400 (Eastern Daylight Time),21746,"I was just sitting and scrolling on my phone, so I missed what was happening over at the table. Can you tell me what specific object the person at the table was handling while taking the wooden boards out of the plastic?","[""A clear plastic bag containing the wooden boards"",""A cardboard box with black tape"",""A paintbrush with green paint"",""A metal measuring tape"",""A trash bag""]",A,A clear plastic bag containing the wooden boards,Tasha,https://huggingface.co/datasets/lmms-lab/EgoLife/resolve/main/A3_TASHA/DAY6/DAY6_A3_TASHA_10270000.mp4,Katrina,https://huggingface.co/datasets/lmms-lab/EgoLife/resolve/main/A5_KATRINA/DAY6/DAY6_A5_KATRINA_10270000.mp4,true,day5_7_first_50
egolife_rlhf_packet_ranking_v4,dbea4d3c4ab21c99f39c,day5_7_full_100,HM,completed,49,EGOLIFE2U_RANDOM_PAIR_CLIP_PRUNED_DAY6_10270000_A3_A5_0-1,2,EGOLIFE2U_RANDOM_PAIR_CLIP_PRUNED_DAY6_10270000_A3_A5_0-1::candidate_02,1,3,2,false,,,Thu Aug 06 2026 15:43:11 GMT-0400 (Eastern Daylight Time),Sat Aug 08 2026 16:48:38 GMT-0400 (Eastern Daylight Time),21746,"I was sitting down and scrolling through videos on my phone, but I didn't see what was happening over at the table with the whiteboard. What was the person at that table doing with the wooden boards?","[""Removing them from a clear plastic bag"",""Stacking them inside a cardboard box"",""Painting them with a brush"",""Measuring them with a tape measure"",""Throwing them into a trash bin""]",A,Removing them from a clear plastic bag,Tasha,https://huggingface.co/datasets/lmms-lab/EgoLife/resolve/main/A3_TASHA/DAY6/DAY6_A3_TASHA_10270000.mp4,Katrina,https://huggingface.co/datasets/lmms-lab/EgoLife/resolve/main/A5_KATRINA/DAY6/DAY6_A5_KATRINA_10270000.mp4,true,day5_7_first_50
egolife_rlhf_packet_ranking_v4,dbea4d3c4ab21c99f39c,day5_7_full_100,HM,completed,49,EGOLIFE2U_RANDOM_PAIR_CLIP_PRUNED_DAY6_10270000_A3_A5_0-1,3,EGOLIFE2U_RANDOM_PAIR_CLIP_PRUNED_DAY6_10270000_A3_A5_0-1::candidate_04,1,3,2,false,,,Thu Aug 06 2026 15:43:11 GMT-0400 (Eastern Daylight Time),Sat Aug 08 2026 16:48:38 GMT-0400 (Eastern Daylight Time),21746,"While I was busy scrolling on my phone, what specific type of items was the person in the white sweater taking out of a plastic bag and arranging on the table?","[""small wooden trays with black handles"",""plastic food containers with lids"",""sets of colorful drinking glasses"",""flat cardboard boxes"",""bundles of paper napkins""]",A,small wooden trays with black handles,Tasha,https://huggingface.co/datasets/lmms-lab/EgoLife/resolve/main/A3_TASHA/DAY6/DAY6_A3_TASHA_10270000.mp4,Katrina,https://huggingface.co/datasets/lmms-lab/EgoLife/resolve/main/A5_KATRINA/DAY6/DAY6_A5_KATRINA_10270000.mp4,true,day5_7_first_50
egolife_rlhf_packet_ranking_v4,dbea4d3c4ab21c99f39c,day5_7_full_100,HM,completed,49,EGOLIFE2U_RANDOM_PAIR_CLIP_PRUNED_DAY6_10270000_A3_A5_0-1,4,EGOLIFE2U_RANDOM_PAIR_CLIP_PRUNED_DAY6_10270000_A3_A5_0-1::candidate_05,1,1,2,false,,,Thu Aug 06 2026 15:43:11 GMT-0400 (Eastern Daylight Time),Sat Aug 08 2026 16:48:38 GMT-0400 (Eastern Daylight Time),21746,"I was sitting in the room with the high ceiling and the guitar on the wall, scrolling through my phone. I noticed you were at a table next to a whiteboard covered in drawings. What specific items were you taking out of the clear plastic bags and arranging on that table?","[""small wooden trays with black straps"",""stacks of hardcover notebooks"",""several sets of clear drinking glasses"",""bundles of paper and pens"",""packets of dried food ingredients""]",A,small wooden trays with black straps,Tasha,https://huggingface.co/datasets/lmms-lab/EgoLife/resolve/main/A3_TASHA/DAY6/DAY6_A3_TASHA_10270000.mp4,Katrina,https://huggingface.co/datasets/lmms-lab/EgoLife/resolve/main/A5_KATRINA/DAY6/DAY6_A5_KATRINA_10270000.mp4,true,day5_7_first_50
egolife_rlhf_packet_ranking_v4,dbea4d3c4ab21c99f39c,day5_7_full_100,HM,completed,49,EGOLIFE2U_RANDOM_PAIR_CLIP_PRUNED_DAY6_10270000_A3_A5_0-1,5,EGOLIFE2U_RANDOM_PAIR_CLIP_PRUNED_DAY6_10270000_A3_A5_0-1::candidate_06,1,2,2,false,,,Thu Aug 06 2026 15:43:11 GMT-0400 (Eastern Daylight Time),Sat Aug 08 2026 16:48:38 GMT-0400 (Eastern Daylight Time),21746,I was just scrolling through my phone in the room with the high ceiling. What was the main item you were unpacking from those plastic bags at the table?,"[""a flat wooden board with a black strap"",""a stack of colorful hardcover notebooks"",""a set of clear glass drinking vessels"",""a bundle of paper and stationery"",""a package of dried food ingredients""]",A,a flat wooden board with a black strap,Tasha,https://huggingface.co/datasets/lmms-lab/EgoLife/resolve/main/A3_TASHA/DAY6/DAY6_A3_TASHA_10270000.mp4,Katrina,https://huggingface.co/datasets/lmms-lab/EgoLife/resolve/main/A5_KATRINA/DAY6/DAY6_A5_KATRINA_10270000.mp4,true,day5_7_first_50
egolife_rlhf_packet_ranking_v4,dbea4d3c4ab21c99f39c,day5_7_full_100,HM,completed,49,EGOLIFE2U_RANDOM_PAIR_CLIP_PRUNED_DAY6_10270000_A3_A5_0-1,6,EGOLIFE2U_RANDOM_PAIR_CLIP_PRUNED_DAY6_10270000_A3_A5_0-1::candidate_01,3,3,2,false,,,Thu Aug 06 2026 15:43:11 GMT-0400 (Eastern Daylight Time),Sat Aug 08 2026 16:48:38 GMT-0400 (Eastern Daylight Time),21746,"I was sitting down and looking at my phone, but I couldn't see what was happening at the table with the whiteboard nearby. What was the person with pink hair doing at that table?","[""Taking wooden boards out of a clear plastic bag"",""Writing a schedule on the whiteboard with a marker"",""Eating a snack from a blue wrapper"",""Sitting in a chair and resting"",""Painting the wooden boards yellow""]",A,Taking wooden boards out of a clear plastic bag,Tasha,https://huggingface.co/datasets/lmms-lab/EgoLife/resolve/main/A3_TASHA/DAY6/DAY6_A3_TASHA_10270000.mp4,Katrina,https://huggingface.co/datasets/lmms-lab/EgoLife/resolve/main/A5_KATRINA/DAY6/DAY6_A5_KATRINA_10270000.mp4,true,day5_7_first_50
egolife_rlhf_packet_ranking_v4,dbea4d3c4ab21c99f39c,day5_7_full_100,HM,completed,50,EGOLIFE2U_RANDOM_PAIR_CLIP_PRUNED_DAY6_10303000_A1_A5_0-1,1,EGOLIFE2U_RANDOM_PAIR_CLIP_PRUNED_DAY6_10303000_A1_A5_0-1::candidate_06,3,3,2,false,,,Thu Aug 06 2026 15:43:11 GMT-0400 (Eastern Daylight Time),Sat Aug 08 2026 17:09:38 GMT-0400 (Eastern Daylight Time),1256,"I was hanging out in the bedroom with the white sheets and the messy desk, but I couldn't see the outdoor area. What kind of ground surface was on the patio where the table was?","[""Gravel"",""Wooden decking"",""Concrete"",""Grass"",""Tile""]",A,Gravel,Jake,https://huggingface.co/datasets/lmms-lab/EgoLife/resolve/main/A1_JAKE/DAY6/DAY6_A1_JAKE_10303000.mp4,Katrina,https://huggingface.co/datasets/lmms-lab/EgoLife/resolve/main/A5_KATRINA/DAY6/DAY6_A5_KATRINA_10303000.mp4,true,day5_7_first_50
egolife_rlhf_packet_ranking_v4,dbea4d3c4ab21c99f39c,day5_7_full_100,HM,completed,50,EGOLIFE2U_RANDOM_PAIR_CLIP_PRUNED_DAY6_10303000_A1_A5_0-1,2,EGOLIFE2U_RANDOM_PAIR_CLIP_PRUNED_DAY6_10303000_A1_A5_0-1::candidate_02,2,1,1,false,,,Thu Aug 06 2026 15:43:11 GMT-0400 (Eastern Daylight Time),Sat Aug 08 2026 17:09:38 GMT-0400 (Eastern Daylight Time),1256,I saw a yellow can sitting on the table outside; what was the name of the brand on it?,"[""a can of Fanta"",""a can of Coke"",""a can of Sprite"",""a can of Pepsi"",""a can of Diet Coke""]",A,a can of Fanta,Jake,https://huggingface.co/datasets/lmms-lab/EgoLife/resolve/main/A1_JAKE/DAY6/DAY6_A1_JAKE_10303000.mp4,Katrina,https://huggingface.co/datasets/lmms-lab/EgoLife/resolve/main/A5_KATRINA/DAY6/DAY6_A5_KATRINA_10303000.mp4,true,day5_7_first_50
egolife_rlhf_packet_ranking_v4,dbea4d3c4ab21c99f39c,day5_7_full_100,HM,completed,50,EGOLIFE2U_RANDOM_PAIR_CLIP_PRUNED_DAY6_10303000_A1_A5_0-1,3,EGOLIFE2U_RANDOM_PAIR_CLIP_PRUNED_DAY6_10303000_A1_A5_0-1::candidate_01,1,1,2,false,,,Thu Aug 06 2026 15:43:11 GMT-0400 (Eastern Daylight Time),Sat Aug 08 2026 17:09:38 GMT-0400 (Eastern Daylight Time),1256,I saw you holding that small white bottle at the table outside; what color label was on it?,"[""a yellow label"",""a blue label"",""a red label"",""a green label"",""a white label""]",A,a yellow label,Jake,https://huggingface.co/datasets/lmms-lab/EgoLife/resolve/main/A1_JAKE/DAY6/DAY6_A1_JAKE_10303000.mp4,Katrina,https://huggingface.co/datasets/lmms-lab/EgoLife/resolve/main/A5_KATRINA/DAY6/DAY6_A5_KATRINA_10303000.mp4,true,day5_7_first_50
egolife_rlhf_packet_ranking_v4,dbea4d3c4ab21c99f39c,day5_7_full_100,HM,completed,50,EGOLIFE2U_RANDOM_PAIR_CLIP_PRUNED_DAY6_10303000_A1_A5_0-1,4,EGOLIFE2U_RANDOM_PAIR_CLIP_PRUNED_DAY6_10303000_A1_A5_0-1::candidate_03,1,3,2,false,,,Thu Aug 06 2026 15:43:11 GMT-0400 (Eastern Daylight Time),Sat Aug 08 2026 17:09:38 GMT-0400 (Eastern Daylight Time),1256,"I was just sitting on the bed with my phone and a white power bank, but I can't see what you were doing outside. What object were you holding and working with at the table?","[""a small white bottle with a nozzle tip"",""a black remote control"",""a yellow soda can"",""a blue snack bag"",""a pair of scissors""]",A,a small white bottle with a nozzle tip,Jake,https://huggingface.co/datasets/lmms-lab/EgoLife/resolve/main/A1_JAKE/DAY6/DAY6_A1_JAKE_10303000.mp4,Katrina,https://huggingface.co/datasets/lmms-lab/EgoLife/resolve/main/A5_KATRINA/DAY6/DAY6_A5_KATRINA_10303000.mp4,true,day5_7_first_50
egolife_rlhf_packet_ranking_v4,dbea4d3c4ab21c99f39c,day5_7_full_100,HM,completed,50,EGOLIFE2U_RANDOM_PAIR_CLIP_PRUNED_DAY6_10303000_A1_A5_0-1,5,EGOLIFE2U_RANDOM_PAIR_CLIP_PRUNED_DAY6_10303000_A1_A5_0-1::candidate_05,1,3,2,false,,,Thu Aug 06 2026 15:43:11 GMT-0400 (Eastern Daylight Time),Sat Aug 08 2026 17:09:38 GMT-0400 (Eastern Daylight Time),1256,"I was in the bedroom with the white sheets and the messy desk, but I couldn't see the outdoor area. What kind of ground surface was on the patio where you were working?","[""Gravel"",""Wooden decking"",""Concrete"",""Grass"",""Tile""]",A,Gravel,Jake,https://huggingface.co/datasets/lmms-lab/EgoLife/resolve/main/A1_JAKE/DAY6/DAY6_A1_JAKE_10303000.mp4,Katrina,https://huggingface.co/datasets/lmms-lab/EgoLife/resolve/main/A5_KATRINA/DAY6/DAY6_A5_KATRINA_10303000.mp4,true,day5_7_first_50
egolife_rlhf_packet_ranking_v4,dbea4d3c4ab21c99f39c,day5_7_full_100,HM,completed,50,EGOLIFE2U_RANDOM_PAIR_CLIP_PRUNED_DAY6_10303000_A1_A5_0-1,6,EGOLIFE2U_RANDOM_PAIR_CLIP_PRUNED_DAY6_10303000_A1_A5_0-1::candidate_04,1,2,2,false,,,Thu Aug 06 2026 15:43:11 GMT-0400 (Eastern Daylight Time),Sat Aug 08 2026 17:09:38 GMT-0400 (Eastern Daylight Time),1256,I was holding a white bottle while looking at my phone and then headed out toward the patio. Did you catch what the label on that bottle looked like?,"[""It had a yellow label"",""It had a red label"",""It had a blue label"",""It had a green label"",""It was plain white with no label""]",A,It had a yellow label,Jake,https://huggingface.co/datasets/lmms-lab/EgoLife/resolve/main/A1_JAKE/DAY6/DAY6_A1_JAKE_10303000.mp4,Katrina,https://huggingface.co/datasets/lmms-lab/EgoLife/resolve/main/A5_KATRINA/DAY6/DAY6_A5_KATRINA_10303000.mp4,true,day5_7_first_50
